{
    "b972e2ba473a4974bc7573f4de739abc": "a fast shutter speed",
    "0f52ba11790d4329a176dab862cf963d": "very angry with me",
    "4e844dedbf5a4d49b9c8ad22979fc365": "Dr. Larson",
    "959b539f1fbc42e5abdc6163ee8067ac": "a serious eye problem",
    "df95eb0f694b4160900e475af9fd6cea": "Muddy Waters",
    "988df9bf5f9343f1abca3a60c6fb1267": "five",
    "5355339ce55847f78e24aec07f9092f9": "two",
    "2b0fa2b3322b41cfb485b9b0a61e351b": "Congress",
    "d3029a1b899e4b8aa7c0d1a292bcf4fc": "modem",
    "11bdc11deb854a348be8d13b7f872df7": "stop 3 million children from smoking",
    "ed031859f4b64411a6fe1241e00ae460": "Smoking",
    "8b3bef44c5774562afa3ef46b81f5ae6": "3,000",
    "941588f22f2f415c9a45c59ddbdf252c": "3 million",
    "8ab5e08031c048d185332712305a5441": "fishing in the 22-acre lake near Ringwood",
    "a7ccfce51c4b40458d43b62ac16275c2": "water efficient",
    "94b63da90b184a91a875e92672fe74f6": "\" I 'm Sorry I Have n't a Clue",
    "e10de2e233404c819d31900b3637dda1": "4,000 miles",
    "93caec7b9c3a4ffe880fc99b0419d2ee": "popular place",
    "b211c19766554ae5a2829c70e293e2fd": "the city",
    "1d93ebfbba0d430eac619713e679ccb2": "sad",
    "fc871cd16fa849b6b002b777093750e5": "sentences to paragraphing",
    "9c8bc19b971c45a38a66ec654c9e65db": "yard table",
    "f539704b7568461380d74295633f8b58": "Theatre Royal",
    "06a9e14c675941c595398d40583fce29": "autumn 's hottest ticket",
    "38c3e9905aab43b5ba90e996387facd6": "Laurence Boswell",
    "88b09517b5a0454b93ad195efe451ac1": "8.30p.m.--10.00p.m . , Hampstead theatre . Box office : 0131 248 4848",
    "05136a6fddb3464d843c84eae5710757": "Monday - Friday",
    "2b5bd91c586b406e9a3b3ae74a737608": "classroom stress and parental pressure",
    "b71beef967d8456e8b50fdf5a319b211": "on consumers in 16 countries and regions before Games ' opening ceremony and after the closing",
    "88b81dae57a841758c89a9f5df6f7482": "China",
    "dfa890a4c08f4bdfa641a6af72072d4a": "Robert Dane and his Solar Sailor were given the top prize at the Australian Design Awards recently . The Solar Sailor has been in use for six months",
    "13a3715f8ec842ff9274056d04a8234f": "Easter",
    "5c463760e80349d497397d2783bf685f": "English",
    "f5228bbc80084170ae5c86287de8006f": "Australia",
    "1b5d5a83de1f4e1da3be9b839cd42acf": "Guided House Tour allows children six - year - old and older to enjoy the house with their parents",
    "1ba596a787b94784ae39ac3683fb1284": "good",
    "b72b6e3ccfe54719bf62dc0316b6100d": "Irwin Winkler",
    "10e55efe9072412ba3d4b3e7aafdbe5b": "Kung Fu Panda",
    "1fc390612ea3453da571dbb7af715295": "Kung Fu Panda",
    "f1fda1d143a74a20bb13a22602ee83f2": "Munich City Sightseeing Tour",
    "12e16913fcea49b78025c849951b3ac6": "Russian",
    "a88b8b84aa80443aa9d061ae0245d5c7": "Site Supervisor",
    "e807a5267369445a8c6fbd8233703276": "Susan Linn",
    "4e184eb2267f4f6d8cb2ba8bd9386922": "PHILIP ISLAND TOUR",
    "5400355608884ee5864a7ed1b48753bf": "sociology",
    "bc14b1ce0294456da47d5c473a76fbf9": "Good heavens",
    "305ca0f3233c4045af324bc8412061ab": "best wines in Canada",
    "9fbe7007dcb34499b730ef2fc2db2768": "Festival International de Jazz de Montreal",
    "0713785057ef4d009aa5255b7b38fdbd": "quality of work you do",
    "5dfc1cb82cab423d863d9f0de51fd9e7": "First they clean the stones with brushes",
    "5e83058255df407194d1997705ac41aa": "experience",
    "f3a4f88c872545f2b15953072622f0f7": "hundreds",
    "8b792276618d420d9deb16ba0ddd1e72": "if the density becomes too high",
    "1dfbdce97593421c96e1b5016dbd784d": "Hong Kong 's Wong Kar - Wai",
    "3ee4fbe3ab594e59ae6f9e0004a7589f": "Say Yes",
    "94a4279784e842efb4bdb1c49de1621a": "beginning intermediate or advanced learner",
    "b57a4a1a74304d6087e33395d309d1a8": "capsaicin",
    "93c90c1e1b704118b9b7ff4bd0ef94b9": "Jeddah , Saudi Arabia",
    "ef245a76f5764d329cc501758392c280": "entertainers",
    "2cd451e43d8a4324a58402fe09114017": "12 feet 10 inches",
    "dc67052a6e0a486e9e27198a4f75d841": "Lee Millington",
    "61720412c3d64a679c458d2fbe9397b5": "Ultraviolet light from the sun",
    "9309a6fb19184cfaa5425427edbf6a33": "$ 2325 to $ 7642",
    "823431452c274c40a6f57f937997fc99": "humdrum bubblegum",
    "de7820bb81164ad8a520e4c4667dee96": "$ 14 an hour",
    "568860dc43894b109ecea693fe0c16e2": "Henri Almeras",
    "284401e98562410aa4dc634bddfa3589": "soft music",
    "ea4a403dcddb443ebab99c790c6564bb": "childhood asthma attacks and preterm births",
    "e97868a9de3843fb83c9bf8a598182a8": "Weekly",
    "ea6703740fee4489999767c8f0c8c77e": "40 %",
    "4fc8a44b949c4eddb3dac7b79de3de4e": "nomophobic",
    "f9674ce0c8ca4bc1b7f05ef7014908b6": "nomophobia",
    "b15a27585564410b81780382a56511b0": "Pops",
    "5d44478d58184dafa4373f18ff533072": "Firefly",
    "f4536f1002e84e0ea74aba979bd89468": "workplace violence",
    "53e8b96a45474809884f01717b4e3c2d": "health",
    "62792b7b28f341489224c6c5d255db3f": "its design culture",
    "817b42d7c6c64c3ba0b65edb32d6a935": "parents , friends or relatives they might be with . We try to follow their movements and to find the last person they saw in local or national papers",
    "675eceddc0474aebbd0aced3377bd7f2": "I feel much better",
    "c983cd2222ae4e6eae04c337036f6f33": "51",
    "53613eaef9f642299f9f9cc65ee2e964": "hungry pigeons",
    "e9c842e6d578472192de8e55dbe2aace": "many people attend New Year parties",
    "aa86516d80e1403dba50b2fb6c91ea8a": "stable life",
    "03a49b33706e49749861f1652db9556e": "Two",
    "3a9151b6bbc8412890c5163ca87973e0": "when their children leave home",
    "154ed5df40904bbcb27dba2e8587436a": "66",
    "f5f43e730c66442392761cbfee7c847c": "her birthday",
    "86822d482e9d4704bbcbc8bc3fc26d85": "her birthday -- ten new pound notes",
    "2588930c9cb640c48a1c14a8231c54db": "a river",
    "1915b4cfd9614deabe740e081c627042": "two or more",
    "f165559fdf5345e0b067564fc086a9d0": "sports , film , or pop music",
    "f7097cb48be048469561e1d24c577845": "Sunday , 18th September 2016",
    "c7b5bfd70dd94d2399bcbfbd1ca2df98": "the aesthetics",
    "537118afd6bd44aabbcf89ad19a98ad5": "tablet",
    "53a8a9fe6ba0429fac6f2e6bc9b8269b": "Nexus 10",
    "812e876acaab4f69ba6da24c7c44b073": "basic glossary",
    "a173b9beb176419daf9cb16ba7b04e11": "appearing to enjoy her meal without actually eating much",
    "62232670e6f74e4f8b36e77e45dfb8d7": "to work",
    "a767cbc910ea472f8af7034785d03529": "Having a strong social group",
    "15ad9584c174442284986b5f60ed2e2c": "Serena Williams",
    "ace0a0ccba104399ab2fa0db22c12452": "Somehow going there would make her life",
    "61b614ad19d743b99c4f1b307dca670b": "east London 'S Olympic Park",
    "ab6d82a568374be5b9f3de12da52d0b8": "most American parents",
    "7bea73602701476287b6c88fa548beff": "An experiment was carried out at British school into the performance of new pupils",
    "88237c00244044cc9c292f7e384d8fac": "silent , withholding type",
    "d2d2e045ecb64a97b896429e3f4f482c": "the door of the house",
    "c4d30905262c44ce96a87b48ae694197": "when you are in college",
    "3af2cdb339b24168818fccbe0e9a408b": "10,000",
    "6d3a12d1cc0648a1aa36f027a34b0cb7": "Aava Whistler Hotel",
    "a927a1b02609487a8461f2a669907d49": "Hello , Listeners . Welcome to Henton Hospital Radio",
    "10764fb8234d4ac7b28cdf8f0e6c1f28": "music programme",
    "9c4781e4d31a4f7b899170e16351982b": "hormones of pregnancy",
    "bc4d7263c6dc4eb88af88d9e49f450db": "three",
    "53821af237a54dcb91d3ca8cfa2509c2": "GCSE grade C level we would like to talk to you . This position is equally suitable for a school leaver",
    "b8956422d72648d78866d5af9f414ccb": "weave",
    "a903e5b2e170424289867dd8e751cba0": "Apple of My Eye",
    "f97b3444ac8f400dbbfc6ee29599216f": "bus , ferry and train services all impacted to varying degrees . \" If you are planning to use public transport",
    "7a13950a8cec4603aac9085f2f0b9f91": "Russian",
    "3c060f8f033345a8a16d31b89fa63d50": "BALLET PUMPS",
    "9293947727f04423b44a7e7ef99da4c0": "library",
    "d9c3ff0f97f54de88263ff495716133c": "Ali",
    "b40f56e937fa45b59a965ce7e7369f83": "autobiography",
    "32137f8962fe4101a8efb30e742c8bb5": "nervous",
    "3372b6a3133549f4af5df9b725757e8e": "The whole of the recorded history of the human race",
    "b65b933a7b15401790b44f243f3e3e96": "They are despised , mistrusted and even persecuted by their own kind",
    "cc7e1bf548c242af8937d7c2b6851563": "Whitewash",
    "eb20be07280d41fb85564eb932e0677e": "A picture of a smiling baby has helped sell countless jars of Gerber baby food . When Gerber started selling baby food",
    "65a4dff919b74720a3842eb468585460": "rain",
    "0dc65b6804124057865114e7b784405d": "Bean and her best friend , Ivy , decide to create their own camp . At Camp Flaming Arrow",
    "acda9f8ec8724e25b7a84c8f7cc8ee5b": "1980",
    "012f2944d0b943ca8120b866124b5525": "a 27-inch table computer",
    "f6051689745b4ff6a657a1a366d7f7f5": "Apple founder",
    "e895316889ef487a92c564ea2098c3d6": "a seaside village",
    "b7f3e58bd05c46fb89bd2da764c3ce11": "HIGHLANDER MOTOR INN",
    "51039e661f1641f29d098d1eb4e03f86": "VA Square METRO Station and Ballston Commons Shopping Mall",
    "06af217508304cc8affeaaf38c3a877f": "how important our houses are to us",
    "e8d78fcfa36e409b820cc7e9460c3729": "they believe it will lead to more intimacy",
    "6994b95e5a754501bc20cbb50dc703d9": "less definite",
    "58d1e2213bf24d40be30551735fd4094": "state lawmakers",
    "367b75cf7bfb443ba53d384c05d29b28": "Agatha Christie",
    "ba7249a630324ead961cba861928b4d5": "The Andes in South America",
    "612953ddf06644988b49d6ce21a814f6": "university degree",
    "1421e298e9fd49488cc1512ca88f6533": "Welcome to Beijing",
    "4b3c1e18a1b944bc8b265573ec9b182f": "imitate him",
    "1f95826ec2f7406ea9a0935847c5f497": "Liz",
    "a47ddebcc3b74dafa5251ef1137b5160": "Texas teenager",
    "b2f5166a783b46ab897fdcbdb38114a3": "education",
    "b6dd2c15f9924d918e9c788b22dcd9cc": "PS3",
    "602bdf6a69814bbe9001778ce8b481b3": "chips",
    "23a689012f1d4b75a0e81907ccc7890c": "seven",
    "088fcbdaad6e488da8358ee2410f2582": "hundred",
    "d1daa730968d4a1896e140e2fda4919f": "Jenna",
    "60f4d5b03a6240408188c5e90cae7231": "an accompanying app",
    "4cb3c13250a24b8197fac748850cb2cb": "building water - efficient rain barrels",
    "c4b13112ab354678bbde06a08f24d459": "Internet advertisement",
    "55df8e3a118f4573a4bc4003fa22619b": "Russia",
    "2d33427144c147b9af07bd599df6a420": "National Friendship Day",
    "68921b73dd7744db92145a7ef352234f": "cruel and disgusting",
    "3322a1ba48474515ab5bfb8e020c7585": "Some things should be read slowly throughout . Examples are directions for making or doing something , arithmetic problems , science and history books",
    "06944a0947904cc39cf468848058d8f3": "good for us all",
    "a462002aee8d4755b5f4a17d81f0fafa": "43degC",
    "f1f32fe7e509410c9100d8b34c46a29d": "an essay and a multiple - choice section",
    "3a0b78ac3a6e472ba8ac0f528eeab6ba": "points",
    "e4544b59a2814bda8e17a1bcdca17461": "a dollar",
    "ffda80613026482ab90432940d21c187": "Son",
    "571a25a37575492a8cea3e617db84712": "Technicolor",
    "d3de826cd78c40279beb5a2a04a344ca": "Mr. Eckerd 's house",
    "86b390b5881641c0adb130cd7404a3fb": "264 - 6555 _ Swiss historical village",
    "287dd96b8d6348acb5164024b9644e33": "Boston",
    "dd067dc68213477a98280e33a2a6ae19": "Joanne Gordon",
    "5d2c065ec1d444e1bca75374fd5e8282": "University of Miami",
    "1f70988788c1425fbd470a9bfeda03aa": "one week",
    "f69d72de082a4fe6bcebab8301ca52d1": "dangerous number of people are overweight , many people seem to have forgotten the most important way to keep healthy and slim --- exercise",
    "60e799658b51454dacc41838ca0d6c68": "They have been known to continuously hunt for up to 30 hours at a time",
    "ad16749504f54c9abb91480996fe246c": "Roman and Greek ruins",
    "20350dc235f34167a16b965d6bd16422": "Ruby",
    "88149bd5656b442d8ca97865bff49727": "in a pub",
    "ac82392c56e342bab14b448b734eb273": "Your Money",
    "5fe64b109d0b452fa19d11c16de2b9d6": "a horse",
    "5be268f578864044b0b575da170e9b28": "near Havana 's Plaza of the Revolution",
    "37aaf814e25646f0b0d243b54b975cb8": "Halifax Playhouse King 's Cross Street , Halifax",
    "11010cbeef5647248592b0272568916e": "The Secret Diary of Adrian Mole",
    "7df458cb0fca44dea1d21c3b945cb706": "an email address to start",
    "8fffd4366f444d1081ff3212be5b8224": "veranda",
    "86893419619a4c9dbffa8270fa424138": "wok - shaped hot tub",
    "6b3defb7ff354ebe935d3b89d9aea066": "China",
    "1aa6aff0346e481db73d37d804d9080b": "limit the use of e - books to the person who bought them",
    "9827ca22e6b24491a42f09cea508955b": "students learn English at school as a foreign language",
    "f335c89ba6614f4a9d26de184e0e3a6d": "clean air , pure water , good food , our health and the future of our children",
    "3ce0839cf8eb4df8a62e8b5434c222f2": "communitygifts.com",
    "1c3040d634c942dd95b347692592d8eb": "630 - 571 - 5466",
    "88c010cae5e6477d819dba957152c2e1": "style and elegance",
    "7aa871c0d6af4e308231e0d8b7e28c23": "When put to music however , and sung in a rhythm",
    "bdfabe9926b3404db68cb6563ee75d18": "Saturday",
    "9553caf3c8214d588bb115e988539c34": "flying color1s",
    "db64c40619ce45c689820d2789138b6f": "Carnegie Mellon University",
    "6c28bb3af4724240b046f7ebb7f4f309": "three",
    "38198d671981444bb31acd747e0c2432": "Thailand",
    "83b4466e70ff460d8c2ca3e92afe6f78": "The combination of friendly people and splendidly visual culture",
    "98531ac107e14433a103d2da42936d52": "Lisa Benton",
    "16430ce7c5144907abb8a576e86e349e": "PS50",
    "c257aa4e973c41ed9bc7cba340dfed37": "Debbie Hall",
    "67e531eb821441588e94da453c682cdc": "\" A Prodigal",
    "ffc3f3b9592e4fec814a339c4b2c8f11": "French Revolution",
    "33e002dc47084e0e9c3e457d931a7860": "QQ , e - mails , and text messaging",
    "1c816be9690d426b85e3c3b41782bea3": "MSN",
    "445c2cb1c4264edf95fe0739c4c95154": "British",
    "e6fa215b601547fda41fc5c976e38a8c": "Minnesota",
    "76a2098d8ab4486597d7f1c00659d2ad": "Environmental Club Club",
    "415e71254442487fbdb3291e304a66df": "reading notices , newspapers , timetables , letters , price - lists",
    "9fea346932a54b708d540b5fd58c2a70": "onstreet waste receptacles",
    "eb088b6dc60641d68031174e19ae4b70": "Saturday",
    "a60761960567475e997af2be2909164c": "reading",
    "5c014c5a43dc4541a2bf9d70c40f1931": "legitimately struggling or not",
    "18bd6f7d01e24b85996e98f4e5b67729": "1.3 billion",
    "c5755c565a8145b98956c872a582bac8": "third stage---- the recovery stage",
    "ec18f7fded674266a9f0bf63b6e728cd": "Mon By Road",
    "c4bea4f914314c93bc36b8ea95b22658": "by its tail",
    "4aca2df22271492c995df922ba054ee9": "fish - falls",
    "2c8b3759f556479fa57a17dacbdfb041": "his dad",
    "b3bfb717099b449d83e7cb6cef80d414": "kitchen assistant",
    "5bbfb58ab0634a4f9a0e1451fc09b36a": "once a day",
    "3b4008834c604611923ef1e37ecaf8b4": "Brazil already had the potential to develop . The Brazilian Empire , Pedro I",
    "27e27c67fc784aca9cf054dca4af9869": "$ 28",
    "2673c17689764fe28e179e19023165f0": "a toy",
    "1dbca61aa065440bbbfeb213f6201da0": "Rudd government",
    "7356bac891024872ba45f7a6c5a56356": "Ray Nias",
    "4627ba689ba54c3694b9abcb554710c7": "Brent D. Glass",
    "2341d5d70a11480db9eccbb0921780d4": "blue",
    "fa8b7f02bd2c423298452eae9343184e": "we fail to realize that this in itself is harming them",
    "4e13ba700ca64ab096e4fc7a3ab0d748": "a professor at the University of California Berkeley Philosophy",
    "382c6c8dcd9845f19f69225ba2d920f8": "an island",
    "60d08cd242814038aa3695167932af0c": "Lisa del Giocondo",
    "6a28391df4774f60b65237820e50c295": "Dr. Armin Schlechter",
    "a4013e78b0c9468485b012183238556f": "paper cutting",
    "af888f9615ad45f7a76ea29eb5b7023a": "an entrance visa",
    "b5a72837ea0f43c5bf6114d1c92490b1": "hard physical work",
    "0d8da439cbe140d28e798a8b5fb03e33": "Winslow Homer",
    "23ad18c949bc4300afb8f8bf95e5aa60": "mapping surveys",
    "1b34ecf99bc54e9a8b5ce2f1bfdedb68": "Hawaii spinner dolphins",
    "f35c3a3b998346c48900177a5f5c5d2d": "oxygen",
    "aa06c8d6726a43dc9fa1f84f1de3dd61": "coffee",
    "2616a4a32da14c778b44bf27676d3689": "about once a year",
    "0ef4f88a57b8453ba2c3aaa4c9960574": "Lucy skeleton",
    "216c069c16364df78e0b07943ccfdda8": "algebra and geometry",
    "13d13cc0cdd84151813aa1c7109f11e8": "Benjamin Franklin 's Pennsylvania Gazette",
    "8ce36ff89bb74c46a7dfae16903b0486": "1994",
    "19f6fa874eb94cadbc750964c939575e": "99",
    "99560e0c075e430c89d66f22d9b94de2": "autumn",
    "7ac16e99ad03420f9ada055edd3aff80": "Angkor Wat",
    "a6738921c50442fe9fbd6dee8cf0dd65": "Andrew Zuckerman",
    "1eda14d068f443608ff19ec09f8295fd": "highly trained professionals",
    "80a496658d2946cc848442ad199acf70": "postcards",
    "1ead36fc2f8f4e1fb674dadcbc247511": "Nationalists",
    "47d3b33a6c8249ac9e3026571e48239e": "city has something in common with Los Angeles",
    "fcf5e4b754574a04a07a244f29319973": "game warden",
    "c2aff95c28994b4ea7023a3d06df1a76": "complete dodo skeleton",
    "00cd8e6abd0f4ee08c3e6fc9bdeb212d": "April 20,2013",
    "32235374c0d14dd7bc20df6d2121dd48": "11,826",
    "f6166240649b43bdbc8f801a6b14090e": "43 million",
    "d7bde76250a14f4a878fe8e52757cec6": "Maui",
    "ae75beb653e14c65a7d4aadae3dae9da": "Tolerance and comprehension are encouraged . Italy , on the other hand , promotes respect of authority , control , and the need for permission",
    "209871c93a954b10afc689560e0f4ac6": "lawyers would disagree , but doctors ought to let their patients know when they 've made a mistake ; it humanizes them and builds trust",
    "555d80cef6ac4e1f991845c50c413bef": "London train",
    "e9fa175713f34e9382d4ceb379937f5c": "18",
    "cb3a57d893e4427188c08d48e60a5c8e": "super - British handshake",
    "385a6f052d8546e8a0530cdc7d7962c2": "adaptive ability",
    "fe3cdc7aa242469f87d33312ce57cf9a": "The Guardian",
    "12d01b767ef5430d8d6ba5565edd922b": "romance to comedy",
    "2af3df0a81f946659e884ac7b4236c48": "Pay attention to any relevant information you can find",
    "c7482c0581e94f1e977234b57ccf9d82": "10 weeks",
    "20c1b9fb8b4f4188a4148639e73491ff": "Public Health",
    "38489f467bb04d9b96973e5f0e871935": "$ 39.00l",
    "010b12cf3387448fa1a664966d32f06f": "things",
    "78a622bcbab149f7afd5bfba7cd68b89": "blog posts",
    "a2fbfae05a394f5a84e563416e16f760": "ROBOSAPIEN",
    "809cfd6da3934e50b8ca6c1626064f09": "Europe , the US and Australia",
    "fafcd5eefc93407582023c48da66d48a": "person 's height",
    "ffaf3fb9c0984cc5acb74fad0e5da194": "a particular incident that stood out in their memories . That evening they wrote in their journals about the incident",
    "bb5151a6e89544b091b2faf26add654b": "chip inserted in a young quadriplegic 's brain",
    "b1b27cc061fc428a923c251dff966d25": "Brain",
    "e7fe0fe4d88e4806a59bc1dc9274717f": "book lovers",
    "041c7973ec734c968ba0c830691fddd4": "iphone and Android",
    "deb9f9f0c0244f7b96b33e7830317fc7": "color1s of all sorts that are meant to turn heads",
    "b4ce923072d44e59bff5dff4cf2cdf3f": "to stop robbers from finding the treasures inside",
    "f2fc8e0f2bc9404b96a74c8845bd9f29": "solar energy",
    "05bcd6c55aba496b9028abef381393a2": "potatoes",
    "2f0f469cc5ea4b799b2f8583a81c20d7": "will travel faster , be capable of supporting longer operations",
    "fdd0823bacaa46839e0e183f8f132559": "age can not be the answer . Other people think the secret to those violins is the wood",
    "87a832e021b94080a78b09d1b7279369": "girls mark their fifteenth birthday",
    "9cb31c0e8df0437d95a2e7692f3e32d3": "family life",
    "fabeff8d6b814b3da8b29c7644287106": "family life",
    "3cfb4ff0ab9648219fd7698be9c82871": "repetition",
    "15576a19fab34ff8affdaf3ad3a935cd": "Sandra Day O'Connor",
    "7a1403c098a94469beb80ec1a32b0b87": "going out of business",
    "5b164eeb3e65428b9f97d08b6360c534": "the dream",
    "d609fdde979a44debeefb3f33d0ef2df": "Police officers",
    "fc6016f9cb1848f8a6918c3ab6f6c478": "his priest",
    "ea79c8bcb3584254b45304555d98b214": "Velcro",
    "71290b8146b148b8a44fad14a358c037": "ask someone what they collect",
    "826a105e36ab4d95994fa58c6dc75836": "tilefish",
    "e64257d397f04b71bb373f8128b8e170": "Today we can talk to several complete strangers simultaneously ( ) on chat lines",
    "ea1d96caa223429eba32e0a1b2ef1067": "violation of the clone 's right",
    "33e7cbeb96dc4751a318e9e0c23a505b": "Cloning",
    "357d0423bdb74407aa1a250044e80889": "beauty is an iron mine",
    "17ab9b7434e24c67abc9e4e6b464f4d1": "Japan",
    "49163c1919d64e7db1eef7370395995b": "reports",
    "23f439494e884ebb8749037664497d2b": "chips",
    "2f10f57dd55f4c62853d79d9fd0de7e9": "Leaflets",
    "b0c0c4994b0440fea2d71bf924d95482": "two students committed suicide",
    "57525fcad642462e94e7d158bb7e522d": "between 3 pm and 6 pm",
    "9ae9c5b087364b208be6616672133703": "dehydration",
    "db1843c46f1142df8f735b867b096c25": "Mary Sue Milliken",
    "af8b1ed47cc944589edd3cd2b6a9e9c6": "466 - 5666 ( 630 ) 654 - 8036",
    "1b079eea653d4325aea45d6fb2556eab": "Judy Foreman",
    "b632a62b7ca74e1fb6dfea66601f9392": "American schools",
    "33e59dc9c1a143cf8cd032e5d3dbe7fb": "Happiness",
    "b48cc6ba58f2496193e521133d599828": "science project",
    "8f752987f7e049b19a0ff1e6b5b88f32": "City of Fantasy",
    "02a0e8d5633b428cb6162fd4880d90e9": "first map of the Gulf Stream",
    "db196e86327a467987e14f59f5d422a4": "789 - -4536",
    "17eb6c9f8f78465cae189fdf357021a6": "Black Horse",
    "3134c5d599a849b2a1e6bed650e73eca": "Italy",
    "f3a22e804344457abebfcec30949fa3d": "Colleen Pulliam",
    "1500ced3e5df48fe8d9f4b4becb28dd9": "the end of their eighth grade year",
    "6097759890334e26b9a879ada1fb322d": "bombs",
    "26e8a9dccd6e45e5b8b6d3af2a0a5c7f": "the user 's eating speed",
    "6486461b58b641bc88383dd5285d04c4": "biomedical sciences",
    "a5631282af41484e8798b979ad7865a4": "my daughter has made so great a difference to a person 's life",
    "a926497eb5404575b6fa959ef17feda7": "73 billion kilowatt -- hours",
    "2342689bb0d74e1f893cdae3c8504cff": "obesity epidemic",
    "cdbc81c8544f4f5395366a04a017f0d7": "to buy food coupons for eating at some nice restaurants",
    "aaf1571a19184e758942145351abaa26": "our PE teacher",
    "ee745222b52b45489640d9deee6e2d0c": "Charles Darwin , and asked for help with developing a fingerprint classification system . Darwin refused , but sent the letter to his cousin , Sir Francis Gallon",
    "09a51a8ab3a44ba48e2f43ccdee380b4": "Dominic Cooper",
    "331722b92b4a4a2396caed4bebee53d2": "What 's on",
    "e274c86ce135417b9cda9da4d2690133": "kinesthetic learner",
    "a03b94c6716b4a83a6ead23c50deff18": "human pollution",
    "5a7c2485f39a4ae9ae40ec4aa51bc934": "design requirements like more natural light for students go against the realities of a desert climate",
    "bd5bfe6f75f449dabae8d702c74ec712": "our relationships and our society",
    "5027e06c92df4a56b9f2c883315f0bd8": "the future",
    "42b202c3e21040d8932affd0e9d641b2": "10",
    "762f07df004346bca1509e1a3ddd6b16": "Burj Khalifa",
    "93a1cc87511942d9a14bab4f5d2ba17f": "Oslo",
    "8901a6294f2c47fc8aeaa3ddb5bc3a3f": "friends",
    "909a511b540e479ea4b26a50109e41e0": "Academic English Academic English",
    "cbeba94c66fa4c61a14613dda53e7e2f": "slide into bed with a textbook or notes , read for 15 minutes",
    "706cee4dc14344d0ac73d402ae60fa87": "Do not do to others what you would not want others to do to you . \"",
    "7451748792574ac6b23c41eeae177942": "tough and smart",
    "7cd3b0d9cbd248d7ad1eb131b2fa308c": "I would wait until an appropriate kidney became available , or I would literally die waiting",
    "5c850aab12ff4029a3c4a257907efe66": "Five",
    "e6bf6e01ab754d25a5a13e403b896bb1": "I Want You Back",
    "5ae7373e470c46b195004265a966fc33": "he was too famous",
    "5e63e3c5724a4a45a17dd4beb0f95d22": "apple skins",
    "daea9aa373a542c181eff9252d9b416f": "white - collars",
    "35f84a81a341447fa15b11e24206b357": "Hazy Shade of Winter \"",
    "c65ee5c7d36d40bca4ce752410523064": "winter wonderland",
    "667b96ed3edb4ce5b1522e7dbb5f2269": "yoyoyoyo",
    "099fc996869e432d8854e7f4329d90b0": "Latin America",
    "b9d530d12f7546e585b1a61465cd1fb4": "businesses",
    "1fdb085c144a4f28a6a7d4d9d644804b": "China will become the world 's largest e - commerce market for imported products",
    "2e2446f9ef7d4ea9b648d189e14d45e8": "I was walking along Fifth Street when I remembered that it was necessary to buy a pair of socks",
    "b16433a8f74b4224ac507385a1af6565": "psychology",
    "502a5d97060c4f189c6539a9eae44af3": "My grandmother",
    "0fe6a9f8ce27439aaccd8fb02d6602cc": "Blue Lagoon geothermal spa",
    "77cd802f9e634ef6a0b2ba36ccc8c1a7": "Adventure Aquarium",
    "ba120d0c39014aa9ad1bb7608f299d2d": "Prime Minister John Key",
    "183d30b4f3bc4e45979b29081049946b": "bad flu",
    "2f6ad55549d942ea9b4aab53ddb99f1d": "new technologies",
    "392d071023414696a3e7a095d75fb1a2": "Leyland St Mary 's Catholic Technology College in Lancashire . The 1950s science block",
    "f0993b90c64c4af3a8a71856f4369123": "limiting the number of sports to 28 and the number of athletes to 10,500",
    "e47b18380df642a2927dde83a9c3305c": "Australia",
    "64e82b55bf1c4f2cbadd705671984c28": "climate change",
    "87aba746f3394e898af7970df53c89ca": "Middle East",
    "865eec0e7e5f4421b296ce647b1f3709": "pull of gravity",
    "656595430d8147f495fb09afa96fe59d": "cowboy in the west",
    "040606540ef545248ac828d9e1f46c3a": "fiber , iron and vitamin B. _ Vending machine customers ate 4 % less sodium",
    "aee2fe2c2df7496da4a84096ba3de5e7": "anyone but ourselves",
    "667859f9308442599726fb4cfed4611f": "second",
    "59041202e1424565a7cc0a8e93ca2c3f": "Nikko National Park",
    "32315ac63dff43e9827d96f55a4a9343": "letters . Standing by her chair , looking at the ink bottle , pens , and white paper , I decided that the act of writing",
    "7653374566cc457985ca9c0c2bedbcc0": "United States",
    "844fde4701bc4f52b16d9dfdfa2b6cec": "cooperation",
    "0695b9e0b457409d9c3949e40618de00": "an 11 - year - old - boy",
    "c37087e5d9b84a6b996efe420f403cbd": "soda",
    "f03d865316d94bb29c366341c10e2fbc": "children",
    "621de7543a8445469c1ebf927a623135": "To be or not to be",
    "df999aa0c2af4e83bad73657f31251cf": "blogs and facebook",
    "3c64823888874e2a8c9831cbaae95e34": "India",
    "c0a9bb2eb5db46af94a95aa2677665b9": "fear should be properly used",
    "28645e1a028c4c88a975b8ed099a0760": "medicine",
    "4d30303a05944628a0fb5dc61b4dc575": "Wealth",
    "cfd2b559c20f4d04b64976832fea28a5": "Peach Springs",
    "f16f9998b9624cef91c98fdc84b6c87f": "stomach and lungs",
    "8b75b6b8097d4f7aae9c1ae8af9b5755": "starling",
    "7bcc77b2096a4589a22f6bfaafb6cc7e": "every child in America",
    "e883700352414b12aaed9d438d62fb65": "Robert",
    "88d38a6ba45f4186a06c61da10a9c560": "his own police novels",
    "ff85131ff8424d5aa142ba41833adb64": "tornado",
    "56685a58b7ea4d6484f919aa9279cac7": "important nature fund",
    "474ee007d48340b5a37fa3a28d8075fb": "Central planning",
    "d9bc001dd17547a1a5cc29c6c210859e": "great business concept , and work ethic",
    "199c6a29e906468fbfbf3435777a8182": "Before 1950 , most people lived in towns or cities and either walked to work or took public transportation",
    "8dda27d714be4e4599ae9a86e5b36dc4": "ignorance",
    "9c9a5997cecb496eb3fb66d73fcd059b": "hard work",
    "b83dfcc3b89b47c3bd0bc9bd103fc0d3": "Sidney Escowitz",
    "f163ba68fc6c47f392e10b36337b08e0": "Internet",
    "0edd40122c4040d3befa7fb2995d6228": "Bhc",
    "fd9bec275260492094a3b7e9459e8264": "800 - 0667",
    "a9752ea20c404e1f8f7e0a8f1cd96e55": "in the summer months",
    "e9a22392498244efa3fe1db0ba629f63": "Allie To me",
    "fa744845885343718614b770c0aa24ec": "Mercury and Venus",
    "ad136cfdd5414c3ea5e754d23b2cfc22": "on Trends Updates",
    "86a4222de9e8427398618172e9b8ccbb": "Buddhists",
    "e4c90ecc4cd044f08ca523a5d6509239": "parents",
    "a96a38d70bf34cd2960c0a728d408b8f": "women of all ages",
    "790fdffcd813416683f0b9c64663c75b": "Mount Rainier",
    "767296f66e694ccbb4daaa9664fc4dce": "Grand Theatre Oxford Street , Leeds",
    "f7644bbb665640ef868b6e6a5aa57cc9": "12 to 14 grams",
    "2751df74d70d42e39cb1e0052eaf8b69": "United States",
    "cef2f298385146d08454625bee2f6956": "a larger and more complex problem",
    "8360a4caa5c34913a4bcd736d98311f3": "an answer -- technology",
    "746d9658a297454385af7919f056adc0": "Springsteen",
    "8e3037e77df94c76af0bed854f81ed60": "HIGHLANDER MOTOR INN",
    "f4d93cc2c1df486bb5b349080b4fce5d": "HIGHLANDER MOTOR INN",
    "7b8e6eda88224fe29b4dacdfce1a4b1a": "strengths and weaknesses",
    "5f00a384c44142b192d41deb0b409568": "Harold Pinter The plays of Harold Pinter",
    "bffda97b43324c4f9b92ad3008a82507": "Men",
    "2f0567006bda4eabb15524992b65ee04": "eyes and sense of touch",
    "4fd98536c6bf4472b560280ce523f1d9": "Civil Rights Act in 1964",
    "a98cea145cb445a6b6550c79a3ee52b2": "voice scan",
    "782d80432783449bb2526ab7c6f17ee1": "the Paris Exposition",
    "cc2fc4beaa8144ddab5a27fed2084d40": "pop culture",
    "8ee50c70ae9542d187cec0a33245ed33": "Love",
    "4656f7c594d74f688f0129c3baeeecab": "David Anderson",
    "e88650f3dfa744838778e4f8790f4be9": "11",
    "11114104f9cf43ad833eeb65b6c9d115": "southeast / East Anglia",
    "8b928a79cdce470784f41d6e2e8ebe5b": "direct coal liquefaction line produces ( Xinhua ) HOHHOT - China 's first direct coal - to - oil project",
    "d10992f9504b47458a3b844e21297f56": "National Museum of Natural History",
    "ca559c8730b041a1897d1eba2407efe4": "The Fast Diet",
    "08c109acfff0486eb8c60d891b59307c": "expanding deserts",
    "cd4e2a971561451a8cd4f66b56913b54": "Temple of Heaven",
    "fbaa642997d94f31a8fdae578c79cc11": "a war",
    "4651a968492f4b4896082ca7f471e037": "Harrison",
    "b3bbb75cbc6046c48cc62fa83517c0b0": "pencil",
    "9ae4a23c3dd8411c81f292a58c310893": "at the end of the last semester in middle school",
    "93ad457d6e1143a9947e4d913a7e9c90": "Herbie Davis",
    "ecad3a15b2ac42fcb484c9e2d1b07702": "exclusive reports",
    "fdb95c176f99436a8a48aaf422d4ac7b": "brand recognition",
    "c7755dee56e64e7a900c716427c9ec24": "contradictions , casual and yet direct , respectful yet over proud",
    "095992f594584e6a94dfeb39ed607283": "Los Angeles , California",
    "938134d184b94bc59910973b15ad5179": "Stand Up and Cheer",
    "5c162a57ee6641f2b222442c6568297d": "Makka Pakka",
    "3a97a9b62ec948aa96022c5b87ef5a58": "Makka Pakka",
    "1e7ea5b9e75442989e7e4d4c3df020bb": "young people now belong to this group",
    "7db444458583490fa21ee34ed68e8466": "Undergraduate students",
    "0ba3a6c36b3c496293125c3f57b0eb94": "reading and writing",
    "c6c011131da94bd4b482806b9579b051": "The Internet is a network",
    "58ea354dcdf042ff8b9afa73c5939a48": "people and companies",
    "2dbe8f97d9a24739b3b50a5f168d22b4": "animal shelter",
    "fc74e7d8aee64a44b6dad01954a34b90": "one",
    "26dd6dadae034edfb1cbcbba7eac9b13": "Chess",
    "ae458ba304ee499faf26a5877bdbb362": "Nathaniel Griffis",
    "3e6c2b6a49664c9cae2a04577777d72c": "Universal compact app",
    "2d0dcdcec16f41cebd3f54f37be3c3fa": "four",
    "a919542e313e440aaab5256e52794973": "in the hole between the roots of the Big Hickory - tree",
    "9c3f8d59f7e844ec99a5e718d3b93605": "thoughts and feelings , actions and things",
    "6028a7c9ff694fab95089e4e73da9f98": "adults",
    "bdf9859e3f0b4504b81c0d0bcc27ea87": "volunteers from neighboring labs",
    "15df2f8741e74dddb7c7b926296f8909": "the Earth 's inner energy had accumulated to some extent , and it 's not related to the moon",
    "a50c2d8081fa4a6f8bb294cdc68d545e": "lung cancer",
    "cac9bef707534a30ad1ee3a7b317a39f": "a war",
    "8cd03797b7fb41f2a17b2a36d756d282": "Harrison",
    "f4452ec14342456d8f311d0d08e9f74a": "Bulgarians shake their heads from side to side when they mean \" yes \"",
    "f4f3d759673a47998848893c38090183": "hair loss",
    "e5a4bb71bb8b468abf159b5ae604918c": "Soldier 's musical : A Soldier 's Diary",
    "2ce377466750403c818229cd87b3170e": "China Theatre",
    "3b3c14ee80f042b9a33406dff07349f4": "Reading and learning",
    "0ecadbb34df9461090ee0b4b229b80bc": "Italian or Spanish",
    "cf63a9ab77fa4760838a1f174e65e306": "classical music",
    "0391b9066aad4b67918789d3c9b36931": "The Words to Say it",
    "964749768c4f43f499f3ada8add28958": "literary books and classic authors ' works",
    "876749fd73864e5d9872969466cad36b": "bachelor 's degree A TEFL Certificate",
    "92b7dc260e3d4ceca0ed32a517a708a3": "Patti Page",
    "22321b5dc49b46d09474d979430238a6": "my smile leaped through the bars and caused a smile on his lips , too . He lit my cigarette",
    "34ca4ed8b57841be97c100de9f1db831": "a hundred dollars",
    "f6a657c11c844132ba7641270415e7c6": "knees , hips and ankle joints",
    "34e636bd3ae6459fb23013a06b1dc446": "Coney 's Flume Park",
    "b376d6154e254be6994c33a720022755": "close personal contact",
    "8aa02a1b567f48d4a6229dc4bee45f3c": "clear and simple English with people whose native language",
    "009330749e4e4f8597436931b9b6bf1f": "Rio de Janeiro",
    "fc075be7c8ca47e7bec09770a683aef7": "the Fish and Game Department",
    "61b096a2fb034cd58cb05ba574201273": "Olympic",
    "7ba1597a2bcc4fcb8128668ebb966519": "photo Summer Adventure",
    "b1bb8ed79ad3439dbd18a8489034ad17": "literature",
    "885c9a6d75804b0e8788f299eb93bff2": "Yorkshire and the Humber",
    "929ecdd3e0ad4e59899df925860f96c0": "By train",
    "46bf5696476444bb85a6cffcbc2d745a": "proud",
    "3e594631c6d2469bbaa810575138c96d": "Better Life",
    "5494833591354d35b1e8a5fa949e6799": "great land",
    "14d2a0a9f6b64151a88f6aa8fcc673c3": "gender",
    "b348e2e75dec481ab7de680c4667c531": "poor , dry areas",
    "6c469fbe7f234a7f8c1dd13a08c0ca6a": "very ill",
    "8e4b303aa3364525915e8ca3257c0712": "trial and error",
    "86f50d2eda204fedb5faef44dc7652b2": "Roswell UFO festival",
    "4c0f9a89e086437f94f42cb13429b552": "Roswell UFO festival",
    "587b84ccdaf94dcfabf5a8f052e6956d": "Sometimes brothers and sisters are jealous of one another .",
    "bd544817535b4715b9da01969325d35b": "Sports Illustrated",
    "fc0e8bc5432f4dfeafa5c2bfbeff8b73": "buildings ' collapse",
    "a8f3cd5880e341ea8e8505ad857bc45e": "SOVEREIGN HILL",
    "13e696fe74af4ce2a0a794234d3c1fd6": "turn to the Lost and Found counter to file a report",
    "0967e76210354e8b9b0d464df6ee6212": "753 - 86 - 41",
    "372b5340bd31443cb6821cb80fa8fb1b": "chocolate",
    "1fe9dcddc01046fcbec2d26185d3834f": "pig",
    "9f3ff99e1395441c9f828815b75b9ebf": "Workshop",
    "d3b259a0e4a540519478043bb6d788a7": "President Thomas Jefferson",
    "d07d57e711eb432fb87813483a8bd72d": "sales were lower than their costs",
    "ece8ebefbe0341f9967a8d4d7f789d37": "pursuit of happiness",
    "41242cde4ae94ab1b6a48643072ee680": "white matter",
    "dfa581fdb6464dbd9f8dcbc59e7fe046": "Freddie Matthews",
    "2bdf3121e9ad4c2fba57b103e01573d2": "I outline some of the reasons for why Chinatown 's crowded streets and busy shops might be declining . Underneath the surface , Chinatown is falling",
    "ede461aebc2245c4a82a64a617ee3a95": "Villa Punta San Nicola , Favignana Favignana is not very famous . It 's just a hatitat",
    "7fac50fabf584b43b9e90594e92b882f": "Anne Mazer and Ellen Potter",
    "d39d44e076fa43cfbf75bb7b7f686af2": "absolutely no support team",
    "70f17be754e74016970b1060d709b622": "summer",
    "37ef3ac3836b4dfcbe01bbdb1e46de0d": "Cinderella Man",
    "e191dd083eee4c69ab4f6b1664387345": "urban patrol officers",
    "6d259af8da794a94899b98d2c0764ad7": "If your students are reading different books",
    "2357455d9e4c4da0b5ce5d0ce597e8c0": "eyes and smiles",
    "fba83dd31238422fbb1635257d5d74c4": "Internet access",
    "5b582f33ec8743748f491acb0342180b": "in a month",
    "bcad17681ac74b3fb2adbec41de917e6": "EU directive",
    "b8a005331651471d8d4a9321a2d37f71": "Eleanor Roosevelt",
    "df69b8920f7b48429405469c46762ef1": "Naval from Russiaalso",
    "c3a01b70634f44589af2b2ff6e7ecd58": "enriched",
    "64ec3167ea61401896cc40580ff603aa": "Hobson 's choice\".A Hobson 's choice",
    "0fc3a81385554cd39517ae392aeb12cb": "Others are fatter below the waist",
    "8a93ba8429914059be17fc71e071a550": "Eric Anderman",
    "763a31e509c842279a6c3f58d284d1c0": "Film Society",
    "4d78d797458349c2aff30a3a3f736207": "heat",
    "56b40c9d3d5d4a2286a55627f6c8875b": "$ 10",
    "465332a036414c018bcc4a346bc3dbfd": "Oregon",
    "88d13e7be2174e78909e74388280706e": "The Gifts of Imperfection",
    "42cd86c960924d389467320c63894e44": "Liza Marklund",
    "b8455f0a5e7e4cf4a3077f5962a0e7b8": "the headmaster",
    "33f040354ff345fc9555edc18c62dcb5": "notebook",
    "a429bdb38452449a8077ed6d0ecab8cb": "the chain",
    "cece98772c0949a7bbb283cf684d5136": "trying new things and food",
    "5fa0f31720714d14945131d24aa16d9b": "ticket hall",
    "08c610e03f4c42e5912ef8cca40bb24d": "radio",
    "5efa98ddf6c94f75a504af584b62c39d": "their families",
    "4345ad18ce5f44baad147ebf89eed0bc": "49 minutes",
    "6ae3d2ea9d4e49219e402da97526b1a7": "work",
    "9d8333ac404c46d59000174411110184": "look what we found along the way ! \"",
    "a603627bf85c4a46a8dfe9d24b67d328": "career - minded people",
    "b61e8a61b42d48b28d18f40378a97a91": "what they see in the movies",
    "c7e789e6e75c4237b713997d7b1faa8e": "Democracy in America",
    "fcbf496df8324389969856cb246d429d": "Never underestimate the power of a smile",
    "5a38425c5a474edf8f62b6f54805a50a": "Classroom Poster",
    "203b7fd60b5e4dcab07ac9cd183ee9af": "International Picnic",
    "e38a1b109250412695df327340db278a": "Films at the Museum Two European films will be shown Saturday afternoon at the Museum Theatre",
    "3e88a0817f564d65801d8f6a5bb442f1": "three or four hundred miles or only fifty miles a day",
    "dcb58c74b5ee4d679389db7bcf778c51": "pencil , a pen , a ruler",
    "71d9344ba54c4559ad747a4ebd99f029": "treats his workers like adults rather than children , and expects them to act like responsible adults",
    "49c819a9a6d5445db8483f8afaca2e83": "John I",
    "27cf47ce9b934f04840df241531dd450": "Mike Holden",
    "278848a798dc4266a4e095d37447265b": "it will end XP support within a month",
    "84594d30428944ee9634a472747d430b": "1958",
    "a5673d632d114b4b9f4cabc05cb0033f": "National Poetry Slam",
    "dc25abbc29bc45e488a4ad5383c66157": "old school houses",
    "c54bedf8b8964ab1a01f9f06e2551a7b": "students with special learning needs",
    "3dfc0580c5c945428c6e4156e38b7730": "Beatrix Potter 's thieving Peter Rabbit",
    "9584830ef6764d67b30df2f26f54f9b7": "Commuter Rail",
    "f945fc99b8b84a7391b0c1e0004328af": "Plateia Syntagmatos",
    "80ecdc9b171544a8b60f386ebf05afe5": "tears",
    "abe6614a44174ba4b0216ef4934a584a": "The Charles Hotel",
    "8a1aae2821c44f72884b228da48094ea": "Nature Neuroscience",
    "0892fe7dfbd64ecfa36d9cd1716e21cd": "religion or politics",
    "f8c8fd41b469430b9c9e77c916428b18": "sixty and seventy year olds",
    "916e37f161b34149943cc3e7815ee7d9": "shortage",
    "b541ea3f28d249a793361d7bae4a199e": "three",
    "88b59d03d6ef4f8ca1a86f2379b9e797": "milliliters",
    "7d3ce0c8270e4fe68fccb3a733546eaf": "Saturday Night Music Fest",
    "09da59ccc62842699ae714918cd94da6": "Nelson Mandela",
    "4f3a861ef3e347a8b1ef2abf420e322c": "to plan better next December",
    "8ae1197094574669b4e786c205290128": "several years",
    "64b966bc82704c9aa78ac2c968ad8075": "ancient Greece",
    "65b70ceb3cd84291a73437f1afd272f9": "162",
    "53ad1b371be840479149f161d49b0664": "at home",
    "60a1fa7cb50344979b4854eb040544fe": "revenge",
    "86a9c7fb36d64e23ac7cce83c3d4a9e3": "vessel operators follow these guidelines for all kinds of whales",
    "6b9640c8b5314c53b37ab3cf2d9c91c1": "100 to 200 metres",
    "9d86f0e4e3f848d288b5a7a32f8bffaf": "$ 1 million",
    "ba6bbf6c66eb489c91d508cf8cba84fc": "smile at a police officer",
    "69c1dc0c3ad44691a7b92da76bb1d28c": "Brussels",
    "2e184c27812844a58930819de3792722": "University of Washington in Seattle . He wrote an article about the new study for a journal",
    "3a66c05170f14ba89e5453b020dc049d": "Human beings have a natural desire to explore the unknown",
    "1146ebebcf974a55a3a35c64d2895010": "heart transplant from a 21-year - old donor . Two days before Valentine 's Day in 2002 , Alfred received a 19-year - old heart",
    "b3d1edcaf4f640be8f7710bf9edc1b44": "my mother",
    "84d2f0bd47a64880b142fde7693c2a87": "blueish light their screens emit",
    "14cbebccc64249358bbca08e3eb7d25f": "volunteers and government agencies",
    "f59d7e1bb63544d9a870c6bebe588098": "California",
    "8452474afb0a40f1904a5571b001b6d1": "kissing",
    "342543ee82c1402aa73ea34b7f5fea9d": "fishing accident",
    "eb0403808d0a4db0b50972eae1f77833": "lose touch with our friends because of a lack of time and energy . When we are carrying a heavy load at work",
    "a3568f6c0fbf42ab9a43749322d44a03": "pronunciation",
    "70d3477d86aa47fd8acc5c7cdde089d9": "A lot of netizens have criticized the move , saying that it will cause problems for them",
    "d006f2220de34f02bd337bb4c5c8c41a": "Megan Jackson",
    "4bed916b5b414fde94081a89cc7341e1": "Africa and much of Asia",
    "bf39081863164afa83480cd4aa159d27": "To thank the Native Americans for their help and to celebrate the harvest",
    "f11d95061a09485ea2597abdf8c415e4": "industrialists",
    "d328e65ae64649bb8f3d7404b68f6917": "166",
    "da279b0e48c34183bd79bdf9feff9c29": "John Tubman",
    "4a5629e6b73c438e834560ea76ec6f6d": "PS730",
    "bd51ffb6eb9f4e908bfe927a4c3a8a2e": "I tried to remain more grateful than guilty",
    "11db572ac25d41c7834d15e4597974e2": "World Championship of Mahjong",
    "c023f75ebb9346d78b23200790a54dca": "Ollie Gray",
    "d2d267d86ab44406a3952ed7fbd446bd": "recycled objects",
    "326d769484b54e39935444cfa0efa34f": "master",
    "226a2460832b4d8da2652e27bb989e97": "2,227",
    "8a98e863e79c434f92c0a31136f86bed": "a plough",
    "df0392ca174242d49187535b74e94256": "keep right",
    "1237aeb971a6442681ba880616ddbcff": "60 years old",
    "421103e23f2246c9aba0975471107fb4": "Dale",
    "8365982256a14fdf83433d935b75ffe7": "a quick pull",
    "22b9f5aaa9ed4e99a6103c4c6da7d9fa": "sharing what we had learned",
    "5e770d1429b345e68d820795c14e288d": "Parasite",
    "cae3c17abea949569889efd2409ae86e": "garden column for The Anchorage Daily News",
    "8fa09152ef694d31b4ba33ae3ae5ae35": "Middle - schoolers",
    "062035c3a465443eae27cd5495f7378e": "Meg",
    "a7db05507c2b4ac4a9aec70b1d8ef274": "often",
    "fe19a416fb1543f3a59da72f556f81b1": "We can even hunt together ! \"",
    "9c37299f45ec455a843b9940eefab901": "the age of 22",
    "3bda1d9377d94e5d84767ad48e907390": "near rocky cliffs",
    "dc8353be894247c2be8e141c753eccc7": "Louis Braille",
    "87b2057bfe6249fdb3f0ff143fa9ccec": "spelling",
    "79ca7dedbf474e08af74a1e18725f267": "China",
    "1b1408684c80453e8e28ade1c4c25b4d": "reading and listening",
    "0b08e2fd1abc46fb99f15bdc9a627569": "teens",
    "07cbe3f0bc034c41a1679a1536b17ab2": "tribute to New Orleans",
    "785e72e3b5e94fada20386ed9edf2ea0": "teachers",
    "04bd3501d807424dab673393b24072b2": "Johnson",
    "bd42058a0bb64bff95ff98d9031c3905": "Non - imported foods",
    "ca8efda4215d406cb40ca781028955a1": "Information Age",
    "1dcff5600cd74c0d9fa35587074ca841": "exam success",
    "21f46c9f168540d19ddfb02ded4c9303": "four months",
    "660559f36ba94ceeaff4d44830ebbecb": "rapid eye movement",
    "758afc5ab86d4119b9f4fc190169ae10": "Children 's Garden exhibit",
    "c20ab76acfd442c1b00f7e3ae3f5cb42": "eight",
    "90aa941578f14cf2998ca5c4a8d14f4e": "Willie Hooks",
    "70ccb84ff276476a8d28993de765b948": "our tests",
    "aaed10319a1841b8982a1d4e48c9caf0": "Tottenham Court Road",
    "d80af73ebb4d4144aaa2e6cecc088ced": "Yesterday morning",
    "be80b6f45cac4d9a8c27629e4ca46df1": "This seems to be a trend",
    "6962dbcb096e42f1b9f29455d7eb91ce": "story",
    "e4189803f16e44d995965bc732f5cf43": "the old merchant",
    "a26d4de566bf4f89bc278fb70b6c8940": "travel - book store",
    "bef6b43db08b42b4b27d3d24fb80cdda": "their great success",
    "7d1440acc9bc44c18311ac64c902c381": "Club Penguin",
    "72e8e4e4595a48ca81b2993710081e69": "Dad , our life together has been more than enough",
    "eae0ae34377f4604b254baf6e6a30097": "Greenwich",
    "9dee73180ec540d4b4f2f1c07f348558": "increases housing construction costs by 2%,which is rapidly paid back by lower running costs",
    "ac00b3af5de04ed6bd3d599583b72960": "Government ministers",
    "331fc381ca7b4e349ba40f2deb9ae0cd": "Windsurfing",
    "25f1c8e5e4f94643b0353ab5c543394c": "individual - difference variable",
    "57139961008d4b198cdbd320fe497ca2": "Miracle Fat Burning Cream",
    "ae482cb3e9004108ba744389c8aa0b00": "Beijing Opera Show",
    "25c118b62fc44a40b26bd7c996f3daef": "The three brothers went to the palace on the flying carpet to save the sick princess . The three brothers met the king",
    "6439717654cb4084ad3c68361f83734a": "Greeks",
    "3768d678e39c4d90bbb2491faed06a5d": "President Barack Obama and his wife Michelle",
    "044826bd33e043c796b686f2a9924271": "Margaret Chase Smith",
    "0cb34c55f1df4632ab8f234f10ac9afc": "India",
    "8f4f001af2ff4d85b85d509fc125c8bb": "Kareem Abdul - Jabbar and Karl Malone",
    "4240bd70b8e3457fbee4ec8b0debdb49": "Because the machine could n't steal gestures"
}
