{
    "7a048da2ada24c88a29a99db34ca314e": "anything that has mass and volume",
    "b498484bbf5344158f2830592c1525f0": "volume",
    "a2ee16f0e38a4e4a83b09165ede608dd": "Matter",
    "5196202df9dc407ca3d43bff5bc9452e": "Physical properties",
    "865e198153864cf28a77889e98781a8f": "Mass",
    "1bb3f16bc6e04766a1f9a86fec37ed10": "amount of matter in a substance or object",
    "c5a871b3caec49e09e1015f8e59f26d3": "cubic meters",
    "a723c7c37bf241a89bbe94b2629ed446": "Great Lakes",
    "27f67c5643c44f06a9b94b5b4f6a6112": "Great Lakes",
    "4ea2b6b6b4fb4549a7b72333cd11a915": "daughter isotope",
    "c7d3f6c6cb0a42a8b7df118a9d1724bb": "No . of half lives passed 0 1 2 3 4 5 6 7 8 Percent",
    "38f59d678a794c86af35303053ac0127": "0",
    "16672341dfa44d10af3b9731d9ef3446": "rRNA becomes part of the ribosome , which is the site of protein synthesis , and tRNA",
    "f81b87903aab447b82563a1e3065f8f5": "Messenger RNA ( mRNA )",
    "fb39cefcdcdf4c1a975c700d11b83943": "Jupiter",
    "36dd840a70724a5db7d6604b7daa27e6": "URL : Water vapor",
    "bc8c9d3ef48f4a90b82f45300479fd52": "plasma",
    "70088308b95544678018d43fdd0b95ff": "gas",
    "aa7238701d7d4fe7b51080ef62a16d92": "kinetic energy",
    "b7bf6645b2d84e66bc779c3e7d077dc0": "the honey in Figure 4.5 is more viscous than the vinegar",
    "6b68918c13e54bbba5bf48eb159b3014": "liquid",
    "65acbd6976444a05a06db1a684c90b9e": "Energy",
    "09ee41d0b9ca4584a54c258f6748efe1": "plasma",
    "1e5c1f7e80314be78694ea7e15dd47f2": "gases . Yet , most of the universe consists of plasma",
    "c2f3ca0965da49ab9e6800f146be8bcd": "pulls particles at the exposed surface of a liquid toward other liquid particles",
    "6cb0547a811b4442a4a9300bc2f12b4e": "plasma",
    "428670a9f9424feda52d4ff80e3f0ffd": "epididymis",
    "7f379766bb2a4cfea36aae4110e25508": "Semen",
    "987e73472f1f4efa9eb758be07cf6b8a": "prostate gland",
    "36ab6d41de0a4c36879acd11576a5021": "The epididymis",
    "18ddeb0c3c244322862f8df5cd653ecc": "prostate gland",
    "cb2a8c07d32a45d1a6d9918a43c9e802": "constant",
    "1a7f09aaad264cff985a7df5db94a43e": "14",
    "262c333f37c74330a74bf3352ec4df13": "endothermic reaction or an exothermic reaction",
    "864bd91707ac412996aca423b8b0feac": "more than 25,000 species",
    "fe6588d8aed14ca8863d1f32a1c20d64": "invertebrates",
    "c85f0ec1c0f34f24b69a3df92639c8a3": "cuticle",
    "12d9990be325457a94f8e8228760392c": "complete digestive system",
    "2022821d6f91429485ac3348a1bcbeda": "fluid pressure",
    "68a0bbb45ea24c5192fa09c91fe36bd9": "100,000 per day",
    "8664774ef0bf40c1b65d894e08ae196c": "hookworms . Hookworms are named for the hooks they use to grab onto the hosts intestines",
    "7cc365cfca73402ab792265af07c0bdd": "Platyhelminthes",
    "392e7a804cd548d9b785475471dbcfb9": "invertebrates",
    "4bed971c1b694a6da5848e6357304728": "hookworms . Hookworms are named for the hooks they use to grab onto the hosts intestines",
    "e02ff4e90c1842a18d3bb9f6dc5ad38b": "Platyhelminthes",
    "03b2a58ed30940eb963f6bd6edd338ac": "invertebrates",
    "d7fcd0fa42c24ae2bdd196fe08e090cc": "Proteins",
    "b760a93f7817470fba8f248fad0090fe": "macromolecules",
    "7ebd298cc28d4820b37aac7bdb02d5d2": "Proteins",
    "50e116daed4349f795268d0d5310fb24": "Protein molecules consist of one or more chains of small molecules called amino acids . Amino acids",
    "bb56d69e6fc24b1b8474d7185ccd9c71": "URL : Proteins",
    "ea2e435e2f12450595e3f1276bad5c4d": "Proteins",
    "14ccec8f9b4f4624939c3843593fa6ec": "Proteins",
    "ba035e4349924a7d8db8efce53db1c83": "energy",
    "0a0ec2a2df0d42bfa7129a601757b8f0": "members of the Plant Kingdom",
    "e13af178a46d4329a42cf7ee0ea0743b": "multicellular organisms",
    "8dbf8e430a41479ba9be2c4fc05c0e3a": "600 million years ago",
    "61610507dc4746d0b8284e690c386cb4": "molds",
    "e174bb9b57214f9480a1c28503b00574": "Yeasts grow as single cells . Other fungi grow into multicellular , thread - like structures . These structures are called hyphae",
    "fa9d15ae6cf14fd083736b592e9ea073": "Yeasts grow as single cells",
    "d9b96595cc374cc4911adcb5073a4526": "Chitin",
    "86686302ec8e4357a6adf71cc448eb68": "mycelium",
    "47f356f07ce44be9ab55947eec01fe61": "spore",
    "a2a1789830084f54b83f1f12feae2c47": "Yeasts",
    "1867c0759e414e84828eb6c6e7604cb1": "energy",
    "75c7f676e44e438a8b56f144a1fb4075": "Salt water",
    "18d73959e2e5465897185e049c42a438": "Salt water",
    "682825c90fd14f81bc3b5f09f5739510": "magma",
    "67cbce52c79340798963bb0f72b84b32": "dissolved substances",
    "4b983654167c4da39bb7f5d0714d106e": "amethyst crystals",
    "a5c559172b6242bfa44b1e51c81eb700": "magma",
    "c0221c663a3749d58295199cec918560": "magma",
    "97a0a7abd62d41a19fe302d907895179": "Salt water",
    "df209d10c2834845bd702cd10eceeb1a": "Salt water",
    "d9cf42e7fc9045e7bf9b272d786925ac": "magma and lava",
    "0b775f1236f1476f80e2e65f19ce60e0": "magma",
    "d7a154eaca454f0aa10d3ded888bac67": "magma",
    "d91a86c2bdf04735aface66cb70a000b": "cracks in rocks , the deposits are called veins",
    "8e3d5150c3534219b29f4801d6650d5c": "geodes",
    "112b1840e3b4458abe8e48d9a5006aad": "Covalent bond",
    "f207f2331cfb456fb60822eaa1836909": "J. J. Thomson",
    "186b296984da491980ff1b00b1ec550b": "J. J. Thomson",
    "eb6150bc99b04d05b92ea7f8f0893be9": "J. J. Thomson",
    "56472f2450c548a8a60f4c4c29f20c60": "J. J. Thomson",
    "4aa42bfe39ac48b5904dde75d9652320": "his idea that atoms are the smallest particles",
    "0e0d67ee8c364e6782b8296b7f014cb8": "All substances are made of atoms . Atoms are the smallest particles of matter",
    "2a1bf07e7ffe4bd3a00e8fb31fbd6bd9": "1897",
    "46eec7fdf8e2451391404f6c630f0c28": "Indian Ocean",
    "3ef936af21564cd59ed2d22bfadc5aac": "9.2",
    "69b285543e8a42acafb58d6a3e7c2fd3": "altitude",
    "860f56ad49b949d2895ba47037c60eac": "populations gene pool",
    "e7d95a51a9074c718de938dcc3de5a9e": "Genetic drift",
    "5ea580589ff341b69ce47dfa9ebe613e": "macroevolution",
    "e2bc29539c2d434f9fc8abddc043de14": "evolution",
    "163aaaa6c3594f09b2784b7b916fb624": "A population",
    "f39fbf9a4ace4a3b8aa637167e3240b1": "Gene flow is the movement of genes into or out of a gene pool It occurs when individuals migrate into or out of the population",
    "0bd0c1c920134b3aa9d4ba51f595e870": "macroevolution",
    "5561767dc0fb4b53a604861f031a85a5": "A population",
    "c7f7eee15c434b4e943d0b64b737c952": "elliptical",
    "7e21a28c3d4045d6b7c77190f789c3a1": "satellite",
    "95433f64db674c089539a04e52994d72": "thrust",
    "7cb8262b98634036997ae94fdece7054": "Saturn V rocket",
    "cd105103632548c5bfd2f8b348924da8": "NASA",
    "b251d2a0218b42bfa2d6222a6f3523c9": "World War II",
    "6822b6f1adca49aaa4fcb73e9abafe1f": "World War II",
    "864b7d45b6ac4101960c84677e8c518b": "they crash into Earth due to the planets gravity",
    "fac614a250e44955a000e0ebae9335d7": "Divergent plate boundaries",
    "f4dc82005f814a3fb6cccfdfada4c1da": "subduction",
    "6565807157f347fcb0ff0fab57d98144": "Convergent plate boundaries",
    "7540db6f5cbf4e63a7d9f1fc3effeff4": "meta- morphosed",
    "3c8de174a9d54a8391855d918fefc4f5": "8 minutes",
    "c489fa66b3d0472db4a048d5ca3ebb6a": "Wavelength is the distance between corresponding points of adjacent waves . Wavelengths of electromagnetic waves range from many kilometers to a tiny fraction of a millimeter",
    "7de5d996a3e64cc885b9b1cd3194e1d8": "Wavelength",
    "f65a513e74fa48c285036157b1788af7": "300 million meters per second",
    "5beb30724b614d219079725cc2986af8": "light travels more slowly through water than it does through air",
    "0d1c57cf4a104bd89ac7095d110936a6": "light travels more slowly through water than it does through air",
    "680d96bd89e641839bbb098005707d5d": "21.5",
    "bf946c87215e4ded9e3a35365201caf5": "many kilometers to a tiny fraction of a millimeter",
    "fbdfe2d352904a4ba1c1287639bf9eb5": "melting",
    "bdacc4c3ba6a4964af9c05497f593fd4": "average kinetic energy of the particles of matter",
    "357895ef94bb4ea7bfe6d0b135fbd2fd": "melting",
    "b28a9268b1314f34a6537cfa7f257f1d": "a solid changes to a liquid",
    "cf3d0a3e9abb4b6887060c2be44e89b0": "melting",
    "dc000d601b5c44f09d58a4f5f3390345": "melting",
    "0a50df562c72489c89147e95c78bc7d1": "vaporization",
    "0375fb62eda74ee1a1d4721e9cd62a77": "vaporization",
    "46b03d58aa5f4883a1da51f46b763798": "freezing",
    "feae875561ec43908678f82bbaf7cadb": "freezing",
    "2784dea52d634e33b7639dbb6079c797": "vaporization",
    "1c0f4732dece42bb9d107a492ea16141": "vaporization",
    "21c3faca4714498e8a443da4974acfee": "vaporization",
    "ad01bb23e1414df29f2f531eac789387": "reactants",
    "b8829dcdc86e49e6aa01ca9b80d85ad1": "equilibrium",
    "d2a3e8f687144b4fb4c8168c84d57500": "reactants",
    "059517a62a6342b4add34c145edaea45": "reactants",
    "9ce8c74cdb124d4cab108121658c82ca": "strawberry cheesecake",
    "0f7211d14e6048ca91b21ddaf5487ce9": "Umami",
    "c77fdac433bc442b897929790091179b": "fish , shellfish , cured meats , mushrooms , cheese , tomatoes , grains , and beans",
    "5c6e3a6f9d874f599f25059d1f98969f": "Umami",
    "816a4d66651545a99922453de66fa9b7": "Converging plates",
    "917a8f801e54436a9321c7d1ee344a61": "Andes Mountains",
    "64033bb3b3d743868e925704cd9f6151": "the Himalayas",
    "1356a9955b1948d99bb8b85ab203796c": "California",
    "2a6519b256bb4d079c03828dfba8b2a4": "brown haze",
    "42ef5e7455024108b01651e46afbad7f": "Photochemical smog",
    "87a4afc1b59b4700b360057b48d45e87": "Photochemical smog",
    "e966c1eacbb540449d9ce7f04d586496": "ozone",
    "a82fdc533a744befb876dc12e4df107c": "California",
    "6f494dfa0ba4416586fc106569a454ce": "December 1952",
    "94261eed73e44b5295f6629cf7bf6ec2": "photochemical smog",
    "6c244b45ae9f4acb87f51132300d6eb6": "Carbon oxides",
    "2dd0806018134c24b9e4404f6100b59b": "Moving magma shakes the ground , so the number and size of earthquakes",
    "34929a3283fe4427a131a82b7215773c": "gas emissions",
    "ea51b00093574ec28d3edc60421bab87": "four",
    "3158a9d571164e93ac74763960c3aa89": "plus signs ( + )",
    "e92d6151a666404ba8078ed96df3a1c8": "four",
    "1153cf0e7fe84b20b8646ed2bee9fed4": "plus signs ( + )",
    "617de04b0b284cd290de25a5242d5b54": "Balancing a chemical equation involves a certain amount of trial and error",
    "b79ba03c018540e5b6375baa1ca45405": "C + O2",
    "ea0482a5f1ed4b07a49aeb82f554e2fc": "one",
    "815c367e44b743159676bb7dc80a1ea2": "coefficient",
    "0fdcc050e4ff49f8a68c480b27672927": "respiration",
    "0a76b19bb93f48aeaa0f486b38f81713": "carbon dioxide",
    "a4a99b1c5613495b909a238c8f2e1a47": "Nitrogen",
    "b5e65d991120409b9fd6cd2987bc45f9": "Carbon",
    "901532707a854e58933232902726f8b8": "respiration",
    "a29c753ee2c046eb98ffa0fab693f9db": "Some carbon is stored in the soil . Some carbon may be stored underground for millions of years . This will form fossil fuels",
    "c81c4f6ef2314a58a1ba49e8eae80475": "diaphragm",
    "e3a027ea385e4e5f8ccd4f45c5f9f39f": "exhalation",
    "50f2623b95f2414b92e9ede76027649f": "carbon dioxide",
    "2d5d805221664bb7be75cf0a798ff121": "alveoli",
    "82b434d575cd43bda2a72c6b710949dd": "Antoine Henri Becquerel",
    "ca70ef141c5144bfbdc22af1ffd0a851": "carbon-14",
    "2c60ef77977048b695c35a1ead145e23": "Radioactivity",
    "58f4254a20d447f9933973c31dc8d7eb": "Radon",
    "ed4ab962a8c64e39a75f2a39cbff4389": "Marie Curie",
    "d691822c6d0549ecb7859c413ac1e9a8": "protons",
    "77c138891bac496492d643b3b10fc9fb": "background radiation",
    "5c9450cb3ce04e4e94c86f081b2045ef": "protons",
    "730e2bd9482145b5b22702ae88b1bc5c": "atoms become different elements",
    "f831b824483e463db84adec03a3ee0b6": "sunlight",
    "f8d8f3b24280440590fc60f747be8223": "there are as many organisms of that species as the habitat can support",
    "ca9bb6f0ee444812b2f6901e41b00123": "biotic and abiotic factors",
    "0f91507147b2431abe9b282f4ec04544": "Space , water , and climate",
    "74e14bf326b64fad9bd9b9565f8a8bf2": "the species has exceeded its carrying capacity",
    "342223bc19134d99a4a4d5bd05f3f18d": "Sewage disposal",
    "a0ac64ad9390424cbfd4a4ea67dbb973": "radiation",
    "7fe2fbad13c24b81a6ffcf7a4c43c980": "Hydroelectric",
    "b77232cfe5824dea82ba2cfdae230c1e": "The higher temperature",
    "66e8027bac3c48fca56de06772d0d167": "helium through nuclear fusion",
    "a566417cd3f64b89ba80acfdcfaa0661": "radiation",
    "b242790d524d4e80a269d8ccf1c442a9": "Hydroelectric power",
    "943c3be9a997481da5c02aeacaa39eb5": "fertilization . Sperm are released into the vagina during sexual intercourse . They swim through the uterus and enter a fallopian tube",
    "1c59739ad9d94457934bdddb7326bac4": "yellow - white",
    "6049d92d2c534df2b6d1054f2d8c4c98": "Blue Blue - white White Yellowish - white Yellow",
    "131ef23613b14636b5c2fa1c78fb21cd": "Relatively cool stars are red , warmer stars are orange or yellow , and extremely hot stars are blue or blue - white",
    "1bb7d6bfc38345268cd150f6fb860def": "bladder infection",
    "8eb124977f294e8aba35261ded00dbcd": "molten rock that is below Earths surface",
    "14a138fc93174e6aa21d739cbd8d5131": "huge clouds of volcanic ash",
    "64c648dbe8b14e8cb4bf697611224b94": "Aa Lava Aa lava",
    "6176db91625540d9a15d89327dbf8d1b": "Hot magma",
    "0477e57b6f9b49acaacc3e1032b9949e": "cracks in the crust",
    "b9ea409c81e94839bb36670b5b8e7367": "more water is displaced by a bigger body than a smaller one",
    "78c786acce8a4ba79f56386fa4366e39": "2011",
    "4f33e1eba4704e43a4d7807e9e1792b1": "6 billion",
    "5babd0b150394b9f87aa03cbaf9ad728": "high in fiber and low in fat",
    "426bd443511c4430ac952aa7ac84b7d1": "breast cancer",
    "090a604f37744b94b4b91109898315e5": "If you are a boy , you should always wear a protective cup when you play contact sports",
    "bc79e0d6acd6491b9d3b8d61210195c0": "Stratus clouds",
    "10a6b8c90a734e27a4f3ea281eedbb84": "Cumulus",
    "aecb05d8109d4e3a906a0dcec675c61f": "The heat index",
    "9a7f49fc8c84431b9fcd3c7347a15c2e": "Cirrus clouds",
    "d5f15542741f4f32a3a94d5f938e6c56": "100 percent relative humidity",
    "d7e5fe4fba2c43069c6a3ece62592e15": "fog . Clouds form when water vapor condenses around particles in the air",
    "e995e87d7af9488a861a93b8044c236a": "Humidity",
    "467fb3a73dbf4eecb20d9704e475f003": "rain",
    "84e0e42357e14f778c7c3cedfa93eaee": "humidity",
    "a5862c4879ca45228c61fa8947951109": "Sub - Saharan Africa",
    "8bdd3730b9c148f7b5b0dd1b5aec6f8d": "heat",
    "da137bcfc6564f8893d59eb2efe13bb9": "heat",
    "a67395db4f5c425187f77a705dc8e892": "endothermic reaction",
    "ee28b5498ae14cb8b4c6d3f9afeb7945": "the products have more stored chemical energy than the reactants",
    "8cfca55fc9d544de9ccb8c4859ebf098": "The excess energy in the reactants is released to the surroundings",
    "8454c5fa92e64de38d2bf0af3b278e54": "heat",
    "b7622fb845bc473aab6d16a5c6aa3554": "The excess energy in the reactants is released to the surroundings",
    "ce229e5baa964e0fa6eaa13ecd0a768e": "ore",
    "4e1c84102e724f098cab78efbf60dc47": "Placers",
    "81734bb491ea43bd81b75022bd994dab": "Underground mining",
    "521f789370e041d8bfaa135f9c5f31f4": "it multiplies the force applied to the machine",
    "600787f426ed41499572988e5fb5b7ca": "Thomas Malthus",
    "d14ce9c07a8342b1a3af16f611a5646e": "Potassium and sodium",
    "693083cea6f0493a95681fd78a2a2cb6": "Vitamin K",
    "c56ed34c923344779c795587598a1ae1": "calcium",
    "3b4ddad3718649cfbdb837738d247172": "vitamin D",
    "b76a8a074c0049eab88dabe6404d2bae": "Table salt",
    "3125930a4bd7494397c61340d496cef3": "Killer T cells",
    "9d3cfc4054a34800bf8aa8ef506d9e53": "Inversion",
    "70dfd2ef0750435c98b4e6a9c5c47fec": "iron",
    "9e2c03d9d0734bfeb5d106aa2e6ac547": "45 %",
    "3b3c453b7831499e899cfbb471857670": "convection of molten iron and nickel metals in Earths liquid outer core",
    "fa15ec44c1be4a26be4e12cfd42819ed": "molten iron and nickel metals",
    "a4ce4eb0913441c190f5b78ef6de40c4": "homozygous",
    "774ef5295e6f4d3ab656d312d9469b83": "aluminum",
    "9a6d55f476bd4a338ffe0b757659808f": "placer gold",
    "a307df2d3b8449f88b7616c7e1f9eb58": "bauxite",
    "28ac1d9cb51246968f22d0c3b236010f": "1848",
    "7153b1d119964f83aed04b7aa33bc16b": "bauxite",
    "6c8e401ce1834fd5890dd954a0ac6b1f": "bauxite",
    "37875b13eedd468885a1571b57871487": "A quarry",
    "1a2ec3cf54b141c8b8e62a9f3dfeb80e": "Placer minerals",
    "a8d1f4d461ba491fb157653dcfa9ab1d": "surface mining and underground mining",
    "32154ea6d2734f5897b80355c8e7f66a": "Mirandas hair dryer",
    "c67b88f45ebf43dfbe5f2989091d6aa0": "oil",
    "d47d8fad898941e999bf4aef7949c57d": "a bar magnet",
    "9a380f44ca2f44b68b5c8750f9ae232a": "water ( H2 O ) and hydrogen peroxide ( H2 O2 )",
    "d0696b2b0f6b4e858e73844bfb3dbcc3": "Water ( H2 O )",
    "303e925a96f741eaa06386df3cc3c803": "ionic , covalent , and metallic bonds",
    "76da1057c4bf435b911b519aea3a5050": "ammonia",
    "81dfc52d4eb24f4994e6de6c66140461": "oxygen",
    "a62f3ee21dc64fda8d3ffe51e2c6fbd0": "Elements are represented by chemical symbols . Examples are H for hydrogen and O for oxygen",
    "0ba9ecffead84961adb018981a234e65": "Water",
    "c68d1b235a524cb7ba3ef16e3f0a0e9b": "ionic , covalent , and metallic bonds",
    "9b961ce118804ab18ce41513534317d9": "chemical bond",
    "b9c3164933694e989efa4d8ee8a33ec3": "erosion",
    "10745f931d9c419ba3ad80e589f05bae": "erosion",
    "73016a5650694884976f4227ca9544b8": "erosion",
    "50f547ab68fd480cb57b131453ede98a": "Transduction",
    "f0e59eb80da54972baa8d107d7a97e2d": "Transduction : In transduction",
    "24105175dbc842cf92e9d9da81300000": "binary fission",
    "217cdb1d94d6429d92ed7a8c3f6d045c": "A head with eyes or tentacles",
    "1a6f56388e734d8f9268f00674d80acb": "the shells of many different mollusks",
    "0c21f04164f247489cfaa678905b09d8": "segmented worms",
    "ffa3c6e3595a495eb7fa8c7b6fe26a4b": "transform fault",
    "607503e204f1467b9215e61958639d76": "opposite directions",
    "40097aae265b4f7bbe915ec5df8f0d40": "northward",
    "301f1f4ba5564066ab64c67e8c395f8f": "folds",
    "60e85134d9a54d87b523a0d36eddadfb": "a fold that arches upward",
    "fd74fff80084406196005973f6876e07": "monocline",
    "ee116b6db35b458f8a288aae893fe017": "Earthquakes",
    "30a844e0758640d29963836f7bcc5f80": "troughs",
    "34f69f4b455e45d7b95e1c8e1461456f": "falling drop of water",
    "a703e2b9b01a412e955b53890262306f": "transverse wave",
    "41a0b17889f945d1827062c2800c9493": "rope",
    "d93b29ad4c434501a558243c0f3f96b5": "longitudinal wave",
    "7c74d35afb6646d3b0624ffeb1bd1feb": "medium",
    "5d082d9ad20b477ba5f1cc5171af3241": "465C ( 860F )",
    "b90d9c17045941f69bbae1d384ac10db": "Venus",
    "3ff162d389e84e778320c2291f65829d": "Venus",
    "2cf7e66416134d3abb094e33efa23ec7": "Venus . The image was produced by the Magellan probe",
    "928fef291c964ec2bd0073621c616781": "465C",
    "b4da0a920c6b4fe3b59c60ae8420c354": "melt lead",
    "00dc44c27cf74045b6842733ba609f16": "temperature of a region plus the amount of precipitation it receives",
    "09ec4bef23584bf0baee6b1b3b613a86": "combustion",
    "0c385e9d3360476cbe18b6ccfa26a105": "photosynthesis",
    "b78a61480374424c8695f7d6367cbd67": "industry",
    "5d427b30472a4403843380987617455e": "1980",
    "ffa3030f05e24220bfb8e5b16660032c": "Toxic waste is poisonous . Toxic waste may cause cancer or birth defects in people . It may also harm other living things . Corrosive waste",
    "c2011111d54b416396366eb1a91990ee": "Flammable waste",
    "ccda617cd73945fabc6876f2ee1fac15": "Hazardous waste",
    "4f8ced0aa4774790bcf7abff3215c7cb": "Superfund Act",
    "f19e6821a1c64f60bb57e62fac353b03": "Superfund Act",
    "f8a4c044e0fb48ea98a80bd12eafdf1d": "your lungs",
    "fefb62f4dac948368987c3fc27745bd7": "your lungs",
    "0bd5940171de41d28924601463c9d97b": "large intestine",
    "82dbf667c82040749678aa8c0e5df1b5": "cerebrum",
    "214b734a4e0f4010bdb48958449e6ffa": "brain stem",
    "f3c77ec0feac4425ab10199b2f6f622a": "corpus callosum",
    "a7d93b57f9744f4c89f11101d8fa6901": "four",
    "b168e8c484f54a19993cc0e51dd052ad": "adding inorganic phosphate to ADP",
    "ed433eeccc9f467487f464c9ececc92e": "Robert Hooke",
    "3d8c664f979e4bacac1b95d81fe94981": "The nucleus",
    "fe08adc152854906b3254f234221fb3c": "The cell membrane",
    "c5c063b2110049ddaa3f552a2b186e54": "prokaryotic",
    "c35ede92f5784e9ca78c243d7cad5959": "Ribosomes",
    "aefb38e9aded4c059513575ca294cb38": "pre - existing cells",
    "e740e87f3b1d41f782f37e747c03d24b": "cell membrane , cytoplasm , DNA , and ribosomes",
    "1a51fa51f1d1405d97c248740d01d123": "half",
    "581cab5ced8c4d5783c9fabe6edb75c4": "11.15",
    "1b18d35fa3b3432eafb4e76964c33299": "photosynthesis",
    "130f6191d25c46b1b83ac25065471e29": "carbon dioxide",
    "d2e82469409e47aeaaf8b3a2132fac27": "6",
    "64e74a26ea8f49378c19426eaa6a0a9c": "more slowly",
    "ab5a91b46c7d4f668c260ff3c24af2e8": "isotopes",
    "12ef4159502d4361abb23ed1f50b9715": "unstable isotopes",
    "fed004bf35444bf09be84134fa2afbef": "5730 years",
    "2007e7a348614d2ba709564f61c6f9a3": "carbon-14 breaks down , or decays . For carbon-14",
    "19d84beb8d4c4434a8866e0dfd1c4335": "5730 years",
    "4c7fd44a14ba4042aade5d841afbf4b4": "Radioactive decay",
    "8497e8f296ea42b28b4f92517cee7e33": "water vapor",
    "202b69f4e82d4123b5660ae204151a4f": "International Space Station",
    "421f915ba80645b8bb9c824093f3aed5": "2000",
    "a2c9049e5a564cbfb5137ad2e5ee4f9e": "Mir space station ( Figure 23.23 )",
    "d55ff319700949959e908b9737ae605e": "Russian Soyuz spacecraft",
    "25208005cb3d46d49f7a8f9064df503e": "Mir",
    "324b39fb18b741b4a044e9a4aee1d67c": "orbiter",
    "510726863ef0434ab5ff55c13de8c759": "Russian Soyuz spacecraft",
    "26cf42bba1654934aae01ad9ab2f55fc": "Mir",
    "1eb54406765d418db527bb8d3bfdbfee": "Leukemia",
    "1f7f7d0f31ac406d89b6084af81844f2": "Sickle - cell anemia",
    "048a13b670cc48ef803d981f88055544": "shellfish , such as clams and oysters",
    "3459654869074fccafde8467776d5749": "fourth planet from the Sun",
    "03250d726b2a4c8b87759d8234f2db69": "the god of war",
    "8244568d972f48ff8ebc0b6af5792795": "Valles Marineris",
    "b9d18631192d4f73b448d65a8affabbd": "the distance between two adjacent crests , or high points",
    "d3f8bd780ef0420e8317361910a65a9b": "Violet",
    "be6b7c822e6a49d8b22e7740f96d8ad5": "Q : The internal combustion engine converts thermal energy",
    "4ecfa9644c1647e380dceaf022346cb2": "solvent",
    "8b5ed62ca8db411486db1c6ff7de75cb": "vector",
    "4fd6e4eaf5944032886c98668d4fdfa8": "Frame of reference",
    "74b19d34626a4f6a8f7ac83bbbf292a9": "vector",
    "5525c2efa9cb4615ae00318e5ba83b2b": "meter",
    "aeec3a33069047fab35daab043648f43": "motion is a vector",
    "dbdad7296c8b40f2a6d8538acc15526d": "cheetah",
    "bf249851015b4e8dbaa17c037b701779": "2 kilometers",
    "221b7cde610340dd8a10b6a211fc9cbc": "meter",
    "61b6b5b22cd34a68861ad934e24db7a1": "the meter",
    "6b75c6286f5c47968caf7478c6e7c90d": "vector",
    "067ed5aa40cc4d47b7e811e56b48f3d8": "To find the total distance of a route that changes direction , you must add up the distances traveled in each direction",
    "b0e9507ee48a48b2bbc5aaff4ac1ccc1": "neap",
    "96fa9ca2a50947268386b29cb251cc09": "input distance",
    "9720c659acc7423da1e54dfa18b1e732": "Efficiency",
    "922afd9ded954a71bdbec700ad6139a4": "input force . The machine , in turn , applies force to an object . This force is called the output force",
    "d4e7ecafdca847a28e79bea096b008dd": "Machines",
    "9b9e82bb646b4d5aa81cdc195db9639f": "shorter",
    "237ed1ef3bd346afb588a7008e8e6fef": "moving the furniture",
    "2e43f23357fc484d8230db7d406dcab5": "if a bird eats a caterpillar , then the bird gets the energy that the caterpillar gets from the plants it eats",
    "508343035d404d998f31e43620c801c3": "Big Bang Theory",
    "0b3d31bdfdc94811a2e3da22db12bc76": "the faster it is moving away from us",
    "5108543760ae4c948b04f05bcad9bb70": "dark matter",
    "976642fb71524f378d5e7872b729e20c": "Big Bang Theory",
    "e6e8938a091f498f9b20bc814135bdb4": "dark energy",
    "11f1d22e66a84b36a3986d6564561479": "dark energy . We know even less about dark energy than we know about dark matter . Some scientists think that dark energy",
    "b997cd99a55e443985bdaeea813c4529": "dark energy . We know even less about dark energy than we know about dark matter . Some scientists think that dark energy",
    "722b0f5293f248deb78a84541182e282": "big bang",
    "3d9830cdf0274897b3886ad684385064": "dark energy",
    "cb8fe3dd11d048abb059fa27da90a338": "dark energy . We know even less about dark energy than we know about dark matter . Some scientists think that dark energy",
    "8a5b80bd2a2746439b59da0774311909": "dark energy",
    "955d99aa7c6e48a7975697b087c9a84e": "different constellations",
    "ff5d6ae9b20f4218b7c4112c13daea18": "Pangaea",
    "9a69bb23fe0e4bbdb3b69c40ecba20d5": "Metaphase",
    "82a58936462d43e1af509b3bed53228b": "Anaphase",
    "1ffea660e44b40c8b2cb398c176deed6": "during the S phase of the cell cycle",
    "ab6531b1cd674ea5b291c17c7c3d94ca": "the centromere",
    "fb6c79161be84bcfba1f640147960c83": "drought",
    "84cc2299f6a642b0abcde46f8ac25d05": "When soil loses moisture it may blow away , as happened during the Dust Bowl",
    "6e620a3689e14ba991234f3af3479e4e": "the English scientist Robert Hooke was one of the first scientists to observe living things with a microscope . He published the first book of microscopic studies",
    "1ef77a32fefe41308311c426f0a8ef2d": "550 nanometers",
    "f3d0d5cf4a284c8cab191d41acfdb3c4": "2 million times bigger than the actual object",
    "8a0617099a1b484390e2e43c59857e32": "Robert Hooke",
    "4ef787b059fd41108a00f5b4efbfa1d5": "Cells",
    "8061b3527afa48eaaaeaafa4df2ace04": "Cells",
    "f339dce68d144037938bb5b76e2d25f7": "Robert Hooke",
    "4ee41222621c47d0a05c758e48a21d12": "animalcules",
    "2ee48f0460ea4d339c9b11b55ccac2a4": "microscope",
    "bddfaf45ae8643bd8cb7b069743be53e": "Robert Hooke",
    "bfcdf9fc05644b789f0d57299070c3f8": "Electron microscopes",
    "dbf299a6debe4e6ca8a03ad113c8b8fc": "His microscopes could magnify objects as much as 270 times their actual size",
    "789584d63ac74730b9d49fff68a8f878": "270 times their actual size",
    "62fd7b794ab64d7b82ea0c6760acd366": "early microscopes used lenses",
    "254fc344cae34774bc0968ddb05dc811": "550 nanometers",
    "362109455a0d4ef5a15ecd0079382c9a": "esophagus . The esophagus",
    "5d4621c10ed84b119a976e9033c6fb5b": "Chemical digestion",
    "4869861c683744af869044e9d2b85d48": "Bacteria that stain purple are called gram - positive bacteria . They have a thick cell wall without an outer membrane",
    "5e23e737321d41d7b80b5b562cc57241": "directly from person to person",
    "3eb5c31d88094f95a5f7e5ac8c6d124b": "5 million trillion trillion . If you write that number in digits , it has 30 zeroes ! Bacteria are the most diverse organisms on Earth",
    "99337ab408964a88b3a9f8c0bcef600c": "Gram stain",
    "507df9bd09ba4f8ea1e060d735987cf7": "A vector",
    "a0199e6a55f6438f9878644362b7c1a0": "Bacteria are the most diverse organisms on Earth",
    "597689b72416428fac7b5e413aac0c58": "pathogen",
    "715a656faa5148b18d4b9fc3bb3cbbb2": "Bacteria are the most diverse organisms on Earth",
    "40a099a5d1324cb7861424296490ab19": "epithelial cells",
    "a14bea70e88c47159057f78d57773bd2": "epidermis",
    "e66b64d1d1534c1997e5bf41932bb815": "keratin . 3",
    "45857a8f5f9e4a6ca9e885f559673b38": "Hair follicles",
    "097ab36407a64724a2d73213c9ae3021": "epidermis",
    "fc6237b24d1b478fbb60313ac3d1dde9": "sebum",
    "2a56009575aa4bd4a61ae9c0b2a33fe4": "epidermis",
    "8b28268f86774e57927de8172994cf16": "Melanocytes",
    "3d4ce4168194477b817b889fcadcce61": "epithelial cells",
    "5a950411811c49b0b3413952206ac7bf": "Uranus and Neptune ) , five dwarf planets ( Ceres , Pluto , Makemake , Haumea , and Eris",
    "4bc39510833e405a95bd6c2a01b4fb6e": "more than 500 times the mass",
    "bf4c1ecfae0c477582a29ea8f4c6791c": "3.81",
    "35055058ff8d4c36b25920618bcaa706": "Jupiter Saturn Uranus Neptune",
    "c94a85cd0a25465885f854aff57283f6": "Jupiter",
    "4672f7864ff94bbeb081cde2b371bbc0": "Buy less stuff",
    "2a189eb2d0874023810418eb3ec48807": "metal cans , old cell phones , and plastic bottles",
    "0925f06aa4d84147942afd0b66548e1e": "8.1",
    "a1be324722774b30a409e27b7bf280e2": "131",
    "2bebb8f678c3491a95f34eaf14885eb4": "older buildings",
    "d3e531a9372947c99d3db3e7d6a7c22f": "Zigzag pipes",
    "d997498a31594b4a9c8051b1ecae09cd": "landslides",
    "133d3f13e0fe4efaa9b75e28d1b7d009": "landslide",
    "0adeccada36b4b8685c2e451c41aaa21": "fire",
    "77d2d100b6e44c09a2f6aae6f9fa7925": "Silt and clay",
    "5150a44bb28647f6a0d99968048e50db": "quicksand",
    "5e24d3cc185a4cc4afbe138b6c78e0a0": "Wave amplitude",
    "0377f2f376e646a5872c6dd978523ab0": "wave frequency",
    "86a5293ba6e04f69b6960829f6a59a2c": "Wave speed",
    "ff302fa61e614ead9d34a2ad82664463": "crest above the resting position",
    "6f5cf74915cb4a4cad2ecb83407cbfe7": "Wavelength",
    "c75a634af2e4425cb23ee82446e99680": "The resting position",
    "c02c24d8e0734c9b9dd86703748d346c": "hertz ( Hz )",
    "b48171909d2640efb716373290c640ad": "kit",
    "01108d2ab2c34d4196e68e077952cadc": "Biotic factors",
    "fc4fc180b0104755916abb81c74fa00c": "population",
    "dcc98091484f405f9ad60f2aadab4396": "A community",
    "fd8a34c1044e44beb498e94a310dab62": "population",
    "5320f4abc11347cda9d557d313edf72b": "The Moon and the planets do not emit light of their own ; they reflect the light of the Sun",
    "3339d95430de4a28beb16e01ce2c4a8d": "Albedo",
    "195948d8442f40678cf741f546cd86c6": "a prism or water droplets",
    "7d96774a07bc46d99d5a0279ddc78cce": "the Sun and a light bulb",
    "c2fa3f5ffbf244588e12f433630c5526": "protons",
    "003dba2c039e44bab253a31ab9151921": "hydrocarbons",
    "b7a7d7430786480ab2beec160572387b": "Radiation",
    "a7c1b7795d2c4e749038d2b6ee844e66": "conduction",
    "775d29678dad4ed5b3d075847e46b9ce": "convection",
    "a1029b9cc250410e83e17a9fa9117bfb": "convection",
    "f8e8d9f4f48d47d5a7630134bcc0b26f": "Beagle . Darwin was only 22 years old when the ship set sail",
    "bbe1eded71414f6496945f4e3f56dc05": "Natural selection is the process in which living things with beneficial traits produce more offspring",
    "4f3d390b82bb46cf80a49aa0334a8ba1": "South America",
    "e3d56a41fd3a437884499a4965eaf178": "the shape of its shell",
    "7ed08ee83a974b9c8edd4d8d012850db": "Jean Baptiste Lamarck",
    "49855d18ac074f07be881bb145b711a5": "Galpagos Islands",
    "79c58e0788b14923b8a488b18ebdad73": "Jean Baptiste Lamarck",
    "a9bc7c44c06241e2a499a30c8c47f04b": "artificial selection",
    "61cab94f2ddb4a22a130aa947c210802": "Jean Baptiste Lamarck",
    "4123e86df5e44006acc205ff72ce689d": "Natural selection",
    "7fdae196d5834d05952485d627f16960": "Jean Baptiste Lamarck",
    "4980dc8dd0624d44aacb97948f835dc1": "800 kilometers per hour",
    "9afd2e2164114f99ab7692fe3bef529e": "cervix",
    "1b368205ed2444aea4cedc09f5e85ad0": "ovaries",
    "33eb158a85f846f095ccb2a57103d3da": "fallopian tube",
    "a850cef5657c4747ba2603a62eb75570": "The uterus",
    "b527c59db7b6410cbdd2d96d5e35783d": "Analysis of your own genome could determine if you are at risk for specific diseases",
    "c353ee82738c4ba1a6b430920db1c99c": "Saturn",
    "b29fa02e6baa4db0bec4e11e573782e7": "Saturn",
    "bc6688103afa464aaae5caaca89ebdbb": "The Great Red Spot",
    "c71e851c53624cfe960c921e1242abbe": "different colored bands . These bands rotate around the planet . The ammonia also swirls around in tremendous storms . The Great Red Spot",
    "b5f59603d5864d05b05ba442cc2d17c2": "Ganymede",
    "001d5276f0a34ddb8ff3517651325b57": "covalent bonds are polar , then the covalent compound",
    "7f4db4f221684181b05cced8904495d6": "Bacterial STIs",
    "97f5c428af1a45128f7dc2ad23a9a6b2": "sexual contact",
    "bf1e43fc518d4f8192a8e479aa7146a7": "human papilloma virus ( HPV )",
    "3ebebed5a39f4ecbb381fc751d75440f": "human immunodeficiency virus ( HIV )",
    "57eb8e4f85fe4f6993aef69ac6b88505": "Genital herpes",
    "df5fc8a918c9463d9a469d1de876ab1e": "Genital herpes",
    "afb2c9c699dd45d1aa7cc51d0b36a037": "herpes virus",
    "39a6c98c559c464795424edd34dd0346": "Chlamydia",
    "f363192aebb248ddb664cacca4df0d2a": "teens and young adults",
    "f2509a23fddc4bb2b51ab0292d274fd8": "pathogens that enter the body through the reproductive organs",
    "33e2aeb01b7742da84a2d9e98d7c8f2e": "testes",
    "e9ec45f2539a49eda65726f77319b465": "Bacterial STIs",
    "01701732201641cca431c3b52e06f421": "inability to have children",
    "0c1055136ba24f3fae4e060c69ee2e60": "velocity",
    "405d6fcfdd494b5f90c91334444b8dee": "nose hairs and the mucus",
    "a1505d1c6d874cf48ffba77447c8c4cb": "The nose hairs and the mucus",
    "6cf18302c59b4ecc9021a82d010c419e": "Earths shadow",
    "16a507ad246d41a9b82bbcfb6e835b8e": "when the Moon travels completely in Earths umbra",
    "ea39dc880ba844d1bdb686f6b132a6b1": "umbra and the penumbra . The umbra",
    "01218272051e42cab89a012a7e235b3c": "water vapor in the air",
    "1d12f72eada945f8a41825a0bfb1fe7c": "oxygen and nitrogen",
    "e70e2f6852ca43acbd7fe71755d4aeba": "three different seismographs",
    "e3d613ecd96743dfb8c2c6792cefc3fb": "Buoyant force",
    "a1699b5c3d0c4f3aa5165fde3b9329e9": "Buoyant force",
    "b0618467ab604e0ba1ca6983022a9345": "density",
    "d1416da50d5e4d17a10373f3e5748391": "afloat",
    "012bf387d19d4cd8bcebaf3f889f5a29": "Buoyant force",
    "70927824e6d740b6b296e8ecb8ed1290": "weight",
    "0fc4f40a759349b6b6c5817462b28fc4": "buoyant force",
    "eaf4e10475c84a41a66fb0796425f006": "Weight",
    "938fedcf96d64722b05166712746f323": "Buoyant force",
    "d8f3fddca411442eaa0b889c888892ac": "Static friction",
    "4e711d6ba61c42d694abf70b861540d1": "Ureters",
    "3a966bca43c74155a9ac51070f40ee6b": "The urinary bladder",
    "f88db845a35a45aa838032a93379780d": "urinary bladder",
    "3a1c0dab624a4b669b8229d0ed2313ef": "urethra",
    "5c54256bf51248c8a20af33b852950da": "the negative and positive charges \" cancel out",
    "9851fc17caec4059aa7994323d402a13": "protons",
    "96ca95d8d28e4b9dad5973961907f1e0": "It is stronger than the electric force pushing protons apart",
    "0512a5e7dbdd4c0b88fa65fc31b8314f": "proton",
    "4e310a5d601c4cbb82b1881ded456b80": "the nucleus",
    "1bc66b5ad3c746d08854317fcb6527b5": "the nucleus would be only about the size of a pea",
    "2e5124c558f241aa87eca55652068fbd": "The nucleus",
    "65c44ff1b63a45de8f59e86b520e3225": "anti - B",
    "075617de420549cf84fc858a3dfa9431": "anti - B",
    "ffce7acf54784f82a3db1218f58487b0": "anti - B",
    "9fd74c71db6541d99b432b02b766ac6b": "atomic number",
    "9995589424624257b2b039d078cf25a7": "increasing atomic mass",
    "5ccc4a9e5430469ab5028c6a8eddd74b": "68",
    "1484bcfcd0814896bdeb44a12ccf231b": "lead",
    "675dda6b5cd04f76862df1aeb041edb8": "Mendeleevs table",
    "41243b324abe4c96b7f462688fc455fc": "The classes of elements are metals , metalloids , and nonmetals . They are color - coded",
    "3b6e04aa14034832ab92ba14c292b5cc": "68",
    "f8016403b9fa40d69f44571757d8bea8": "lead",
    "7a481a572709494c846b36332faab908": "protons",
    "5c91dab9dd48477ea0c782a53dbdc8b8": "atomic number",
    "a630219b29554b01a72da2dd65b84487": "amber",
    "acda4b70bb454f0893bb032799ef4c6b": "permineralization",
    "99343b622aae4e1093fd1fefa8cf501f": "permineralization",
    "a670f9f2b27b483a9d8d0e1f748437a5": "1 kilometer",
    "0efb97baf32f41449c80019c73fac12b": "June 19 , 2010",
    "3badef437c4a4793b5aa076366557e4a": "phospholipids",
    "7a573d1a4fe8460abcf0a1bca9b679ee": "Crisscrossing the cytoplasm",
    "358d4868655448a5a2720add4c84749e": "The nucleus",
    "4ce0e3dac419473daceedc3f9b9d440c": "mitochondrion",
    "f22a08f7647b453580d14d6317883ca9": "ribosomes",
    "5c09026677ef44f6ba73aa92837e8207": "2 oxy- gen atoms ( O ) Chemical Formulas NaCl CaI2 H2 O2 CO2",
    "a2248d28db0446c69853fb703727cf6d": "phytoplankton productivity has decreased . ( d ) Coral reefs are dying worldwide ; corals that are stressed by high temperatures turn white",
    "e3d613c68a8e4fb894ce28cf8c7ac481": "felsic",
    "a8396fd6bf6748d2bb1b862a71ede652": "outer core ( 3b ) inner core ( 4 ) lithosphere ( 5 ) asthenosphere ( 6 ) outer core",
    "98832ac6fb694284b7c18f86f70a07fd": "ring - shaped rash",
    "33de4e48b32841d5afa01290ce0ffd00": "protozoan",
    "14ad981372b84dc89dc242f813aec333": "Decomposition",
    "c1a34ecc1d6a4a7c96b40cdadf321318": "General Motors Sunraycer",
    "ed47fcc44d804197b0a12bbcc87d31ca": "Gas bubbles",
    "99c6eb165b5c40e18a626021acd0e57c": "Gas bubbles",
    "86dcebece4fb4ce0a4f424f7a26cc570": "conservation of mass",
    "0520da0fcbe3469f99afb05e9535b5ca": "chemical change",
    "5c95de2a063444f586e970a1a7680d2b": "Glass breaking",
    "8a016e9ffcbc49e195d998ddc227d6ca": "ashes",
    "317ae5ccf1b84207be38947f6f037cd0": "carbon dioxide , water vapor , and other gases",
    "b8a6a7260f324f5590ca2f5b55d596f7": "destroyed",
    "6c36d6c8d4694b929bc001874bad1d3f": "regular reflection",
    "dce67926daa5402da21a59b86cbb7437": "A concave mirror",
    "a756fdccef3f485fab3f5387d1c5ad11": "still water of the lake",
    "31dd2b7029f74f6690dcc5b0008a9b53": "An image",
    "88f4b4d4f6594d2e9ecb8d9ca175581a": "regular reflection",
    "43983884665d4d43aae601d0edc9e588": "A concave mirror",
    "8a7c6c76ca8f4c439c069b0e83a6a133": "acquired immune deficiency syndrome",
    "66439f454fcb42948a1f69517dc60fa0": "10 to 15 years",
    "7f410a5cb3654bc2a62de9f8f762def2": "Africa",
    "c9f303aa6dd04da1a31fe2de3aad4739": "blood , semen , vaginal fluid , and breast milk",
    "002c1640f0774dae9aaa14bff7831ee7": "Epilepsy",
    "35c1bb2b20824df28b1652316385a8e4": "prevents cool air in the troposphere from mixing with warm air in the stratosphere . The stratosphere",
    "746bc1fa64194e258596cdc113f4e3ed": "The thermosphere",
    "d22443f3dc264f16ad1825ff91c93d7e": "tropopause",
    "24ea6c2ef03e454ca8533bfc31fad46e": "stratopause",
    "bd894cefdfe243148aeaa95978cdab13": "troposphere",
    "e4365f10863a493ea595db01719ed76f": "Air temperature in the stratosphere layer increases with altitude",
    "2de977f5e4b1496a9641b78eec01cfb0": "absorbing UV radiation",
    "6e7a384b60a440698c73be8b70a86924": "tropopause",
    "a235fb3f27d34b8991b3c5c628ad66c6": "warm air in the stratosphere",
    "f167b7f894914a60bf6424329d80f60c": "some layers of the atmosphere",
    "7e25b9d8e3604b32a29717a789c84bf5": "The cold air is dense",
    "731b2298643945b7b79950c5286698fa": "15.16",
    "224396f8337b4080a06efcdf940c9b3d": "no work is done",
    "732f7c0d0c394c95b5880a732fa41404": "the weight lifter on the left is lifting a heavier weight , so she is doing more work",
    "d08a88753754480bb7398ddd3cc9f659": "Nitrogen can not be made by living organisms , so it must be continually recycled",
    "1ca5ab92cce740c8a61062b693e84391": "some bacteria",
    "61697ef84f694707aac11a65d180265b": "more or less electrons to protons",
    "ba7ef861a285432a86a3327f78ced069": "oxygen atom",
    "177e95ff290641dc989b725984da54f4": "oxygen",
    "fd0e7138f82a4f58a27c9dd2a72c4b13": "An atom",
    "a7dc4539dea64dd187d07d235466cfc3": "nucleus",
    "e9d01f0beee74091a44e197d62c0ffca": "A molecule",
    "c83a22d3700c414da1e58212a5390d9b": "Minerals are made by natural processes",
    "890798e4fec54fd6846144ee58582018": "nekton",
    "4ab3d5bb656f43368b20d1094b0f8165": "gills",
    "b0312098350d47679f87fee77d25a105": "chemosynthesis",
    "65e65fd4edff4fc1999af76bbbe8679c": "photosynthesis",
    "ff3baa951da04fe183bcabbcc08a279d": "Phytoplankton",
    "c171e8f8aa5e4a04abe59c9883db540c": "there is no light at the vents . They do something called chemosynthesis",
    "5160b27181d347f9884ed6b258801eee": "Phytoplankton",
    "9093c2e02f064f2a85db6c4752cb39ab": "Zooplankton",
    "fe4687e2846d4930a1dfb216b183d548": "Plankton",
    "22a90d034523487a9b3946ad06a9e4d9": "Benthos",
    "383e1cb4e08f41b9b5bbf3371b4cb094": "soils",
    "e328042808cd49a2b9abc475100cef02": "permeable soil",
    "90111e5637964e7d815a715ab74fbc0b": "loam",
    "649b35a1f74d48488924a38f5e2b5330": "Soils that have lots of very small spaces are water - holding soils",
    "e3af898fd337440e8312a5ed04711cea": "covalent",
    "b0b7e83aab09477c855f35f95ce119d3": "hydrogen chloride ( HCl )",
    "57263ada8e6a429491f95bed25ac8a07": "oxygen",
    "e199f37bfec8452b8235ee673c8f0038": "covalent bond",
    "d88f7bad1f3e43f1951ee3e75ccf53dc": "The lungfish",
    "74a99e1abe9a41188ebb7ccacedefb31": "coelacanths and the lungfish",
    "256fa6baaf1b4063a53206a6404286c1": "bony fish",
    "99d8d93e42e7424bb74840ca9d95fa0e": "the stage of life",
    "27943a3484644f7c94f02db803b91d51": "mid-30s",
    "e20b25bc78a4409890ea015a0484a09f": "early adulthood",
    "19f0d7ebaee945e5b2eafba53231a9be": "mid-30s",
    "e7abbca758884267878065d116459ea9": "Net energy",
    "724eff0d1d8441eebed90ae7347d6522": "longitudinal",
    "4874b06e706a42a1aefc8ec501dae995": "nuclear energy",
    "784a98abfec4494fb5b9e99315e328bd": "Mechanical energy",
    "2ce1ec0ea79c4890b24c07fc2943648d": "Thermal energy",
    "6d7c64ca34b540fb97813298d8a43bfb": "Sound",
    "49776bfc290a4ed1a6fae9502985e767": "nuclear energy",
    "88bb8793de884ea98df9a5ad45ab8116": "nuclear energy",
    "a993fe4103a94d51bd7e52c652eb0b27": "Mechanical energy",
    "bc019a93c55d48d9b77b9df313ce9a8a": "Mechanical energy",
    "2b2641cef510410c8d2c47975f79250e": "negatively charged particles in atoms . Moving electrons have a form of kinetic energy called electrical energy",
    "db802888250a488bb09aaca33bf7a37b": "space",
    "34f18c3a445c4016ab3cac7f0ff546c6": "chemical energy",
    "cc583ccb1fc94f3aa5ceeefe64d85bfa": "electromagnetic energy",
    "b67fd317fd2842deb3713705da866d09": "visible light , as well as radio waves , microwaves , and X rays",
    "bb619f007290479fa9a2df6a8a158948": "space",
    "24466d1123a548bc9e8835ef8aab2097": "Rock , soil , and water on Earth absorb the Suns light and radiate it back into the atmosphere",
    "42659ff701a2474ea9f6d28251bc2e89": "Over land at night or in winter when the ground is cold",
    "88dbf0730ee24336bb7428aa07268912": "Earths surface",
    "3de78e330c324953af6a5ae97de31e64": "Pieces of rock embedded in ice at the bottom of a glacier scrape against the rock below",
    "64129ed96bc944afa9ea6582e3924c84": "Chemical weathering",
    "18912b41c4f84799b73e8ea17302be26": "water , ice , and wind",
    "24312a11620e42cbbf33c89336c069ef": "Abrasion",
    "d93bfa7fd2c849e5adec12f73ca5a03f": "Abrasion",
    "1d91ca1ae9834b70a507433d75fba6b8": "Mechanical",
    "370d6f0e8ed644f9b8850224157f747f": "Mechanical",
    "8c226d6f91c04686a2506103cf825c64": "that electric current can produce a magnetic field",
    "5aa652a5013047809228a6c7bfeead65": "anemia , leukemia , hemophilia , and sickle- cell disease",
    "8ccc1650edc546f199bffd227abfc8f3": "A blood clot",
    "ced87a89c9fe44e28703187633b2399a": "Anemia",
    "b56c12f0e50946559756cec549334600": "anemia",
    "5007c9b3db084c5e888090a07b61e43d": "Anemia",
    "9b618c6389d54d2f910c726791a8f77e": "a liquid connective tissue",
    "ca33f24456e64a399e0bc167f5e7ba1e": "Rhesus - negative blood , or blood type Rh",
    "ed584ad7b0fd4b38973fcbda5ecea78a": "meteorites",
    "82a214a428a34717bf432799235dadcc": "Gravitational contraction",
    "d377cc6ddab048c296f65a00b7af77c2": "Alpha decay Beta decay",
    "ad89b2e0f4054906859237c01f5494f8": "Alpha decay Beta decay",
    "1ea01eebed7144f790097be4b90832f9": "3 percent",
    "44aeed374a0a4079bb09763bbd573e2f": "Energy from the Sun",
    "8ab434ba2a444a0db4facce66e55b308": "the Sun",
    "53a3b2e503364fb99fcd19fffee54b42": "Precipitation is water that falls from clouds to Earths surface . Water droplets in clouds fall to Earth when they become too large to stay aloft",
    "9c95706e43ad4be1ae6c817042a60933": "Condensation",
    "cd885cc6abac42ce9c42a9ba84a7b822": "Precipitation",
    "280f611ef3eb415fbbd0e59c740abe17": "The water cycle",
    "3d820394ac7547f3ab535965e23d7492": "transpiration",
    "39cc01df022042ff9ad7f53f232b6676": "Evaporation",
    "74224592f37d42b1b0aeca6780bd454b": "freeze and fall as snow , sleet , or hail . Most precipitation falls into the oceans . Some falls on land . Runoff",
    "7ef8a6297a4143dba6bca79f692edd88": "Condensation",
    "34c47bbc932b48618dbcc3dd10aac713": "Infiltration",
    "0a6de01d5561434da49d504b51148cb5": "as many electrons as it can hold",
    "fa77d0607556415d8a95f42e8d19f562": "12 years",
    "63f52002dacd49639a8d70ccffffbae0": "very slowly",
    "973caca0db1549cc8f1d7a7f815ef221": "Stage 1 2 3 4 5",
    "996d8ccfd7274b3590de36edc9085bae": "reservoir",
    "358444dbdd14436ea7294091bcb2a2a8": "Condensation",
    "a3bcbf5d04984ec090d4f37446b2d23e": "carbon cycle",
    "2098510ade3a427894d14ef137042bf6": "reservoir",
    "b193095bb90f4d4ab25eb26cb417151b": "groundwater",
    "374e9c94f8984d168ca680ee5eacc958": "Condensation",
    "6a2dc3c1e76845849a63225483cfbc63": "carbon cycle , and nitrogen cycle",
    "4d04e6bb73ad4b6d8da0e54582cf8dc6": "Regional",
    "711b55bf16044989a19b1f879b4be51b": "momentum is transferred from one object to the other",
    "d8022f9c47f54579801867dfcc872fc1": "com- bined",
    "2a6e15479ca34c7e86eb1997f8984126": "Momentum",
    "143b12cbb2b642c487b93c881dc994be": "Balanced forces , which are also equal and opposite , cancel each other out",
    "07b15d70a51d45688224e6237b1cf8db": "Player",
    "87bf5c7caede4c55b28c3f389e1102d4": "bowling ball",
    "69f0d886a3144d108efa8fd80efbdbd3": "Runoff",
    "fd66cead2c5f470e81380552339a1efe": "infections",
    "5f1c32db30da47368ef280361c5e1f1b": "Mucus",
    "fe33e8fc89f04cf8b053865a7c06378e": "98.6 F ( 37 C )",
    "61041dc441b7464493b34cc6d8c1d86a": "phagocytosis",
    "ee345a5c0d5e406da3c36519e8e33830": "The skin",
    "fd61a6c1f28d478eab3f0f9fc5922794": "cilia",
    "30872ccee01143ca80000703bcd5d09f": "hydrochloric acid",
    "61528e8a395d4551aa1f7db0319e0969": "inflammation",
    "b5ad31f877fe41949b13df9ecb58937d": "the collapse of a giant cloud of gas and dust , called a nebula",
    "ae8eb56aa3c847b1a7dab064db3dd725": "the collapse of a giant cloud of gas and dust , called a nebula",
    "73e40be7426a438482277da1cda04929": "plant pollens",
    "7cd959cb341a4a679c3bb387fe598907": "type 1 diabetes",
    "729978eaaeb84b828a853a04a3e4dd0e": "anaphylaxis",
    "b72939449b0c4868b9d226ba8b16f5bf": "medicines",
    "24a8ac980871433292e176cd1c7575bf": "Bronze statue",
    "09ac7296128343cf8c072bb1ffa76dcf": "neutron is crashed",
    "745b75dca4934be6a4bdc96bcc177ff0": "oxygen",
    "2f404d7f84914b2fa6d7f3b68339f023": "polar orbit",
    "f7f9a394f82a42768c6818ae2d01ded3": "NASA",
    "02cbc1312d934554a39f6757f245d486": "hurricanes",
    "aa4615c7e2b44d53a21b2e3a8f7965da": "GPS receiver",
    "e557d40f21e249c4adce392a7dc0913e": "Global Positioning System ( GPS )",
    "6174e4acc47a4181b557d8555e19830b": "Weather satellites",
    "95c86ee34a8746bfbbe660a8d0c9d19b": "latitude and your longitude",
    "75c8c4af093b4d7a94e7b5011b932cda": "axis",
    "99e55e42282c44f18ead5db11fd25df4": "Lon Foucault",
    "6e1683f515c844b1ac42aadd41326432": "24 hours",
    "5c481715ed3e4a85a8797aadf85002f8": "Foucaults experiment",
    "3ae6858378714fb9ad10fb389061ae78": "William Herschel",
    "bbd5f9ceb963407fa8b74b0e061a1a4c": "clouds of methane",
    "982abeb9cf274e9b9b10b238b52fb28b": "non - point source pollution",
    "54f851cc426441de86a4399467f3e30d": "non - point source pollution",
    "1c59d947328941089683423c66f1bd7e": "non - point source pollution",
    "e3e85993fa0f4b968dfdd412fff71511": "Thermal pollution",
    "569c0ae2967242128a1baad7bdf4929a": "non - point source pollution",
    "08c4eebc49b34c5bbc438f3280fd8d6d": "100 N 234 m = 23,400 N m",
    "dbd8cc3d1d6a470abc547fc455114bd4": "1 m",
    "0c281a8939a64f85a64bf1b54ffc3775": "Work = Force x Distance",
    "3df6eba6d9364be08826514de9792f32": "Work = Force x Distance",
    "5ad353ac7d744416938936bfce8ecf33": "Figure 18.15",
    "c1bdaaa02f924bd087b74dffb629c310": "refrigerant",
    "0cbf2034c08946a1b5db796fa59a1b4d": "combustion engine",
    "067c1cb29ef440c7b831384293300009": "refrigerant",
    "76c195ffa7cd4ed19f41fe0d87f5d658": "air conditioners and refrigerators",
    "3497732d5a47478ba5783f7c26448cda": "combustion engine",
    "5b3010718de548fd892eea5284235974": "refrigerant",
    "65823c7a1ae54a17ac300361e6149c91": "Alfred Wegener",
    "64f0ff3101a74d558ac22e9cdc2a92da": "Africa",
    "b2e519a9a1034e01bba96c0b40a2c595": "1880",
    "fef36d698d7b4fbe86f8691a63dbf46d": "deliver oxygen to each of your cells",
    "3c0c6e44eda6479caf83ba902243bd2e": "Radio waves",
    "dbb6c045b62e43558a87a11109184c3c": "Radio waves",
    "edffba68024a4fb9bebd1735e58cec6a": "chemicals",
    "768e5d2c668b4b2aabcb5b4498afc2e4": "fight pathogens in the body",
    "d1b45ea3410840d194ab282746593451": "composite volca- noes",
    "cff007b514d74fdd8ef450831965d713": "Mauna Kea",
    "896535b8a97c43f7b523674032d6bc1b": "protons",
    "99563e0bfd7b4bf8bcdd3d37f240c7f1": "tension",
    "395748741ac642e085098007c7471745": "stress",
    "8035c55d31274462bee2ba4d44746206": "shear",
    "9d2d9f3affd549449864b13e64a74847": "Shear stress",
    "e294a30a696f40ff81c67e3a5419eb1b": "elastic deformation",
    "84e4c651962542ccae1a3a908b07dfc6": "fracture",
    "233b935855384ca4b70cf9ea2e53edc3": "Compression",
    "720039c08a304e209c069802f1b60e4d": "two wire coils wrapped around an iron core",
    "f87d8b1511504fc598326d9b4081a11c": "23",
    "8a94a8bf1cc44742b38e95fb8104346e": "antibiotics",
    "f8a78cf0e4c841a38de50c3449ae48c2": "anthrax",
    "e8b034ba1ee44ba8923d419440791620": "Efficiency",
    "4d725a848eec4287b355f4bd39418b5e": "yolk sac",
    "bfc3e7c5172a429c812dd9de0891e965": "Class Hagfish Lampreys Cartilaginous Fish Distinguishing Traits Hagfish are very primitive fish . They lack scales and fins",
    "71bd84c5ff57477ba67fa61b62e5f8c3": "ectothermic",
    "a9bfe7a21b3743d9acc3cd55e6cc2e0b": "Fertilization",
    "1ba084c3f74e45628f17874ce476d93f": "swim bladder",
    "f812868fc7fc49aaaaffe658eb2548b4": "separate sexes",
    "f8bde8f46e8247e6a78db41ea2195366": "Hagfish",
    "5de2e8904a044806935fd3cc2cd8462b": "ectothermic",
    "87e791d1eaea4f84937100afaa840637": "temperature",
    "8ba8814947f2414bb90489a940ef8358": "elliptical",
    "dcbd54e7c3b043ec8411e532a12aeec6": "focus",
    "05038b23dd6248e09a917297e8627db8": "when so much stress builds up in the rocks that the rocks rupture",
    "d57ffa40ac18403c8da7973c20a2ad60": "Earthquakes",
    "f60c86cb645e4fbeb0b0c3c088f4a547": "seismic waves",
    "4dbbe40be5504683bd4d2483050fd74f": "10 times that of a magnitude 4 quake",
    "df5e1349888b4ebf950186535708c3d2": "Richter magnitude scale",
    "58f74a3758d14288a3152a142acb21e9": "S - waves",
    "7e97665552b9480f9c313a47fcb72eed": "the magnitude",
    "d367fefb1e004619adb8f53e19ce2df4": "seismograph",
    "ce4e90d6ff2340b8974902490f84bf9a": "Mercalli Intensity Scale describes earthquake intensity . There are many problems with the Mercalli scale",
    "b10fccb4e5134a57ba5e8fdcfbf378ac": "Wave height",
    "086c10981abb405dbf236ea7ea66f04e": "If the earthquake has a shallow focus",
    "d0d90184304c4741952bf7eced30433e": "a stroke",
    "40c6f807a9564cd8b688172467a5231e": "cell pieces , fatty substances , calcium , and connective tissue that builds up around the area of inflammation",
    "3edc31b23ab447ae9b24a6e269ef0c50": "iron",
    "6a23b7cf555d47169c7bf563e31342e9": "Coal , oil , and natural gas",
    "e9c0282e996c437184fb7618eb1c498a": "coal",
    "ede8e61b8ea94f4d99a0263b45e2a6b7": "fossil fuels",
    "8e0e1eb8f8d447c6909043788bc049eb": "Coal , oil , and natural gas are fossil fuels . Fossil fuels come from living matter starting about 500 million years ago",
    "ff68770c71ed4735a374cad4d8b2946f": "Animal skeletons",
    "8185e4b43fff429a9085972ae060bd6b": "Animal skeletons",
    "aeb00fa1b38541eea6584dead390828d": "helium nucleus",
    "7a2572444f9e4f4e9456bb61a3054158": "velocity - time graph",
    "ae9e6f154fc541678a78a1df6cad5fc8": "The Columbia Plateau",
    "9b09c0d2097b4a728608ccfc16626658": "magma",
    "8d1ad77dcb704e1caffaeb38a93b1406": "Columbia Plateau",
    "899ca376775145ac86897879f3d9768a": "superheated water bursts out onto the surface . This is a geyser",
    "8f19c7353ce1432ea4945f1289d3ec71": "Columbia Plateau",
    "c706f0171cd540a39bc786f8a6a4fa4b": "grow and reproduce",
    "8073d1c3737e4f2fa7adf8f6d5ddfae4": "grow and reproduce",
    "8c0dba45252d43af9bd25529e619fa7b": "Reproduction",
    "4b7b169c5abd4df29f97f4e24fe7d59b": "Energy",
    "c802791ff4964078893c43c686ed19e6": "trillions of cells",
    "a8dae46f583046e0bfb2342ab428533d": "different elevations",
    "bf4ad77cf4ea4281a25a7f5b58e25c63": "Topographic maps are also called contour maps",
    "ad9e1f68dc834bafa2dd7d91ebddd04d": "geologic",
    "4ed4a2ca4c7e4b1188c62c3b04f920fb": "you will not go uphill or downhill",
    "52ff13b4d6c54dfbabd5c03cd1f4348c": "geologic maps",
    "3b29554a2bb3438d9e1b21ea65aab143": "three",
    "34a7214c525141c09c175385463da01f": "the cornea",
    "43b8da2d0b4f46fe9b9031bc45c2a073": "Hyperopia is commonly called farsightedness . People with hyperopia",
    "3af527b599db45908118ab2c171e9d60": "retina",
    "cd46c43f47b645b183075e1975eb4af4": "Hyperopia",
    "ec480218cc0448b8b6b98afd7c643785": "cornea",
    "7849ebb0742641ca8be1c85eeb56daa7": "special cells inside our eyes",
    "fd42b4fc368f4c2d9a5a4ce269e98b0f": "James Hutton",
    "870b5f1e0cec4b03bb3d047cefaee879": "Navajo sandstone",
    "0950ae0885ab44798ad1923e4cb7758c": "sand dunes",
    "0c317576499a466cb7343f67f06dd05a": "URL",
    "bce6c2f4aac24910b395e02c00e8c275": "2 Hz",
    "c9687b39dba14fb69430c440a2b9b7ed": "coal",
    "c8589ba1f57d408fbe545769a7da8a08": "water or sediments",
    "c6c2a07b3ae64338bc06360dffcf7a98": "Alice in Wonderland stories . It was based on symptoms suffered by hatters who were exposed to mercury and experienced mercury poisoning while using the metal to make hats",
    "1a622da83bea4a8682c646a3b35756bb": "active transport",
    "faff58142d0948758658603914228ceb": "amplitude",
    "d31adba4f57c4d04a6f61d3ce11b77ff": "wedge and the screw",
    "80f0456b00cc4a0591839e460ce7a550": "screw",
    "a524cb7130a442e4a0ff40ed4b8ee03d": "its maximum thickness",
    "22876acc1fe143e9b75d3188bcc3b495": "screw",
    "1acf4a7bb39940c79b9539c83d0c4f1f": "inclined plane",
    "53a3409b8df3410f8ad3018353f5a866": "intraplate activity",
    "d3f7976da7d54fbdad90c4fd6b792388": "making antibodies",
    "670c2fb4b0794f969886719e5ac8623c": "Antigens",
    "4f0cbebd9e394bcc85d99565251ff87c": "lymphocyte",
    "806923bb647c440588935361efb79dff": "bone marrow . They are named for the sites where they grow and mature . The B in B cells stands for bone marrow",
    "e102e9dc2cd446a7935a639aa0a3fd6b": "Lymph",
    "12422478131f46db953eff144989249c": "spleen",
    "8afb6688e5894de3b4d3a5a64df6ea57": "lymphocyte",
    "bb1226a76cca4e99b37cbc1c9d0b6f76": "lymphocyte",
    "b781ad2a2bdf4beabe48ca56197a6d87": "bone marrow",
    "a87c3fbd1b9045548dac01de95e37f8a": "thymus gland",
    "1ac642c6138e4e9592bf1e06e2bc114a": "toddler",
    "0f6edee063124763afa3c094d298814c": "hip",
    "b1aa6c804d694f1db40a452d24ffa08e": "The pivot joint",
    "4ec4e561478e4c708b9a81f5acd54cbf": "hinge joint",
    "29fd777e75b94802ac4325923e3d2040": "m / s2",
    "13c36f4088cd4622ae3ce6c01b0e2511": "Red blood cells",
    "d2bf42be1c554bc6b1afbe3c853e8a85": "cheese ( lactic acid fermentation ) and wine ( alco- holic fermentation )",
    "5e4b3c4e41c04767861dae37750e769c": "carbon dioxide bubbles",
    "e088869e9051466cacd0c745b92aaca6": "Sun",
    "a485625bcdcc427cb99563fb95c5bdd7": "net force",
    "3e7cf47a705f444f86cb61f6eb830dfa": "applied force",
    "017b63bbc9f340e3b0f3a1453fae802c": "net force",
    "28e528c9b33b4660a75c38ea9c661927": "friction and gravity",
    "6831ccc74b4243de86901226da3c7a3d": "newton",
    "1b65f1e5a0784a8e82b06fc2a2dfe442": "the phenotype ( the traits or characteristics ) of an individual",
    "15914a1550f7479fa96dd8d8b3ce9092": "electrons in the outer energy level of their atoms",
    "a25d76eb043e4be782886fa4a4374400": "the direction Earths axis is pointing relative to the Sun",
    "6c137c05dbb34611bb456f1915c5f34e": "Solstice",
    "4eed302db92b45e196758482745ba643": "the direction Earths axis is pointing relative to the Sun",
    "2722036d753a44219011b1cfb50c0d9b": "Suns rays",
    "e614bd0ca3b346959436487ae023d9e5": "an equinox",
    "5d7d160efede4c3fba64bb6746e8ac4d": "Limnology",
    "ee70ca2c2e8c4e11980549c534301424": "The surface ( littoral )",
    "fb0169838e6244c0b5b725a4589e8fc8": "Limnology",
    "bf41b3fa97b94814add2fc5fb7095675": "wash your hands after using the bathroom or handling raw meat or fish",
    "9de4844aa73242efba750cac45fc5da4": "amount of energy in sound waves",
    "916e031c221846fcbccb979078d27c66": "speed = distance time A familiar example is the speed of a car . In the U.S. , this is usually expressed in miles per hour",
    "efa54c685a954077a7070c28301f8068": "meters per second ( m / s )",
    "f98601bb0cbd451db69837e09c307cda": "miles per hour",
    "ed68638f1d394cb4a79aafc548a78d85": "instantaneous speed",
    "6e3e2f580c7743c4a7239209889645d1": "1.5 hours , your average speed for the trip would be : average speed = 75 mi = 50 mi / h 1.5 h",
    "c009d29b1940407ca91d506ba0080878": "instantaneous speed",
    "e5bfb5453a344c7ba75badabdeda3852": "Speed",
    "2200e3f2bf78420ab230aa08c56d68bf": "average speed",
    "8821320fa1d2487494cefbdf190e684b": "If the line is straight , like the line between A and B in Figure 12.8 , then the speed is constant",
    "fb12db80159746e182c26c77284ac551": "the bottom of the water",
    "9c1672be4237499b922ece5ae5fceb63": "2874 m",
    "ccd3d2dbeaad4fd9bec5fd2dd24fe901": "the bottom",
    "85b8cd6792ef41af8995197c1246a283": "The midpiece",
    "5c14231d5a444d58bf7bbcd535d49437": "epididymis",
    "f3ffcab1b5a04ba59da5dd71f3a2275e": "immature",
    "2a1665305f5e4dcf9552a7444512bc45": "fossil assemblages",
    "7808913ac9f449799ad89f9dd85cbc55": "fossils of land animals and plants are less common",
    "e289e2800d154d8697aed8e646265bcb": "Fossil Shark Tooth",
    "34a08d15941543a196853754935e9227": "trace fossils",
    "debd183c6d3049a0bdb462936a4e3abf": "mafic magma",
    "8e43f729a033450db680d1f9c271931e": "vaginitis",
    "7330cda676ab45608eb22cda96837702": "15 to 35",
    "852c86e535af4e768f0faac75e40d604": "magnet",
    "6f448298357d4f27a42194b4f157d27b": "Earths north - south axis",
    "a88cf3f4ceb143c4b96b775601be3ebf": "iron",
    "8b20c29928a04fd7a85510d83497cfe9": "electric force",
    "e761c5c6a1504edcaf80633f5504e60f": "large areas where the north and south poles of atoms are all lined up in the same direction . These areas are called magnetic domains",
    "b01273815672495f9ee9a13cea2575eb": "Magnetism is due to the movement of electrons within atoms of matter",
    "71031b549ac74539b911f3b23b4b306a": "movement of electrons within atoms of matter",
    "79122e6c9b4845a3ba58dcf7a7a31569": "van Leeuwenhoek",
    "cd82bf43841e47479f31fdcf210e827c": "Antoine van Leeuwenhoek",
    "5c4d5369cdab4341a8b3e109a3545e3e": "Scanning electron microscopes",
    "9a40950876e94190b9cf780ef8e49f8b": "2,000 times",
    "5110f9924a0349d99ee4ebb67abd9f3a": "elevation",
    "0bdda0a293ea4f768c700ee47312bd1b": "mountains , hills and lava flows",
    "147a720d600b4a89bb8318c52fc5301a": "nautical chart that boaters use to chart their positions at sea ( Figure 2.3 )",
    "ac7c3e64ac08417d84c349cee6ff4b00": "mountain ranges",
    "152cf758596c474791b87df36b02acff": "A topographic map shows the height , or elevation , of features in an area",
    "429e1516eb5f48c7ad372bd3d15cf4ba": "nautical chart that boaters",
    "4351ba4da404416abf08ae03a16449b3": "1234 Main Street , Springfield , Ohio",
    "bdd6e0560e8b40f6b17188f4d3628748": "seven",
    "5a5f87493ba24fcabad81ad818d28423": "the vector with the gene of interest is introduced directly into the patient and taken up by the patients cells",
    "5e213a3842784a3192e4c7a3e2e491a8": "a rare type of eye disease",
    "5e53c4d3ce3649f78ea665ca4539f1e7": "a rare type of eye disease",
    "bcbcd7cdc2bd468b8b95c9309cc93efc": "a confluence",
    "cf82b88d144740cebe3cc53b864d418f": "an estuary",
    "41e7f22b7b774370bec215e5fa7805f8": "where a stream meets a large body of standing water , usually the ocean , but sometimes a lake or pond",
    "9fdfab521fef4fa88170e6a8d19a7549": "streams headwaters",
    "587c98cee7ec4ae2a73bd97715424a9c": "ide",
    "723ef82d9eff462b9aeefac2f77367dc": "Compe- tition for resources like food and space cause the growth rate to stop increasing",
    "39335243981e4a06aa3c6b0a8c219930": "diffuse reflection",
    "920d27cde0ac4b4a8986bcaeed6e57fa": "regular reflection",
    "12775d1315224126af6b0024faa59e6a": "fallopian tube",
    "992697db4a5a49fc8c326fced93a3a80": "fallopian tube",
    "ed0759390b4c45659c1b048377754075": "The vagina",
    "538504fb04ae4470bdd60d815bfe3496": "estrogen is needed for a woman to release eggs from the ovaries",
    "57bc039f22014450a1f0f4433ea1f5ad": "uterus",
    "7b4e4350c0444a68b7d3ae4574c7ed41": "producing gametes and secreting a major sex hormone",
    "099ca4d56d1940fcbab664f3ea171b02": "ovulation",
    "90bb7c64935346f6a5965f8d4eba2a70": "cervix",
    "7acd5f1cdc634f38b7d8d18e2bdba5f5": "estrogen",
    "26af71e2b7a544a399452ee0fee0ea62": "all of the eggs they will ever produce",
    "f40199cf740c42b3a90281d4426669b1": "ovaries",
    "60116ddf6e4a4d8484703692f2e4e7ab": "puberty . Then , about once a month , an egg is released by one of the ovaries",
    "77dcec3ab8f8450682170668f173a34e": "fallopian tube",
    "914fd3bdf906411eb609acdbc1310ac8": "ovaries",
    "f360c0eb39364907b43f9a70b004c49b": "overgrowth of algae",
    "601e6559926544eaa337a3399da35953": "nitrate by a two - step process completed by two different types of bacteria",
    "47c6608f68b94519b0e3b6b18607fb64": "nitrate",
    "b77849c042114c7bbf00057dcc9a4b4b": "ammonium ( NH4 + ) ( a process called ammonification )",
    "11dd52263f34487a9a47285375a83b4f": "Special nitrogen - fixing bacteria",
    "f196a30192294a1da161d46996d7d952": "phospholipids",
    "a75bdaa74c264fe5af928084d7f8a38d": "cytoplasm",
    "be819de461c94da9b1f9f1ce3c349ea6": "phospholipids",
    "2f2514aab9ed45d6afb0095324cd4b4a": "Valdivia , Chile",
    "1c9d0a79814f443c8472092fe22d7238": "Universal gravitation",
    "868aeb27dbd84ea59ff2c87d346d5b34": "dominant allele",
    "ec2ea99587514566bdb905df4948af3c": "a nucleus of uranium-235 absorbs a neutron",
    "5412770e65e24295a774458efcc880be": "steam",
    "53c565e688ac470b9fb2f178a67cb1dc": "helium nucleus",
    "47bc8e91e34641a18a51be6ba7d697f6": "chain reaction",
    "0b36f65b314a43259e311b6e421ef967": "helium nucleus",
    "72333674e6274554acd58871669884a5": "krypton-92 and barium-141",
    "e2a4c0ba34c847a3889046ae8c08b8ca": "helium nucleus",
    "5b8642798ed24ff9afed1f40cf27ba44": "Orion",
    "644639b288c24533af2e24bc9d984686": "red",
    "17b1b17541604458a37a80be88d4a6da": "hydrogen and helium",
    "4a8160538eb540feb40ae07c0ddb2a03": "Nuclear fusion reactions need a lot of energy to get started . Once they begin , they produce even more energy . Scientists have built machines called particle accelerators",
    "bc1f101abff8441ba216ba47d538a2d0": "nuclear fusion",
    "866d13d127a6457b957ae8a442a7e65d": "80 % is from land",
    "c9b941f4293c4c92845dcff6d7a5eda5": "plastic",
    "d5ea57cfa1574aa5b0c002a507cf731e": "bisphenol",
    "d359199d483b431d8c40038a3d71c94f": "Plastic shopping bags",
    "b0eed0d95721448db22999936e0664b2": "An electric motor",
    "b9a6907da3974226ad547664554c9f2b": "electromagnet",
    "307a1b4bcd9a43a6b16be463ef5b5fd0": "commutator",
    "3057fb8db5264007b97b23a4ad980b4e": "becomes magnetized",
    "47f8f5ab84b94b13857a33be32623170": "The rotating shaft moves other parts of the device",
    "9f2f52b58416462b8ba79bfaf3d78bdd": "electromagnet",
    "0e697cedbfdc4e40a685142a52f2107d": "electromagnet",
    "5634b8f4e6f7407dbd7667b66f374cbf": "solenoid",
    "f23a45016855471c9492e1b82a88323c": "each turn of the wire has its own magnetic field",
    "6627f6864a734b6ebf49ff7a1df510a9": "a switch",
    "20092376ebbe4f65910e0318e71055d4": "electromagnet to continue to turn",
    "1c81ccdd38fd494f9eb7791f95fb9879": "20,000 kilograms ( 40,000 pounds ) of minerals every year",
    "9af8aee13c6549909d8844e7e826b897": "renewable or non - renewable",
    "ce2d72a01b7d499383358cfbcdf76d33": "natural resources",
    "471ffb4e89db4f159ea7ff42c8d08b3d": "Many different metals",
    "8915d4e1d24a45e599e82c21f338a05c": "monomers",
    "3bb252de6c504dff9b38b1506e001617": "Graphite Graphite",
    "c2f0b43235484ecfbb8c39cb311a7487": "Fullerene A fullerene",
    "ef4ee8692b5c42899a8a8b20512815af": "Diamond Diamond",
    "f2d976d1263645acb4a2673acd5022f9": "monomers",
    "a416849f777e48f1964657c1a5935047": "Fullerene A fullerene",
    "fe6ed5adee0246a7a0d0e33f8a07e017": "Ogallala Aquifer",
    "95ba70985c924401a2fc56139574e12f": "Between the grains are pores , or tiny holes . Since water can move through this rock it is permeable",
    "a2d6552a57f040d6acca7242c6378181": "aquifer",
    "795f0bff0ed54a2f9c1fda5410242710": "Between the grains are pores , or tiny holes . Since water can move through this rock it is permeable",
    "0252d6f98f134eaf861fb406a25c0357": "it is not full of water",
    "e17e3a76dc1a42c8ab532fb3ad335de8": "nowhere else to go",
    "2f7e07dc047c416087eee7fb777958f9": "recharge",
    "fdd7a46d4f4b40deba1b6533ff33b43b": "because soil and rock are porous",
    "0c84f3ae63b443929731e2fe599c0dde": "infiltrates , or seeps down into , the ground from the surface",
    "a77bdf3931c94cb2837e88d7bead5715": "it is permeable",
    "8e55a51bf83347bbbf4fc0a28c24bfcd": "The water table is higher when there is a lot of rain and lower when the weather is dry . An underground layer of rock that is saturated with groundwater",
    "2a6d626f61064fd0bd643fc99f6801d2": "impermeable",
    "1c10b155c2134aac93aa02285e7b6f96": "Oceans",
    "905a6c09229640e8ada158929e3cc866": "liquid water",
    "51a0967c83a747a5b956d81264ce380c": "dissolves minerals out of rocks",
    "acce5579287242b38edb98f13405aae2": "The smaller its mass",
    "5c32ffb57643451d8d6607ae672f20ca": "Newton",
    "c138313ce221463a974a9666810ec09c": "Stay home when you are sick",
    "4350d94415e041a0a756a5d858fc6e65": "infectious disease",
    "a067badc9c7946f8bf1fb2d92a58deeb": "Mosquitoes spread the protozoa",
    "f5be404b139b4b9e9feb4bf9cb7950f5": "chicken pox",
    "be9cb6d1a0354d4193661de1ba729b6a": "vector",
    "7a9434d1200b48298e7050f58329716d": "Lyme disease",
    "222e909c600b49e7be723bf6cc2f0374": "A vaccine",
    "b00f40b45e544b34a6f59142a998890a": "antibiotic drugs",
    "76c42f5a452245c0a607832e97f51ffb": "pathogen",
    "90820b6e7af34022a79499314c7ef95b": "pathogen",
    "495fc2c00c6e40989dd9c8f68e9cfddb": "pathogen",
    "8f0d4530043a4477a0f5fa6df04b3402": "23",
    "fbf1257a329644d38aa5ac1194652b81": "homologous chromosomes",
    "a409dcb1538d4ddb9279585abe152dba": "Binary fission",
    "4e37aab02b2646ef8ad365972a7b9248": "fertilization",
    "977556c1a8ee46d7b0a824d741f73c59": "Meiosis",
    "7a6856459f5d4a92b170c3090f64cb40": "Meiosis",
    "400f0aa94b3c4b589cbfff6294457096": "haploid number of chromosomes",
    "3fcc2255e9844e2facda1de2f1085a38": "a new sea star can form from a single arm",
    "9618b736876e45b59b80ae10c1dc9ff9": "23 different chromosomes . Each body cell contains two of each chromosome , for a total of 46",
    "03a9208ba96e431ca6090aab14f2d8af": "our mother",
    "0d5337be9b8c48149be81bc78c0b95b3": "23 different chromosomes . Each body cell contains two of each chromosome , for a total of 46",
    "79af0eefaf144c5c8f7640a6a219c306": "twice the haploid number . In humans , the diploid number is two times 23 , or 46",
    "3eb6f5c6ca524cc597625c7be5321bb0": "binary fission , fragmentation , and budding",
    "d76c554e2ac149589ab48416ea8a4e67": "Binary fission",
    "f093b74e79e24d3ba70edc2dd4b068b0": "hertz ( Hz )",
    "e3a5d644147647558787a49973826677": "20 Hz and 20,000 Hz . Sounds with frequencies below 20 hertz are called infrasound . Infrasound",
    "1ee06580568146c6abc2353cd8457466": "The zygote is the first cell of a new organism . 5 .",
    "c1e3d6c121994d2f8b6ec3d91e3aedfc": "71 % of the total energy content of the universe",
    "6f824650f2374dac99e7d3eabac92696": "solvent",
    "2b2a073c15be4f1b8799536b4d9c9a87": "Ionic solutes",
    "77889049fba14ea3bf574385d4a7c787": "dry air Gas",
    "a078e7839839459ab522ef4e9e47ab32": "Appalachians",
    "974a4ac424fe436aa8efa75f52839e80": "New York",
    "65c7d8df24154fa5a62abd8df2820c77": "Active transport is called \" active \" because this type of transport requires energy to move molecules",
    "7e7fc64a0d054abb8013d9d61cfd9098": "active transport can not occur without assistance",
    "6f5ffc22b5114d96ac12a6bba80f0e48": "male and female sexes",
    "5d06885538b14d15b878a06b50861267": "mantle",
    "3a9c1be745924cb784d455ad083db440": "radula . This is a feeding organ with teeth made of chitin",
    "4d9053f2b22648c7933b6d815ac68197": "Annelida",
    "9cc9a4790d4d4772b127990124744264": "predators or parasites",
    "747bd67be43c4e72996e1cec216fc4d7": "Annelida",
    "68a71713dfc4430f8d89e7caaaaa9094": "leeches",
    "ca99f32f24224e6fb12eb4eb221c7104": "They have a variety of ways of getting food . Some are free - living heterotrophs . Others are internal parasites",
    "5c4b8c0c0d88423ea951e002451e74ed": "chitin",
    "5bb7ca2b5477487ea2a25ba4b7421523": "Some annelids , such as earthworms , eat soil",
    "565e115010d74650a60be59f1b9c3f69": "the Gulf Stream",
    "457bfaf8a8eb4625a2b6a92d5c109e0d": "latitude",
    "106938aaf69544069de2f331e9881d76": "plate tectonics",
    "dbdec52fa611463bad6ab9a6a1cc7ad9": "The Golgi",
    "62c4704516d0401a8dc26fc3db243067": "The Golgi apparatus",
    "2694084751b04aa39a0f3154de0c5f39": "The nucleus",
    "bbf199aefacb4d29a353a8246775a209": "Arid",
    "ea07c5f1925c48f794a5b596735947e9": "residual",
    "5dc75e80a5794c869e15aebdf9e914a9": "Tree trunks",
    "cafc6eafcea845d4ba050d6566272034": "break down the cell walls of plants to release the sugars",
    "a95be1f57bf94c5187b1a267de8e9bf4": "the stratosphere below",
    "ba2dd57c891443c6abbf35faf69f1ceb": "The right atrium",
    "61480052769e4810a66c8707cf6b4469": "helium",
    "7823060f250043f2a5b1b81e5263bf5e": "quartzite",
    "b4eebf0464b2422c9c202b4ca403c404": "A rock is a naturally formed , non - living Earth material",
    "ed8165f78bae4df09902a5147f8a6cd1": "Coal",
    "b6fcd5a6732042149147c6bb910eaf21": "magma",
    "dc31e64d742f46658309041150e24f2c": "mechanical digestion",
    "a7b79cd5f6fd4ed6b268919fba7a903a": "chemical digestion",
    "f70ce293094243aeb0c215854e397391": "the small intestine",
    "bd3da4a9fa95442192ed4c4ecaf7ea14": "gastrointestinal tract ( GI tract",
    "ebf2b36c981a413fa00cab7fd705acaa": "melanin",
    "7412a20c38c94673b3df02ccc278fcd2": "Ranching and using chemicals such as fertilizers",
    "e289e8cf002748c29e0e83af2da484a8": "acid rain",
    "6a0112391e164c208b5fbd66f2e349e8": "radon gas . Radon",
    "577b79750dac407bbf30eaba95c866a8": "Sulfur oxides Nitrogen oxides",
    "bf831ad9a61140c281b1de243212881a": "lung cancer",
    "6bd88b328db745d2af3cb9d9ce0e79fb": "carbon monoxide",
    "124e3f7bdd3746afac6b234c2b0a8f19": "carbon monoxide",
    "b1b06e42f65345799c58670994fc701d": "The greenhouse effect",
    "5be797ee80814cf4825a6a2621a3bfe7": "radon gas",
    "52ab5589dbd24d49a6147d4bd044b8df": "thermometer",
    "b603001a04a44a14b6b53dfa98465051": "temperature is defined as the average kinetic energy of the particles in an object",
    "36a8aec9444e494d80f12e73ed75d35b": "Specific heat",
    "9e2858d28b094d96bf03fcfda8a5c13a": "Celsius",
    "7e91b34843044e68a3bde94060d50c3e": "temperature",
    "0e3949b0ef584139a87195c563b9b0e8": "thermometer",
    "137d30eac6c14ba8b64beb71f611da61": "Heat",
    "3b5e0ec2786743ff8f8c6bd0c585efd9": "thermometer",
    "98c799a1d0474e64ac49e637a0f068e1": "Eukarya",
    "d4a4566700774144bc1a836b8000abcd": "animal kingdom",
    "518cf7202d2c4d0489c5dcfa9bd3304c": "hydrocarbons",
    "2e79acf928fb4bf89abb05e1ab85bb4c": "metamorphic rock . That is because it is exposed to higher temperature and pressure as it forms . Coal is mostly carbon",
    "db752f7ec6c74f3386c888ac38d754a5": "anthracite",
    "082e5a0d640c4908b3d73ac66faee86e": "Coal",
    "c9ef53e8f22b4aa3a6be41d8aa9a2abc": "Coal",
    "9d2b4b3f57014234a728a3b1c6203cfc": "hydrocarbons",
    "a87572632c7b4a619b2f7c8107869a1f": "plankton and algae",
    "13567eeb6d084042a4dd4ec0acd8c206": "Coal",
    "7866f1d012c84e22bad9021d6562fc99": "organic material turned into fossil fuels . Fossil fuels are compounds of carbon and hydrogen , called hydrocarbons",
    "a1ccf1d1946546f6be7ad511526ca0ea": "sulfuric acid",
    "e9c64b9628d94514a6dfdca665d7c1b3": "newton meter",
    "d7a903b0c32f48ceb9d97e502b2a752a": "One joule",
    "3c66f4ed4da84d60a071b2ebd5426cf6": "Power",
    "622959507b18411f8a40bfd1d395e10b": "joule",
    "7e9cf08e34ab40dc93d974d3d3327cf4": "distance",
    "e1a257a3f3af4c8dbe4d4cf9801d924b": "joules per second",
    "a7a7e14cd27949658145b1c14ebc8621": "Lava domes",
    "64eb7b47b6d9430fb17af98699098dd6": "fissure eruption",
    "f71dda3e489b49beaa011d79e3a0b3b2": "Lava domes may form in the crater of composite volcanoes as at Mount St. He- lens . A lava plateau",
    "ddd6fac797c64856aac96ac4a56a37d3": "Lava domes",
    "c713a0e883c24502a8e283748db1a000": "basalt",
    "1190006831234a11a20b1815dbf27f18": "Shiprock",
    "93edba44c82a4264a9f9be5374b4a508": "100,000 or more",
    "2a482128ef0c40308f1bc5c3148a43e5": "carbon",
    "f574960f9cad44e990fca5c8a7ccab0e": "monomers called amino acids",
    "cf6f81d78cbb4fd6976d8a9e0ee6b3a2": "cytoplasm",
    "9cd0536798f6405bb32e9a26973e204e": "plasma membrane , ribosomes , cytoplasm , and DNA",
    "829289717da94d189f5efcb8e17e6430": "the nucleus",
    "e4cc92b5625941eeba7d5930797ddb8e": "outer core",
    "999c61f22d3d4be7bb13d5d9334a1bcf": "hydrogen , fusing together to create the second lightest element , helium . Nuclear fusion",
    "05f3538abf874c9a8834b9638e821adf": "Nuclear fusion",
    "c36f7cb6c5c548e19cc556a40d7b4358": "radiation",
    "5b1c959b89594ac8a253f093a3ed3ad0": "It is extremely abundant , widespread , and will never run out",
    "60b375f88a3f485a8a620aa64896f1eb": "large group of mirrors",
    "302d61ab0bdd4862b0e6c9c2094cd52c": "focused sunlight",
    "4e50da7835f04162a66f246b99ca449c": "conduction",
    "977cbf939df34a1ab17ced066f473d75": "increase in childhood leukemia",
    "948c08eec1ea46c29d222f6795d8482e": "Radio waves , microwaves , and X rays",
    "e0d652864a804d3c8cb65eddc692d5f8": "electrically charged particle vibrates",
    "5f9d1fb6d9264fcaa5dec37d25e39a4b": "Radio waves , microwaves , and X rays",
    "58b8e63903644f8782f25b35d2423907": "X rays",
    "4d245a31301d4fdaa661a78005b14f76": "wave - particle theory",
    "bf1d2c55684e46678ef3a7828b6609ac": "magnetic field",
    "78ad9c6237124ef0b754858923889b69": "Radio waves , microwaves , and X rays",
    "f79e010a02cf48459b13b8b0c1fe161d": "photon",
    "e97ffb1db25c4c3692cf85b2dacea1a2": "magnetic field",
    "1c25dc7b4179485d8c1aaceea284ce70": "Radio waves , microwaves , and X rays",
    "f77a4d5fbb504f3083cd640e6e8c14c2": "1600",
    "09a6ee4d52bb4726991f5401a26f79c7": "rocks on the ocean floor",
    "45189c95a2f3466dba0377b3f6d00661": "several thousand kilometers but is strongest at the poles",
    "59e673cd6cb0435fa09dba515b2ba15d": "Earths magnetic poles have switched places repeatedly over the past hundreds of millions of years , each time reversing Earths magnetic field",
    "8e737bc006004cc78b28eb94b75e7de7": "outer core consists of liquid metals , mainly iron and nickel",
    "b9dbaa533a7340adb422abb06491e285": "reversing Earths magnetic field",
    "4ab3e5fe159e4da1a6944aaa50a3fb3c": "Earths magnetic field",
    "94d7fe1b14184ccfb8edf9223a3db8ec": "Migration",
    "69dc0b63097e40ada3a5921411fb6843": "what will happen to the population ? The population size will decrease",
    "a8ea7ee94c19486e9ce0e310c9bf9acc": "they get carbon and energy",
    "3dc13c4991244aa1afdeffcdf5c37011": "increases genetic variation",
    "ad1a5f0223b64708b6d71edc1cc2f14b": "Flagella",
    "530f112132264b70824101ca79b90ba9": "protozoa",
    "3a5f6910750f4d23bad8a25f77ca5330": "starting phase",
    "0b6bfded54d646caa69440be452f1994": "protozoa",
    "44f5cb3eb599429c849b86670685735d": "Pangaea",
    "63b34a38216446db952e9016a355af8c": "Pangaea",
    "887b1eaf9c8742bb8a338e4060a12d9e": "Upwelling",
    "60fe795b6fbf47fc9ace3a88973fd04f": "Thermohaline circulation",
    "08004c6b2a404779bb8558a992d982a5": "Transform plate boundaries",
    "672851b831f345d1b6c519fbc93897c4": "seismograph networks",
    "31c98e0962dd4cf893fcb4ac3aed0221": "Evaporative cooling",
    "140b415cd6ea4a8781d8bea7740cddd1": "30,000 deaths a year in the United States are caused by fine particle pollution",
    "5d8beb49d792418a9583d3341e1dfee9": "lung cancer",
    "20cd95eeebb6409682be476b850abddd": "Carbon monoxide",
    "761058f90f2744cd8e4667e444fa27d0": "hyphae and mycelia",
    "6e20b168a0b44ba18e2ee603a3028e9d": "a fruiting body",
    "88c1e016619648bcb25a3acef73bbe5f": "polysaccharide cellulose",
    "d6845298ae2949bd9307e7dded8563a8": "produced at the surface of the food source",
    "6c3fb80d7cd641b8830c81c2551525b2": "the Grand Canyon",
    "53a4d87bdc784d2896b48877cbace3c7": "they are useful for seeing the effects of stress on rocks",
    "be57491b9b284c5ba19350794f2901ce": "The Sun",
    "1055323f3d3a48ffb7f8f761b4638bfe": "water vapor",
    "cae9b94884744b1db3b22a7be0531b15": "Precipitation",
    "1b4d86e210da46f3bf04f23b2f3029d1": "transpiration",
    "68d1092a779f4e39b80b73e8ddd80ca3": "lithosphere",
    "2490893f76e446c8a0c07970a328d65d": "crust",
    "3020131ba156473bad8b53b9fd358f9e": "helium",
    "25fb709ed36a410d937edc06fef7e1bc": "the farther away a galaxy is , the faster it is moving away from us",
    "328566b80e4e4ad693225fa18ff270a4": "redshift",
    "cffa518da9354913a242fab715e107b3": "younger or older",
    "cdc2f351e5d8491c8b613f272f2ed6d8": "superposition",
    "818623cf53ad4fa8a06abfd8e04492f7": "cross - cutting relationships",
    "4603aba6ced24e0489b325f0e5e4d3b5": "Superposition",
    "47807d3dae854f01b3ec8c314ab67248": "unconformity",
    "08b27b66abab4a2ab101e894564e6754": "giant asteroid",
    "1bdda31d6f2144378325bd1d3d07ce3d": "giant asteroid",
    "865f883ff9774346b4eda1399612e790": "The cut rock layers are older than the rock that cuts across them . Geologists can learn a lot about Earths history by studying sedimentary rock layers",
    "8dd03f5a1b4f4af0bd67a7a52f7a4f06": "an X chromosome from the father and an X chromosome from the mother",
    "3e9d01d69325432c960c196d819ff866": "Jerod will be pushed forward with more force",
    "255c1c4622d1433589297d176ada0efc": "The stream feeds the aquifer",
    "ecb413d55a1b43e680506a5266fd37f9": "dry",
    "f389d21ac1be4b24adb0353cabb20e3d": "the blue light is absorbed and no light is reflected",
    "6088a39763b84719ab1ae5ec0e42e3a0": "Flagpole pulley",
    "d446432427454f8fa1a6685317173756": "compound pulley",
    "86b4b19b8262428f825875313be36539": "six",
    "b6c5110bf1104ab2bbcdbad96cb67e56": "Non - consumptive water use",
    "3930fc428f0c46bbbbb40a46820ab647": "recycling water",
    "10a2e2233eab4654ac84853749595f01": "oxygen",
    "2ab4ec83b4cc49439a872b9a4a46d439": "sunlight",
    "e7e711600d114501b656f96aa3a5061a": "propane",
    "fe9ad9e1751c4ee488d06f6631cfeb13": "phospholipids",
    "c32bbe315cab4368a6e84b53a887b2fc": "phospholipids",
    "58a97415e903422c9e9ab4e783c96a55": "phospholipids",
    "9971b771134549bb940a761dee136255": "passive",
    "e720526d1a4c4af29d4c394e6aba299f": "phospholipids",
    "9e3e8efbeaab4d7f888a04310ca9bb47": "diffusion",
    "be2a344b704c418e9323782465566bb5": "ozone",
    "8d4364f9baef4636885b2a5ec5261e37": "spray cans",
    "e198b392999c4b0aa5743faec01024d9": "Coal",
    "ef96522e10d14672a698acfaf0b01f1c": "bituminous",
    "085230e25e9f43df9141f6352396487e": "sulfuric acid",
    "4ba4d30a22cc4a9ba11aabe7e112da7c": "Carboniferous",
    "268f6879f34746938cc784f9d329b773": "a resistance",
    "fe8e49dce4ea4c6ab56a1c3701c942b4": "valence electrons",
    "00cb35defaf84d77b0d6cb0c05dccfcc": "Births add new members to the population",
    "2edeedd79ab34e3cabcfe40a98b101da": "carrying capacity",
    "bca26691930f4e9a98434e080e6179c7": "If there s plenty of food and other resources",
    "e80fe62bcc44484385c3cb727a7efda2": "bigger",
    "380abb05920646b3bc66c0127006f00f": "Coal",
    "66048068223e4366952e302abf5a2ec0": "98.5 %",
    "b4120fba73684215a9e8c2c771a5b09b": "1665",
    "e34643052ddf4b68808ea68b11f8368a": "Rudolf Virchow",
    "1b213a0d7f30444f800afba0b5650f7f": "when DNA is copied to form an identical molecule of DNA",
    "f2138ac1001549e2ba137c780193106c": "The Precambrian Supereon",
    "cb304264fea5460c925b790715545dbb": "prokaryotes",
    "95587acaf6b745d282b778690fd460cd": "544 million years ago",
    "cffcdb956c524761bf180228a4f9d889": "Precambrian Supereon",
    "70f89487604b4ca9ad550b963c800204": "Precambrian Supereon",
    "912c1b5fb1a644619f004ca69c03e8cb": "the Last Universal Common Ancestor ( LUCA )",
    "e7acac3320d649e39ff7e83540cf0b0e": "tellurium ( Te )",
    "521191258c3d4c6d820226005de659c8": "rougher surface of shoes causes more friction and slows you down . Heavier objects",
    "2e56a348c99744bf9a62d62fc41e57cd": "Static friction",
    "3f3df7af86e04800850e3df16451f40b": "static friction , sliding friction , and rolling friction",
    "754e061e23924f6d846325d319170a52": "static friction , sliding friction , and rolling friction",
    "07d5a5e38d0e4c3c8002c5042cf7c981": "molecules on rubbing surfaces to move faster , so they have more heat energy",
    "4df108dbe9744a5fb57607760e1791e5": "static friction",
    "8a51cb5f475f456d9c9747abfb68c486": "Friction",
    "66fa2c711a1b4250ba93a708dae677c9": "static friction",
    "341a931f21d74b6cbc46f02d858dede9": "fluid friction",
    "8ca429ab5852431e8a5c1152faa3bea2": "earthquakes focus",
    "ff1a08f485a74ba9a4a7ca5b4c45f9fd": "earthquakes epicenter",
    "dfe6103ea2d5475fbb675e61cd4cf683": "earthquake",
    "9380ff0a4e564485b6445cc791b568fd": "One- fifth of all people in the world",
    "fff17e078eae419d9030dcdc13f9c9a9": "more than 14,000 people die every day from waterborne diseases",
    "ffe8c89829e84cc88b23a706324b4130": "cholera",
    "3e7889e47258443c952ce99b5fcff67d": "United States",
    "c0f1a7ab2d17460d9049cfef02010edf": "vinegar as a cleanser",
    "1312cd41c0934efc873777970ecece94": "the federal government pays for the cleanup out of a trust fund with money put aside by the petroleum and chemical industries",
    "384a86b53f9145499d7087b15d470b5a": "four",
    "e80b8d6e57e74ed281292145330ce398": "Erwin Chargaff",
    "cf89effd276740419db849f8107eb161": "thymus gland",
    "6fff3aae0ec84245a91583a2e1bda356": "The lymph",
    "cf12927110c146a9b33ab0ef4a5ad84f": "+ 1",
    "54ea3199345146d1869cdd948444678f": "sodium chloride",
    "b91fa0aa91d24e70aeb3100fed908d51": "Sodium",
    "e85917833aef46f58acdf4e161e55bee": "ionic bond",
    "0473fde642294cd680029f9f81da40b0": "Positive sodium ions ( Na+ )",
    "584b01f0351842bab3feac5a2aa385a3": "sodium ion",
    "2a1710ecf2654000afde98ac2b2f8b8a": "crystal",
    "02a56f2f5e8d4d709f0578953d167579": "force of attraction that holds together positive and negative ions",
    "a275dcbcbb40467486991a5fd39254dc": "an inch or centimeter",
    "1b7c2d417d0a4f7e825439c5e9217ec8": "The equator",
    "f276374192d642ba93232987ecac9e22": "A projection",
    "d1499f0dff19483c8413966b5726ecc9": "picture of specific parts of Earths surface",
    "d5d0854c589d4fb59637b3d92a4f8400": "between 4 and 5 billion years old",
    "286e070f9c0043238e4301dab79ba52a": "between 3 and 4 billion years old",
    "ecec941548704a98a1690d1a7c9757b1": "Nonmetals",
    "605ef5c875a64a42bf5f9ab8f616641f": "Lithium",
    "cddae56a2f5b4b6ca78fb7a2039f0345": "Nonmetals",
    "45d6dc8e1aa9410798da17e44a4bc959": "Lithium",
    "82b2a94e406240ba9387a11934fd3a59": "metalloids",
    "16d15c47196a432ebd2d16c2e870d45d": "bromine",
    "aec8312d615944febe967a8aafd172f6": "Lithium",
    "886adbc5591b45d7bcf4d3c941635e10": "bromine",
    "c4349617365a48d0b20f690fc0fb1fd6": "Nonmetals",
    "bfe82a718d7c4d639f2482d52514439b": "parasites",
    "9103ea23010e458795ce7f62fcadefda": "tensional stress",
    "f7e7216505694658a8c6cc4fefe40dc9": "joint",
    "5577c142d3e2411eba409afd98feb756": "dip - slip fault",
    "aadb3d29658846e89fd0321358a6327c": "shear stresses",
    "be0bd91f28b546979b8d0f5f0b138cd2": "thrust fault",
    "a29f112b43c94e59a2fa569915295695": "right - lateral strike slip fault",
    "6ddc670212ed4875904acb085b827efd": "mafic and have low viscosity",
    "30ea3e25e57e41ca9336089acb541788": "amino acid",
    "5895b2dedaf743f18692b68bd45444d0": "Messenger RNA ( mRNA )",
    "44f0fac1b785452f9d538da44b746694": "translation",
    "fd4c49ae473a4589883253ed9e4fd88d": "uracil ( U )",
    "4f4bd7e87a454db9b64a0207bf2cae3d": "Messenger RNA ( mRNA )",
    "9c3917a4f58a4cfeb58e909bd94c9b4e": "DNA and RNA",
    "2ccff6413e994938875d40141041c48d": "uracil ( U )",
    "f457af8687df47128962d38040fa56d2": "Ribosomal RNA ( rRNA )",
    "602dc5238fe84ef595af0b1f0b789e9d": "Transfer RNA",
    "0e71093965c842dca27fbd5eb53fc0c0": "DNA and RNA are nucleic acids",
    "246ae15887534cc390e73fe5d51654cc": "a special type of cell division",
    "53368523dbbd436abe050f1dd2d0c22e": "Prophase I",
    "b761887f6cea4384a3639a5d7243e746": "over 8 million",
    "f603052703284642a5b8b9f6b2ea51c1": "change",
    "adb4a168e8b245a6a2d05864afe9b3ba": "deposition , in which matter changes from a gas to a solid , and freezing",
    "87d77dd7d1f1451c8b7ad57591e183e5": "Gonorrhea",
    "254d44452798430eaaefdb9c922933da": "Syphilis",
    "1f6a28f4582e4a06b9f3a11f54b48319": "Gonorrhea",
    "3cf2df543df5483db838346af3b2b712": "Falls",
    "13c1f84bb4ab4b6fa40625ee7155a758": "Springs",
    "ce7b025018c94d1196278e011723cd3e": "counter force",
    "aebdd032b6684cf898f1b97d164b61ec": "elasticity",
    "7ce9bdf244d44dafbb7abbda065a8a28": "elasticity",
    "21bce5693c4b498181a673f4a14bda65": "elasticity",
    "39d3bdc87c4544399c07bccdce3e1fd2": "solar nebula",
    "f921d865ed2d4b2589143a6c74bf4529": "rainfall",
    "fe4ebfc3b6594925946c51e0562b02c1": "nuclear fusion reactions",
    "9cc4ac1de14d44f299d97b44d0fcab0c": "oxygen",
    "799301cdd5ad480fb0eae4fbdbc997e8": "atmosphere",
    "759c0d47f73b4685b55913d34d99e01c": "solar nebula",
    "ab12fc491065412e934ea9c5fa4af871": "5 billion years ago",
    "8042cc6edae24316b60db23d9d60c768": "solar nebula",
    "997191f183914815ac601610ba3d00c6": "alpha particle",
    "2758e31efe7844bd8875744cb007bdb9": "131",
    "69959bf1ac124e1981f1f99cee342ae2": "90 percent",
    "8b58168b85a843bd87cad023fa8df9d2": "Acne",
    "ddc0c0006eb943bdb911a2342c1b8020": "Helium Oxygen Nitrogen",
    "9912d2993fbc4e879ccc0dde2f405c2e": "Velocity",
    "7ec4726ae72c44fab38b262a30e845f0": "Connective tissue",
    "fdb38a4e2184432bb68080304393274e": "An organ",
    "f774ea62feb24f3ea9625abae5e042a2": "Nervous tissue",
    "5a53abaad5cd429d967e236944ead06e": "Epithelial tissue",
    "777cc41cc85347228cd3471e257d560b": "Muscle tissue",
    "f15bafd2d5f74d75bb4e78f63205f827": "cells",
    "91331435ccc54dfb949412bd410d5baf": "Nervous tissue",
    "70db873ce11c43e186274c3deac0138f": "homeostasis",
    "24ffafc921ba417c8d8c2f999876c27f": "tissue",
    "300fe4d690f34cf78f5f3542b0c4260e": "Epithelial tissue",
    "df01a9b71c9d4d7895745c61a4c65d9d": "Epithelial tissue",
    "df0a25c921b14ac9ab5e42fa0257dc25": "Connective tissue",
    "0bf193a09c5b414ea3a7dc976a731a05": "chimpanzees",
    "1f38d6bd697241e1b793afc8b940a70f": "Cenozoic",
    "92cd49d427ff4f90b1786812e7328c97": "Homo sapiens",
    "3693b8be823f47819bcb91fa1db46b77": "chimpanzees",
    "12779855c3dc4c228ff2df5cb79bfa43": "water was frozen in glaciers",
    "483156f32b024e1fb193b6f0fa3f5a72": "ohm",
    "9db4580da9354ff39f2f7352057ab138": "meters per second",
    "1758f07e4a2649968303c8cbaef9cb50": "120 miles",
    "fb02740c2f5f499cb2dfbd7e56eaef27": "Catalytic converters",
    "0e14b87fdd044fc796f0b56a52d489c6": "Breaking down pollutants before they are released into the atmosphere",
    "7c874ea52b6040d99a93d993017b6365": "electrical energy",
    "31bc74ad3a6b4a6dbbaefd3c38f8e665": "Scrubbers",
    "8314e1fb8584489281ef1dd304098766": "coal",
    "174c844476714be189930dfa61a96b35": "ultrasonography",
    "bb799c35684342699502bde92466d7ab": "ultrasonography",
    "5d9ae406cb6544bc8cf3842a27517360": "Ultrasound",
    "e08633674f284ba7a9fa79b280d8ed96": "echolocation",
    "14cce655a38b456080913951fc99bf1a": "sound navigation and ranging",
    "e4c38b8d0a0a44f2b0095c123e80fa5f": "vibrates",
    "3370280f5ee448a5a6ad208c94a2fc24": "louder",
    "67315722a36f4b3c8dea250066fb73f7": "louder",
    "fe33e72849574e94a36be349f6894ffb": "many nearby homes and businesses",
    "d3e54eaeb1864334855a0a1ce51aeebe": "The hot water or steam from a geothermal well spins a turbine",
    "1d946740027e4fe1bada3e204a0643d7": "all of the positive charge and virtually all of the mass of an atom are concentrated in one tiny area and the rest of the atom is mostly empty space",
    "22aada8937204a0eb1c028326869eecb": "satellite",
    "94fe12a8071e453c9890107fd19dbf5b": "A rocket",
    "73887cbc886d448090f6f246f3f95015": "Third Law",
    "cd4ad5d2ac8c41dbb49a99179a5e7c5b": "International Space Station",
    "c9e0e3999f0e4998b3cfdb035cb539b4": "scientific research",
    "088e37cb38f94fe6a9f8cf904c1e2c37": "modern organisms",
    "55095a5b911747f4bc40b578c4bb008c": "index fossil",
    "a36aae8a36a2493aa8bf367d6520d032": "Organic molecules",
    "b9ead2c29dda4ec39fc41d9f6bcdf427": "Milky Way Galaxy",
    "b5694c677153402ca65f87b200c7715d": "the Andromeda Galaxy",
    "7fb7764c31da4f6b9146404802a0fc47": "they are relatively small and dim",
    "6fb74b2600c4492d9e1df084ed6cf727": "ecliptic",
    "2da145c6cd3944a6a2e523d9a72d139c": "ecliptic",
    "2d7298f538714f60ba9328610285c12b": "ecliptic",
    "59e8c59326af45c89baa781cfacc4469": "A full moon occurs when the whole side facing Earth is lit",
    "d2a6e7ddd266480c9cd04dcbc471daa9": "umbra",
    "0775bf37e499416a96d852610e1706df": "ecliptic",
    "049d48f83a8c461d8c2caf56ea87eccf": "gibbous moon phase",
    "ae0f13b075034350ad7b6b1dad9c5bd3": "The umbra",
    "1e6fe8efd9c14108a61ade968224dcf7": "ecliptic",
    "1c909f5b30974366861e0b001f43d8a5": "When the Moons shadow completely blocks the Sun , it is a total solar eclipse ( Figure 24.21",
    "fa36a2f2e5974bb0a68406bcfa28c2f1": "hours",
    "eba7b13a31f64506bc29762f3c6df85a": "quarter - moon phase",
    "c9292bd7c7074b6893abb3b7e5b7f981": "Thermoreceptors",
    "fd4f17ba48854dfa8b77f7eda6637f26": "Proprioceptors",
    "21ba0db4dcf140929dac465420cdb3fb": "thermoreceptors",
    "629f8f49cff74796b3c5abd9f9b2e618": "Mechanoreceptors",
    "5c0f0023a7a944649527a1a7195a58c1": "elliptical",
    "3e7d23a2b9f84f01888fc61c87380039": "Johannes Kepler",
    "9ed4c707fa124fd49831890e3839371c": "orbital period , \"",
    "b464c8df949547fe8b71661f5370ac21": "greater resistance",
    "f807c7927a4f4be9909b9ab88e67a6fc": "seven",
    "f94efde0079e4b7fb77f978b5ee741c5": "newton ( N )",
    "0bc9b4dc74e746b5b6bb90e480954440": "newton ( N )",
    "5576d6acb4004d3797c50a48beb780db": "Gravity has traditionally been defined as a force of attraction between two masses",
    "d2910e1a9aea42cc9d1f44d742058bc6": "weight",
    "6a257ff02b4d45d08d99b428d56e9213": "Albert Einstein",
    "df9cc36dd98b417c90c3653e8087803e": "Sir Isaac Newton",
    "2f69ac5c68114845989029a550232797": "pulls you toward the center of the planet",
    "c2adf6f702a74ddb8899f3fcf4bd9a0f": "the force of gravity pulling on an object",
    "4c9a7ca416fb487ba009cf036eb2aba3": "10 newtons because of the pull of Earths gravity On the moon , which has less gravity , the same mass would weigh less",
    "0e6fb17cc3814a7195a73895c41a1686": "Farsightedness",
    "c630e1d9045043d18c0157225026b82f": "Farsightedness",
    "05fcb317d006483a9a8604939c051594": "a blend of the two parents",
    "9898fddd67b6438a85a0d249b4e7cc40": "homozygous ( IA IA ) and heterozygous ( IA i )",
    "cd6f22e45a1343168c2796e57a89775a": "type B blood",
    "6bc11c96a94942738504b8ee49acd950": "a blend of the two parents",
    "2fe668f4f3804f22bf7a5be5a176115e": "Farsightedness , or hyperopia , oc- curs",
    "1f64f26d2a5b4bc8a3d91f0831df4a26": "pedalfer is the dark , fertile type of soil that will form in a forested region . Pedocal",
    "ca16b1b99f9e490684ad693028040bfb": "1mm / year",
    "3290ed2b3da34d6c9893cb1ec187f06d": "laterite",
    "f037c5a49afd424abccf8a11bc1473d6": "Laterite",
    "1b23542e162443e7b688f1aabcac0af5": "Fossil fuels and the uranium needed for nuclear power",
    "ab58d4c4b7ed4095944bdef6da86cd8d": "solar , wind , and biomass energy",
    "733ee54be9dc4b2a85bd9ba87580b2c6": "millions of years",
    "4a634bbee85145ffa56d06a496c443a4": "quickly",
    "25927d92ee0e43edaa4f8ec957ec86ee": "sunlight",
    "4f1ced7abc1c4d258ccea120134b6402": "sustainable use",
    "c5feb5f6e8224fd6baecb9f34be73086": "Fossil fuels and nuclear energy",
    "789f5a3cb5fd4e2197a85571011e9481": "soil",
    "9b4de0011b004ac5958d58988612e06b": "Uranium",
    "e167c69ee3a74150a3fc4039643930a7": "digital signal consists of pulses of voltage , created by repeatedly switching the current off and on",
    "b3192fd4d4fa40ae803249a4f88c8e31": "gigabyte",
    "c264a946093a42019f928535bb23086a": "binary ( \" two - digit \" ) code",
    "1d168bc123fe486bb524787559219cb5": "binary ( \" two - digit \" )",
    "1ed94788a47244c580a936cc1f7e18dd": "digital signal consists of pulses of voltage , created by repeatedly switching the current off and on",
    "7fc431d42fa249858d5e7ddb1a9ce2da": "transistor",
    "ae463ecac43a4e9aba785357f0917f14": "siliconthat",
    "372a059c3b7a495c8c4fe155ed705cfe": "semiconductors",
    "4ee152d5566d4b088e0c389bf9b9eed0": "boron or phosphorus",
    "bf5fef73c11245db9c7359a775d49937": "transistor",
    "66a6e09daa1b4f61a474ce3e1cbea888": "pinna , ear canal , and eardrum",
    "19cbb8a86b504e16a1e0bb83bfc09ff5": "pinna",
    "bf990d86801549a482adc8d1a5c51146": "quarks",
    "47b99644991c4f6aa99ade1ac1eecc4e": "atom",
    "fa55365b916942f6bee77efcdc5fe147": "Hepatitis B shot",
    "4d7d140001d547879b679eeb90d7e249": "sediment",
    "8e13391f36a4426e93d86b936768a001": "U.S. law has changed in recent decades so that a mine region must be restored to its natural state , a process called reclamation",
    "77ac2538eeb74d80a0b341d9ef0c3fab": "hydrocarbons",
    "14c9ab09044f40ed96cd4e946d35ec8f": "chemi- cals",
    "5727d2bbe56b44e7b0f262251d199548": "cemented together . Chemicals",
    "ecb303a9041249b08ce0c88738ae118c": "horizontal layers",
    "452e418b3ce143e49cbb4cc4faf613f5": "Conglomerate and breccia",
    "28e64ec5dc5f4eba82495c7ecb26ddb9": "weight",
    "d8b59a7a7dea43abadd3aa811604afe9": "clastic rocks",
    "5dbd70a8e1744c67a4832d601f3ef2b9": "gypsum",
    "27cd910d03724fdeb1de995a6e7b1c2c": "gypsum",
    "6e364a73c909414fb67aa1f3a353530e": "mathematics",
    "f56d543ba78b446295b74543b03ada75": "the sun and other very massive bodies affect space and time around them",
    "b7e3196561894a64b856486d92c64a65": "norovirus and hepatitis A virus . Norovirus",
    "6137f39e15d742578c9be657dda0e1fb": "Copernicus",
    "dd4079bdf95f46779b2a6b9dc32bf8b8": "Neptune",
    "e6117faf11574f41a080385b409e55bf": "Neptune",
    "e840f0d3ace74a85bbb2bb0b9e25c1dd": "it is the center of the solar system",
    "570dc9cb5d754c8682c15395fb2f7461": "Copernicus",
    "65cbf434081a4641b96d26d24593e007": "Saturn",
    "6a98d8abe1c747e484f15cacd409981c": "subducting",
    "331f8ed0ee4d42678b0e7a6cf5b0b32e": "fissures",
    "5ce4ec48d6cc43879638bdea241444da": "Cascades",
    "c2a6cf9e503147759d8234ca76ff3007": "metamorphic",
    "57cd19561c754101a8d979621feec843": "three",
    "031a34704c174c3597015d4263cc7ef4": "The minerals in the rock change but do not melt",
    "60f2454975a14f7a845c4b116734a1be": "sedimentary",
    "868db4ee8a4a4125b6564301a3f40a25": "Metamorphic",
    "6df6decc461c4945bea4942ea759f063": "Cooling and forming crystals",
    "49dac23b00b3484bbd919bfe805850a6": "Igneous rocks",
    "88321a6fa39745a4b1581b02ef08b251": "metamorphic",
    "d794effd1b5049a88f4873cd92f5ee09": "metamorphism",
    "e3781639ec3441e7b83e536bf065595c": "sedimentary",
    "1e1c5a0b69e544908f97350eb6265788": "Metamorphism",
    "7650c437e0e14b7fa1cd990a1e268111": "Metamorphic",
    "87a5dfa682b642fc84b0848d7d3c688a": "85",
    "891fcdf7581644e9a8ce0eeb1ced2507": "timber",
    "dba91ea1d582465cb4145aa5db207041": "Some resources ca nt be renewed",
    "c916d5cbb5ea42b7bfd501d475c19063": "Oil",
    "c62a8e3dae1749188bf58186f4f9a936": "Smooth muscle",
    "0c2b6858d3db4b33b5acce9ff2cfedc9": "Skeletal muscle",
    "cf05f5573c4042a0896117c99dcbf3d0": "within the walls of organs and structures",
    "2bc15b251e964e58a866a7fb7eb2c363": "actin and myosin",
    "c1e7069512cb4b50addb930c64091af7": "a region beyond the orbit of Neptune called the Kuiper belt ( pronounced KI - per )",
    "72361a4485ee4b9bafaf8b63dabc1a8f": "a region beyond the orbit of Neptune called the Kuiper belt ( pronounced KI - per )",
    "649d35e190f34ea9a7948e86089e384e": "water and other substances",
    "f2fbbe97f4e94f37a3ea260bbd063b26": "make the water safe to return to the natural environment or to the human water supply",
    "aeb509d8e5f04f9e9f2ceb9daa21aa7a": "Irrigation",
    "5c977e38cf584d89b880dd23add9c1cd": "filters",
    "c2162b8c89d049aebc648421736aa1f2": "sedimentation",
    "01d4a8c90f2e4647a19701b736c621ab": "Water treatment",
    "37ce09a277b141c584e0b8e204424ea7": "disinfection",
    "4f6e5e5f59fb499192e0e5a94a2d97d7": "oil",
    "ef608998f97140e6842b2b436da8625f": "Chemicals",
    "e5af8d11708e44ccb05b4ce102da9938": "Conservation means saving resources by using them more efficiently",
    "b441ead06a3c43d7aa178f4c296cbc23": "transportation",
    "0f6f3393cc824344856df1b2f545c88e": "Water expands",
    "7645c2d4d23743609583c70157af7e4a": "negative charge",
    "d92a10a57b384c3d9b068f5f1fa5bf1e": "forces of attraction and repulsion",
    "b05d93dd415d40948167e3664e4358db": "hypothalamus",
    "393fcae4c4564d49b1a4ba227ac458d4": "hormones",
    "5124540d2b224d32b7aff3b406fa1d98": "Insulin",
    "30172efd588a48fc94cb909936d09349": "hypothalamus",
    "c8c2610d2aa14d42b432aa1c4d05a7be": "URL : An endocrine gland",
    "8c4c87a7ca3b4e23b55fd913efc7d907": "hypothalamus",
    "1f6f647f44cb4e9f90567c42a2455c4f": "stimulates the ovaries to release eggs",
    "8b8be513da9c47689d41e8460fba3fdd": "pituitary gland",
    "44abb9c48bb541228847b7206f2ff27f": "hypothalamus",
    "8f16d34ef3fe4a77880cad89867ef183": "endocrine glands",
    "e955ad05a4ab4dc284bb06ff5b4b142d": "Growth hormone ( GH ) hormone thyroid gland Follicle - stimulating ( FSH ) hormone body cells ovaries",
    "4293ede2796249028f6fae77492e429c": "ovaries and testes",
    "4ae1dc8c17b2455aa31e47b4c1ff29fb": "URL : An endocrine gland",
    "e0098d405a5c4cadbaab0a24b4c5d5ab": "ethyne",
    "9c66fd1e18be40c7880a6bdc09f08a4c": "nitrogen",
    "69ba25185ed24b8a8a6aa31f0cddaeda": "Carbon dioxide and oxygen",
    "33fe21ba62bf45baa99f7081b82483b0": "water vapor",
    "e8b48a95b28c434091953495b2dc02e2": "nitrogen",
    "a39856a6da684942b2803411a815bfe9": "Sound"
}
