{
    "d94a42693350473581ff79dc91c91e04": "Mary - Anne",
    "f41dbe24bed44870a8ad36c87dda59a2": "1981",
    "34f8093a16b64c8097bdaa03cccdef37": "Mary - Anne",
    "b6a13cac6289435697e8ff98d55854a9": "Emily",
    "52ffe790d24a41669c08a240c1d45114": "Joe",
    "d0d647812b8d47e88327e05abd34c492": "36",
    "5e54f1fb51b34d5c91636ca9a1d3518a": "Liza Merril",
    "ee477db3268c4a0b8321e3cb971573a7": "Wart",
    "14f31e741dc847f99fc5459cbfeb82aa": "Archimedes",
    "3dd25b201f7a4c57b12fe60dfd5f0c45": "the forest",
    "e4fb881316594279a56dd4204aa9bc20": "Archimedes",
    "35787f3f5ed0467b966d5931b8033b61": "Archimedes",
    "fbc193c9436e43f2b9632b5e30eb2068": "Archimedes",
    "af7909dd8f584b5d889a2a057bb895e0": "Sir Pelinore",
    "d75b44d7d2624664862ca41a38e65cde": "Merlin",
    "4fc01724beca4909843154ac9fd071e7": "Pud",
    "ea9ba6146dff483d9f2afa231bc995d0": "Pud gets over the fence Gramps",
    "6d849cc2e70742a1b7d4ad20b90bba61": "Lionel Barrymore",
    "a3a708d3008748ae9e513d9656135330": "Mr. Grimes",
    "65ecc0b5ceb54edd97efce2c73ca6195": "knitting",
    "314a5aa4b82e4ba08b0ea23d667a7508": "Pud",
    "df7df90367634bf1a70876d96edb858d": "Granny Nellie",
    "9cff346f237e40c5adda549ccf7dc303": "a beautiful country lane",
    "d38acfdaf6764e16ad9e33fb9d3b8c5f": "climbing the apple tree",
    "c62fbe17a57443e98472ffab0e77e9c5": "in the yard",
    "08bb259d4c0941bebc0148fda0aca8a7": "Gramps",
    "5e04ffff7fc64e97afe3f8584874f786": "Brink",
    "3f0ef5079af64b148d90f1a47052f263": "Mr. Brink",
    "f7718d32ddc24fb39d85d130fe198305": "Lionel Barrymore ) . Believing Brink to be an ordinary stranger , the crotchety old Gramps",
    "41e33676097041f592498cf7e565a3f8": "Demetria ( Eily Malyon",
    "1c8c922e29fd42b4bcbe59d6331d02a5": "the doctor",
    "9ff8170b3d6b4af38986d5fddb3849d0": "Mr. Brink",
    "1998a932970142c88e3df7e113746bd3": "Brinks down\u00e2\u0080\u0094Death",
    "7a4d0d23a0fa459e9f1701cd965f22df": "anyone who climbs up his apple tree will have to stay there until he permits them to climb down",
    "2e4f24b1316749f18d5d38389c89d824": "Dmitri Priabin",
    "c97a0438b5104c4dab7a6348ca171c1e": "A-4",
    "0048e473297f4121a908db823526aefc": "Dmitri Priabin",
    "1c7afb41143f47799472a21da1415c0d": "Captain Arthur Buckholz",
    "0415dbb4004f4665a52f0c793e0666c7": "Sheremetyevo Airport in Moscow",
    "287e34da316744ffaf0973177cc0b27e": "Gant",
    "9cd97f6b27154283812a13f1a67a42b9": "Charles Townsend",
    "78b1ab47ad5845cf8f9821ba6ff211c8": "the music room",
    "f36b1ca9f2834751984a74255d2232aa": "cholera",
    "82e5179f2ad14f528595a826748a1b4e": "Shanghai",
    "6ea7ce51acc7481596d46ac0d09b9d1d": "Five years",
    "e57f00f6291e4a2d8b7d06f40924c4b6": "Shanghai",
    "06dcb194fbd64d608a598f96b16ece16": "he dies , and she is devastated",
    "b8efcdd590264b089cdd103987b903fa": "Charles Townsend",
    "fdb2561b4aaf488aa8dd730911b7b059": "The new mayor of the city",
    "541844a0e187448998d19db853f2f273": "the Mayor",
    "2b74193b5283473c8d6fc0318ba26ebc": "Mastermind",
    "c688c0dc1f8c4a4abe5025ff174bdd33": "the Wilson gang",
    "d95559caf8454658a7bef11b3aa6466c": "getting nowhere",
    "2525ab9fac564cc1b3a27b6353bdc8df": "Commissioner Hurst",
    "aa4c9734dbe74318804a82daa08f87b2": "Captain Harris",
    "d8e049e65b7f4edda8f887e44e4c53ba": "Nick McCoy stumbles upon a paper heading of an antique diamond heading to a museum",
    "944fce391f9b440a9b4cc44a2b792215": "Wilson",
    "bbf25c48c1454998a32209058a228999": "Nick",
    "b2d80c4133494ee596e6e67219cc68fd": "Proctor 's name",
    "54f5ea8715d0408893b1f1201b6a6498": "Wilson gang",
    "c60bb3a144ab4e3ca7700ac28224f8ba": "Nick McCoy",
    "1c51bd10808a4504b8937920908f6703": "the Mayor",
    "11136749c9b44320a080f4f50a22eb2d": "a plaque",
    "bf41d077ccdb4ddca1269ba500c5f31b": "Wilson gang",
    "b95af67071d84907b8bf3a9f6b5a118f": "along a bus route",
    "61d51cc05ac448948d09821b5b914ea3": "a series of robberies along a strip of land in the city",
    "b15b8b2b09004bcc915e0ce657bf316d": "a series of robberies",
    "973e8e8403ac4946bce30fb5e5aa6000": "Wilson gang",
    "bc0097fe33a4472e91ac2c6a8acd8bb8": "plaque",
    "261b0cf50dd64b979796b390e48d927d": "bait",
    "1c757b92cb0b478a882d6f2ae5fbbb90": "nano - cells",
    "8c0ed9a880e74e15bce2dc8325946eae": "Humanz",
    "2d1eb61218284f8ba2be62e40f9f1fb3": "signal came from",
    "64f57d0d69a4422c929589184a32dc60": "Kable",
    "9f526f391fa44d109afb9958102c3f7f": "Michael C. Hall",
    "1096734acdee42a496896eae5314255f": "John Leguizamo",
    "d1d7796684544a4281cd1150ed985ea0": "death row inmates",
    "7ddbfd21081e4775bd856a4a762bd59f": "Kable",
    "0e41a91363b04db7903c002f01167d87": "three",
    "ebefc7eee1e64feb976e77709b95bdcd": "Logan Lerman",
    "9c6b1db027984ed6ad346f68bba4387b": "$ 100",
    "5b042cffa93c48cfab2ce79d30d82108": "13",
    "e05a63fb84d740bfa5239fb2bc3549cb": "Audrey Hepburn",
    "00798694d79e4336a6fb74a523abe289": "New York City",
    "4419adf5d1d343698759d2f604dd000e": "gun",
    "ec60448132fd4f128f0915b4b13642ca": "Panama",
    "9ded2dc337ce4ea4b12406c528aad19f": "Larry the steward",
    "1e9b8cc9beed46e5bdb25f909c1c8aa9": "Joe and Bill",
    "7c2447646faa463580ebf21645dfa2c1": "Alice Melbourne and Judson Ellis",
    "2fe16af8b6e340078cffe5874a49aede": "Larry",
    "8651b78b7a394d5fa0afd00256a2a08b": "a willing groupie ( Jenny Wright",
    "46da47dad70942b2bbbb8b4cc0ecb4e3": "metaphorical \" worms",
    "8283347a0efa4d3b87a261e8f886f943": "Operation Shingle ( the Battle of Anzio",
    "9b3eb00fccc341f5986a1b6ab7a55358": "Vera Lynn",
    "1ba83f4da1c04969b3c45a26ac543f25": "rag doll",
    "0cbcedf77d2e4b469b9a6668f52e6d2c": "attack a vampire nest",
    "5c024e3c4742403ca522f0da678391f6": "FBI Agent Norris",
    "41f5f0a3a4454698b1f615e93b887e58": "Stacey",
    "9c6d6947f8e6477abd009ea9cc6ff780": "Ben Cotton",
    "ae0576bf55574e2dadf06edc8dd45364": "Lilith",
    "7860c5c6264847c289ad02c3892e64d3": "Lilith",
    "cd792f733ef04f359645c4224f210308": "Lilith ( Mia Kirshner ) decides that Agent Norris",
    "57b55a5d27644d6f96f548b42b0da9cb": "Alaska",
    "d3829066c7774130a62dbd938f3f2b91": "vampires exist in this world",
    "7feccc2cfb6749a3ac7bdb2877e7b576": "Dane",
    "573d0d825d94484aa71088d3481713e1": "Eben",
    "dd682fb87c6f4a8cbe38277acf129646": "Ben Cotton",
    "39996dce1298485cb392971628657edf": "vampire 's nest",
    "463cb420dab54802ac153ed15d265702": "become a vampire",
    "70fe2feedce74d809329d20e33071979": "Kiele Sanchez",
    "baf8ad2ec613414ea9a9639ce9ca0024": "vampire queen Lilith",
    "46df1615e9654492ba79240f99bf7752": "ultraviolet lamps",
    "bfe439be90814edd9494b7f9a9654b85": "a lake",
    "6b8b88585c4d4bc9aed72ff26b2f11fa": "Cornelius",
    "42f4d39bbbd044098151b91e61678004": "Jacquimo",
    "9768f5852b8d4a1ab14e6457732da1a9": "Cornelius",
    "09b0dcb43ae74efe9d894344b0913401": "the young jitterbugs",
    "be811baccff44c669e8d782cad438f95": "Prince Cornelius",
    "957bbb8be715493f82ab2e0ec3ed9158": "Beetle resumed his singing career and had gotten his wings back , Ms. Fieldmouse married Mr. Mole",
    "0fc5dc617d414d139182c8827ea9a40e": "bumblebee",
    "4d16a4d8ce3543238f7cb0becd51a748": "Prince Cornelius",
    "f791afe5c9c642ceab7eaa7acd097482": "in his tunnel",
    "51f4a95c3581478a9f0a92a0924a8830": "a female toad",
    "94520229ef924880bd1b49f590395fc6": "Beetle",
    "5a2f89f744db4fe294fd708df39f2f04": "Thumbelina",
    "850775195b4b4f4f98d077c4c76e1b3f": "Grundel",
    "7ac12752a2cb4ad99557c300fe095a61": "Jacquimo",
    "59b6c8abda474114b429a2f96d546ed1": "trapped rooms all around and below",
    "5d24af71db404bf587331357ce893548": "electrochemical sensor",
    "47905cc19c0d44919a9aa07d40a66271": "Wayne Robson",
    "cf96ab074a954bb6aa32b4fa69e4bf66": "razor wires",
    "21e3d7f7149644b1888ff0a4b5f6bf7f": "Nicole de Boer",
    "9ba8a45cf8bb40b0a79e18a43220467e": "David Hewlett ) , Holloway",
    "710faf1a74d84d10859d587f8b3859c1": "Nicole de Boer",
    "7ae06ac5f5014767bf81c6fe60929fc8": "Alderson",
    "5a713d67a30b42fbacc2a2c3747e2018": "Kazan",
    "55e940df63784f7eae3d20854031729e": "Holloway",
    "b63b88235e44400fbf4cc8d4eb233883": "Garden of Eden",
    "65daa03b27944679ac2d203b1d28b27b": "Angel of Death",
    "57f02e902f234cc382c0973035fcb149": "the Garden of Eden",
    "aa26044585984737812111da031b5eda": "Eszter Gyalog",
    "fc9fd3a7b9db43b59e1c09a75888fc53": "Diane McBain",
    "e9492a2777ca4a8fb93e65c4b1c21cc5": "sidehack bike race",
    "6da5ee49c7484956b0f5f4f0236f2f03": "husband and wife",
    "782022db616d44b78139c5dfbb2a154b": "a farm in the Dutch countryside",
    "fa756684ee0c4cc2818c194744f5b736": "the Nazis",
    "40c9aeb05760404c853c1f3a03e119d1": "Smaal",
    "76e803aa06e4446f803173dc696afba7": "a farm in the Dutch countryside",
    "0c02db9973864a92932673c5a4c78785": "Gestapo",
    "3320988bef624f91b3e4b24dd47d20c4": "Tim",
    "b4f71d5197624cadaef5ffb26fcabcc8": "marksman",
    "d96d1872d7d64c9e9220feb3d8def784": "blond",
    "a4b91a72d883488fb5cc1ffb3e881c38": "a crippled Allied bomber",
    "2c0d5827848d4ed7ba4904da88921307": "G\u00fcnter Franken",
    "f33ce8a0e805477f83a3c01a4db67a40": "microphone",
    "4414952284b949a69219ad3b32078c90": "Dong - jin",
    "d42ce50e2b9148e7800b4c22f0f5067a": "Dong - jin",
    "b04a6c3a5e39466f922a3f389c3c7a04": "binds Ryu",
    "9ab1ed98680c45f0b63203fcd8fc9047": "to kill him",
    "fe1db870312a4515893375b4b461f666": "Yeong - mi 's apartment building",
    "4b2c591a9e294443863ed8a6991f6eea": "his daughter",
    "408dc8be03d341eb83431e7082dd8839": "Ryu",
    "1dc0691a92814d9d879a9897ff6ccfcb": "Yeong - mi",
    "6ea1e4cf7fab49b58460adae7e2bc920": "Ryu",
    "d6c7dfb3f20f4f408f9ba1b869980aa7": "Dong - jin",
    "e58d4d18776740b192ce9d2a3567ae53": "a kidney transplant",
    "3e3e575c78564876b437ea1f285f6054": "Ryu unconscious . Dong - jin then binds Ryu",
    "df1f6ea1e69e44eb909f3a0449549504": "bury her by a riverbed they used to frequent as children",
    "8e521832f743476d89178172fe311821": "Ryu",
    "99dca7ed1d894112bef5591ef25b77f5": "Ryu",
    "4f0f2e2c86154bf08b9448ee114518d6": "Hasumi invites Tadenuma",
    "3363e069ca7247a59fcf5a9341518712": "Tsurii",
    "6fe2f966fa1842e683c891102a468049": "Seiji Hasumi",
    "0d18546b655e4e07a58fe3fb10c642c3": "fourteen",
    "a70f5015ae344ef58846dd758b984c46": "Tsurii",
    "76dbe6c147544d1c8a4916a9bb53ec31": "PE teacher Shibahara",
    "6324ecb46198423ab0c52607e7e498e7": "Harvard University",
    "55cb54513d384eca8494476475401375": "Blainsworth , Nebraska",
    "7d46d4d7a1e64cd5a70231ef3e495c78": "Bob Irisin",
    "322ab27a4c4940a5921a4eb98d5956de": "Laura",
    "3d1155e5cca247b2bb7f637cd409ba26": "Jack",
    "d2c6b69d935f418eb221511e64fd7422": "raining",
    "cf65adbc9c5c4adbb83b316734381591": "Kansas City weather bureau",
    "8f600721935f4f01be6061864fe7743d": "Bob Irisin",
    "40a9cb0690874af186b27c57a6a87762": "Jack refuses to sell the shop at any price . Dan walks his bike into the town square where his best friend",
    "736b641cca2a4585928a652b77eeb74e": "Dan",
    "0c11abc7ef6b4b5aaf8807368e88c7a6": "fall Bike",
    "ddc2cb0491254c13a3cc87fceb65519c": "Blainsworth",
    "83997a852e354d4dbb537250717fb83d": "Dans stern father , Jack , is arguing with a banker",
    "765529e45c5447edb037a10237102de1": "Emily",
    "b4015a7db57f49e9897b65764efa3830": "Edgar Allan Poe",
    "4090ff492e884f19bbabe469b0a88a23": "Emily Hamilton",
    "b2792ead2cd34b1c8e570d246b808f86": "Baltimore",
    "e465ec80fc704ad1baeeb63843597c4c": "Poe",
    "c84e8f30dde845368334c2e32b17c752": "a prostitute",
    "a0406bc712d24732a8c31688525c6cf7": "Maurice Rabichaux",
    "a6e78b28e8b94d929aa964ed2851d74c": "Woody Allen",
    "d2763360085c42df86df51d9e1e58c96": "Diane Keaton",
    "27014d870b104223ab82705d93c3fb08": "Miles",
    "86e057dfdd76429a97885c04e615059f": "Erno Windt",
    "86f8cdb191304dcfb2025ca15c85fbcb": "jazz",
    "31f807d1a4d64a168917384609fc7d91": "the pseudo - Reverend Sullivan",
    "b01c8b0e537f431b80b3e6c041649e83": "Clem",
    "edaf39f21fe44cd1a957706aeecd2153": "card - shard and gambling trickster",
    "573508e534e34dcfb6499be3097a81ed": "Clem",
    "9908e33f5680482fa6babd0c89424708": "Chaco",
    "1f7632b2c5dd47d095f7197c756a49a6": "Tomas Milian",
    "c4b5e48c1e374fe2909ed7df551fbf34": "Bunny",
    "1de373858a4a43d8a42688bc0a55b207": "Salt Flat",
    "5fef22cc9b10442cbc840c4a6ae5b98f": "MiB Agent W.",
    "d05fece4157445e681c17f62db1805ed": "Roman the Fabulous",
    "ed365cfda3594bfebf1e12b65a5781eb": "Jeffrey",
    "6d2e52f15b344b53b1725abb5ca6c2b4": "prevention of the ArcNet Shield",
    "1ac0161a06db458cb439a0bdf8700e04": "Cape Canaveral",
    "5d107a093d78437cb673cba129f78c71": "1969",
    "77709b7d500e47e9b027ee131846e080": "Obadiah Price",
    "0ebdc595516140f1aaf2cbd7b1c6adad": "1969 Agent K",
    "6e699f38c6ca4d7fa2e6cedfe42303fc": "Agent K",
    "2f0e7c72d9d2468c80be2adefbb26daa": "Roman the Fabulous",
    "9d137a308cf6422f9e4ff35a0e904500": "Kiki ( Gigi Leung",
    "f93c60107aa941f88ca19468e7620639": "Ngok Lo",
    "9c78a7ba5cf84bd1995052a66d868a02": "Glenn Close",
    "c68eb48b851446e598233a8d9cf95968": "Hugh Laurie and Mark Williams",
    "988db9d47a344f4191bb13cef07bd511": "Hugh Laurie and Mark Williams",
    "8ef92ddbde8a473ab579a0582c283a59": "Glenn Close",
    "500036cbb15844dbaf42a587d376d560": "Jeff Daniels",
    "243f2b65e6ff491b80da2ec4676a3f60": "Lafangey Parindey",
    "edf8227c1902489d9434c902a470c4bd": "Mumbai",
    "12d93dc8473e41d7b12addf33b85053e": "Deepika Padukone",
    "11c96d8412744de5af8e5fad87282cfc": "Deepika Padukone",
    "7403adec19524cf2b1bd7c345dfaee3c": "Deepika Padukone",
    "a47b57d5e74e4b8fa09c1d55354cc21c": "Neil Nitin Mukesh",
    "207df7a05b5d4e1184edf9ce2b98ae53": "the rodent",
    "3c7f2e5d689e4d6394a3a73851b343da": "Susan Winter",
    "5886e3de9efe45b79717ce69ddb9530b": "Bruce Barton",
    "633a2e2aff9340c78cd7a75514795efa": "Chinese agents",
    "ffb1ff76e52a42638d238b8ec4c4c304": "U.S. and China",
    "1fab7b52e95942a481b7e6c87453b823": "24 hours",
    "14d8689c99f149fcad59c8b03ff79a2e": "Nathan Muir",
    "f1fde021332f44aa9999ab8008bd5a25": "China",
    "6b2a4d5443d345f696e4b8c88c4bafc3": "Operation Dinner Out",
    "c4d98ff4e02c4a21a4803cd5d2671ff1": "Catherine McCormack",
    "6f09ea064cca43508e8d44a555b0ed42": "1959",
    "44a4eb77285f4adea02df79cd6683939": "woman named Sandra ( Bujold ) who looks exactly like his late wife",
    "008ccd865b8949119392c9c199b9173f": "a briefcase of shredded blank paper",
    "83abb0aa80734942af8bac6646fd92f9": "Sandra",
    "98bd9b111f344f6fa4189418e273801d": "LaSalle",
    "07eb55ad2b90488b9af8b8320b209a6e": "LaSalle",
    "82b0989a3a7948bba271aed7aebda52f": "1959",
    "dada866119c04cca8f06f1ed0a281acd": "Florence , Italy",
    "f4be18cf65dc41bb880183335febb7f0": "New Orleans",
    "17cdf366d985454f94cd2d0c2e4f1868": "Jacob",
    "5274f74aa64544f2a4c51d501edc9747": "the suburbs",
    "04c5538f80704f63be602c67be87f466": "Kovu",
    "652e4002e7a44f298dc9ae12099d2086": "Nuka and Vitani ( Jennifer Lien ) set fire to the plains where Kiara is hunting , causing her to faint and giving Kovu",
    "48c0c3c841ec426f88b34bf9d890dcf1": "Kiara",
    "aff7003eb83e49659555bea373c17221": "Jason Marsden",
    "43802664c633471680c6878747f37eae": "Timon and Pumbaa",
    "f1145241dbf34d98be21eb622b935d36": "Kovu",
    "e0628cf3616e49ac9ff3388ab9868796": "Kovu",
    "746eb8963e124cda9875d0e641134f20": "Kiara",
    "722e41d224044852b7265a1f84eaf15d": "Kovu",
    "47cd592c8bf749b2b7f3ec7d0f069e1c": "Zira ( Suzanne Pleshette ) . Simba arrives and confronts Zira",
    "4b173b2b7c99452086553e665dc6eb38": "Scar",
    "f493c11d754c4500ad2deb49e172b66e": "Timon and Pumbaa",
    "4169c5839e1c4516b7ff621e5771d0e3": "Scar",
    "d1293009d1444f9e8da6b73716e9be40": "Lacey Chabert",
    "2f023f251783432ab79e058a8d89437a": "Simba",
    "4d692d13e3554113b54d96d4be11ed3f": "a restaurant",
    "29f0d698bd1c4d04b0a07967a07236d7": "Michelle",
    "db7f824025fa491488d1e9dbd2357f4a": "Sandra",
    "77911bb6723b4c6cbc9b8808e83e91bb": "Paltrow",
    "9a3bc7b1dd374d3b930bf6de373a76ca": "Ronald and Michelle",
    "2c2c3ff4137345c0af16ebc162515db0": "Sandra",
    "f82ce9499ee14e34ae66e252b241b09c": "Sandra ( Shaw )",
    "bc0e6f0b70384d79a0db518c3e42ffa5": "Paltrow",
    "6017e0bbcdbc4fc186ae2e83ff4d10d8": "Vincent and Ida",
    "513ecb205cca476697f377ab0fce1ea7": "Vincent",
    "98658e997e794e99844e4f00dbca7603": "Sarah",
    "caeb9496f7644b7ba845c4c3b477f96a": "co - worker and girlfriend , Jessie , who is on a chopper piloted by an older co - worker",
    "f396afec0bb94850b32faf107dca6f94": "Gabe Walker",
    "65e221e002b0435eabef72d787c62397": "Sarah",
    "cb5f18f75e4d47b6a5c9cb2bbc4abbcf": "Sarah",
    "26d1e849f5114c2fbc2f58f066614ec9": "Frank",
    "676b8b7b57fa4494b192924f40203bd2": "eight months",
    "3a60780b5f2c492fa6076c539d5a754e": "knee",
    "3c4ff5313bae49929759f7e389ed0dbe": "dragon school",
    "59deabd4491348e4b4eab137161d86c6": "Stoick",
    "c12258a911994e3abcda3c29da0309ff": "sheep",
    "4816825b102949b5b7a46e7acb9060e6": "Toothless",
    "e70633ceb43e4362ae0cac1b830dde8e": "Tai Lung",
    "59ae22b5ec4a44bf95d93927e6917200": "kung fu",
    "a990c22d9da449eb831d13ad48736bbb": "Tai Lung",
    "e41cc5a49b1744ddbb6a7218a47aa594": "kung fu",
    "5c16985026314153bb92ca5436e28a4d": "Dan Fogler",
    "79661858a92b4f59932d304440c8f8fb": "Wuxi",
    "397ef3b6d09d47198dc0194867cd9cdf": "Crane",
    "93f0f5df7c564caf9141d3e324408a6e": "giant panda",
    "1ae8fa7108d94f03873460d7bca1a0a0": "Oogway",
    "23a2ecd7539744b3985619fad6cae72c": "Jade Palace temple",
    "968ef940448340e5b1b64527cb389752": "Dragon",
    "9be4f6447bb044f0b76225e1bf9c9a9a": "Oogway",
    "973dbdeace034e6ebd30abb55d090d28": "Dearest",
    "1b9b22ee45ef4aacb9bcfe4ec9af751d": "Mickey Rooney",
    "4ab68c1ffe174f42802bb6fdd64c19f2": "Gong Li",
    "691851ca6520402c94037de79740d511": "Songlian",
    "179cee54c8b34489bfd1ac83a592c24e": "M\u00c3 \u00a9 ishan , He Caifei",
    "84637ab457d94e709afc42c162a0673e": "fourth",
    "1c97174877684d4c9e13f30917f6ff8e": "Zhuoyun",
    "acceb06ad5734727bd5c5862bd1739c0": "Yuru",
    "1372171f2abc4735bb92d2d9c8bdb772": "Ma Jingwu",
    "f38770fbaf044f20a5c5d488cb24ada0": "Gregory Arkadin",
    "b5e1591710124fa4a92721d7b1ef3a65": "police Lt . Tony Carlson",
    "5f573beece684e529c99b4c1aab963ea": "Bruce Solomon",
    "34a0c6c993b64de591e20208afac4de9": "Goldie Hawn",
    "ff904b47641849ac9463e9e35074137e": "The albino",
    "58047fc8d7324458bddcc982969d275d": "The albino",
    "a79596107a9d474b8645ad687ea6af14": "an abandoned theme park",
    "3c03ad41c98d493aaca6c06e3fe39874": "a bearded , bald man",
    "9c2b841ec23249f2b15f6550cb875dff": "Chihiro",
    "4ca40c2e374d4b8ba0eefcbb4d31f775": "Jason Marsden",
    "7bbe95a11c9146e8987c5eee254aaf70": "Yubaba",
    "c43c2226b2704b87ada347c42b70dd90": "Haku",
    "044a010e6f494980919fffe4661f66a2": "an abandoned theme park",
    "0841ec74fe084d0d86e6909b2270435d": "Bobby Kahn",
    "b761c89ae10f4ccb9ffcd1bb6acb0b48": "Wayne 's World 2",
    "ceeab70b9e2b4aed88a92279aa145f39": "Aurora , Illinois",
    "a0fddc36bfee4ec3af180381fc935df1": "Beth",
    "e961b7197e1a4aca988e54f3e377fe5c": "Jake",
    "9fe9c79d522b4fc4bffe10ee66052b89": "knee",
    "53e3c8abfa7744ca968af59fcf37d2c5": "Frank",
    "681bb03524984623ac65882ff80d4b96": "a pair of devices that fool organ scanners used by repo - men",
    "0a933d767afe4551961aa6787d8212bd": "repo - man",
    "a80ca0838953490bb0741c60115bb1df": "Beth",
    "1788ee61a27c4b9e82f1cb512568423c": "artificial",
    "879b9eff8da6491cac26d9b77df86b3c": "Jake and Frank , his co - workers",
    "8e859e89464d41a48b8e7359f1fd8d96": "artificial heart",
    "08da04366c9c44119af901af26e19932": "Frank Pentangeli",
    "d775a4a31f054bd78c2a8a0197ff7824": "Antonio Andolini",
    "00d36ec2207142da8cccbc3d4598ec29": "Lake Tahoe , Nevada",
    "8e62b224c67741039a2bdd5f0cb2b60e": "Frank Pentangeli",
    "2c0617112a7045fd875d417c90a2aaf5": "Vito Corleone",
    "7251d5778baf4832961230093fe23126": "Michael Corleone",
    "38bbb5936d6742e7b10a1202b68ab619": "Michael Corleone",
    "943e93f068f641309ffb2fe4745ce04e": "Michael Corleone",
    "840a464ef9544eeb9803ea83ad1def96": "Vito Corleone\".In 1958 in a scene similar to the opening of the first film , Michael Corleone",
    "c914f74241094f9281ea32a2622dea23": "Al Pacino",
    "137d7cfba75c4a088abb94e986c16469": "Mafia",
    "6ee3c21f0da944c7908d743ec48fe000": "Michael Corleone",
    "7cfaf5990f7e470286841feb69deec73": "Michael Corleone",
    "7ad37f00976f4b2b8c2e82b565d47706": "New York City",
    "fe1c90ed57374d8d83d7a65be9f2a69c": "Clemenza",
    "5257409cb9794967b4e19270b54a711e": "Kurtwood Smith",
    "21c50de87e564af08df201c8567abf0b": "lawyer",
    "6ac18e7ad6cd4b558249bf997769f3e8": "Freddie Lee Cobb",
    "aea13e45ff6643f598b6440ff41046e4": "Tonya Hailey",
    "378716522667470c93b04afb75bc013b": "Kiefer Sutherland",
    "f4665edd015940dd9d5dedb68ca89d2b": "Looney",
    "21e068a805244a8ebafed6bfa2cf4b72": "spaceball team",
    "bd68aed0d61044c09c64ccc96c51a746": "Mr Spacely",
    "9dac3200576e440aabc3ac7c6dcd9dcb": "Rudy-2",
    "ea3406dbf9154ee8a23fef171016c825": "asteroid",
    "3574243a420f4501bae77cfb385569a3": "Alexander Throttle - bottom",
    "2a9cc53067e74c069c1f88ecff09a76f": "George",
    "ba2438f42b094bdea3b2c015d0d55c03": "Apollo Blue",
    "fe4f7c0320d6496282dd81974a2eb699": "Grungees",
    "9c7916d2d7e24954a544ed9f12117425": "Spacely blames George for the technical glitches",
    "131803f6d8b140cf985261a569013174": "Alexander Throttle - bottom",
    "124b2c0592584e479fe4e40936c51e06": "Mr Spacely",
    "903adc893d2e4e83a9221c1826166ada": "Alexander Throttle - bottom",
    "8084531c19be4f43adea794396a10733": "Cosmic Cosmo",
    "d6282ccbaa3541f6abcfacf4bc28a561": "Ernst Janning",
    "85e4dcbf2fdf4e168044b7357e88dc8a": "Judge Dan Haywood",
    "5fa5f6fab6134026b9f9dad9efd83c44": "Ernst Janning",
    "28bd18d9cd0641e99b3f2af853f7953a": "four",
    "4893690160d84f498e9a8cc5bb2919a1": "Jean 's husband Brian",
    "b6ac690c5ba6439f9b195df5d3c41cc4": "Kate Walker",
    "e6fb9971ffbb4468b16a5c801f7c870a": "he is fired",
    "313cbef8e4284bbebb753ca7d65d0cd5": "the airport bar",
    "6a404d5fa252492483800fba16e65eae": "Harvey",
    "70bfb1042b4244aaba5e95a3daef791c": "Kate Walker",
    "28c28d4193634b4ebc99c6818fdda18c": "Kate Walker",
    "4dab38dff4b64b069cb328bd01f39938": "Susan",
    "a59cb207cd3e4b7c8a632a0ef597e1c3": "Heathrow",
    "b18d081631074ceb8ff5684b9c01bc99": "Dustin Hoffman",
    "f330fe2138944ad5808fe107498dcda9": "Brian",
    "8a43d5bbc49e40d586927e9a9aed2462": "father of the bride",
    "10d474ce30b843398f47fb18f951e6d8": "Kate",
    "2c2cf492a50b47918104d0cdb8a97371": "C.D. \" Charlie \" Bales",
    "644a7cf6362840c3a7594386bfe851b2": "Chris",
    "9c590474b15a4d9ea38beab5a9b07609": "Roxanne knows the truth . She asks him to read one of the letters and then to look at the back",
    "1eca34813ce042b1b2d4d07afbb19fde": "Dixie",
    "357ea02823fb425da5091695ac1ad42d": "Dixie",
    "5cd97cfceec248b2973e27c0d522b9bf": "C.D. \" Charlie \" Bales",
    "f74102d2aaa5438a926bf487808085ad": "Roxanne Kowalski",
    "552cb15a7e3b4951be395bd0b1c73452": "Charlie \" Bales",
    "24e620e192d6440aaf58d12241327f6a": "his large nose",
    "32916910480d4f26879037eb074b9acb": "Sanborn",
    "48d7a452e0b945b59d04dd27398dcb44": "Sgt . William James",
    "713800a611344fda8f6d4e7e8c2be481": "Sgt . Sanborn",
    "0852850b98304323861b4be53e3fba9a": "a United Nations building",
    "d0322659553f448b82c5deb666562654": "Thompson",
    "764117f190504774b462a6fad9f522ff": "the bomber",
    "ecbda1a3ff284922904b49744b92cc66": "three soldiers of an Army bomb - disposal unit",
    "669254370a144ff7ac34cc3da0c28bf9": "William James",
    "7b1967d167af4ca5a03254fe6d3ceb7b": "Sanborn",
    "035bb089da674088939882f1c22d2e06": "Sgt . Thompson",
    "c4ce65e998864b3dbd1db9d5e0a24ae9": "The man in the poster",
    "9f0a4fc0ef2744ae835c2ab7825685cd": "Deacon Frost",
    "9a8a6641a8284079a2cc53a1dbb0fd54": "Whistler",
    "aae7ea75d28c43a5a2b4854bf06a0ab7": "1967",
    "2eb8281f04ce428c9df7859f03915fcc": "Deacon Frost",
    "b6eb9366ff964836b5ebfb73ae8c7fbf": "Dragonetti",
    "0659df13a9814163bfd50662eaced67e": "Officer Krieger",
    "c1b3f0a4d82741ff8284ba1a4de39c28": "silver stakes",
    "2ddf85d78efd4231ab24f9aa73bdd513": "a drink",
    "1950f4ecd02c460f93d9370fb0e2f9a9": "Blade",
    "e8b7e8e5635d4c6dacab325a1daf14e7": "bubble gum bubble",
    "aaa72be8ef7f4381b0ddb9bf2140559b": "Bugs",
    "61e720c74bd24b518a2bb2f2755dae9d": "pin",
    "42e0639f819c4724969f15df3ba914cd": "lipstick marks",
    "0151650ceb1448c099c8d361d2a6e4f8": "\" I do n't ask questions , I just have fun ! \"",
    "e8a37455458546148629276d51ce839d": "Sam 's hat",
    "3cae8e40fdd54ec08ea44c82a7596710": "\" I do n't ask questions , I just have fun ! \"",
    "45a35f506ec44c85802a313618c0208d": "bowtie",
    "1e87c8b5138d46b592acfbeab17e8a97": "Linda",
    "b5a6340ce8b547a1a98e5d413033efd7": "Memmet",
    "9969a4425b9b49918aacb0b3116ba5ed": "Nadine is not dead",
    "2159e39d6f47485292f1009c86b71378": "split the vampire 's head with an axe or pierce it with a pole",
    "de1906712ee34a9394e8c25abab9f714": "Heidrun Kussin",
    "b63b6cfa43974fdea268a3f8fdce7d99": "Soledad Miranda",
    "31a6f4e994c242599dbb28e4847d9451": "George",
    "3a95e27aab8c47b2974386dad87ac198": "George Segal",
    "1b9e4b2e0f664bec884a34a0380606bb": "instructor",
    "f66aa5b268944415ac1e6a74ffe3cf19": "Honey ( Sandy Dennis)",
    "69515c3de345416cb276b852dff4bfef": "George",
    "84d4b9d2b754451a97fd74401193ba07": "Nick",
    "3cc3cd0fb6394c8c91789b6e58b5f5e5": "Honey",
    "8963fecc18974adeb4c4a14e5ca023b0": "Nick",
    "895ad263bebf45e4b4196e8613d30f07": "Martha",
    "94e8fa22168643408e8ce5875658556c": "Martha ( Elizabeth Taylor )",
    "1c91df6e96eb41a99a8b0ebf5cd3d541": "professor",
    "22d3b1bc26ce4c7abb65461488b9ddc6": "Sandy Dennis",
    "c6eadf7d4d1d49ada380a7e364978597": "George Segal",
    "1f3c060d960649e2b3f1f4547ba1e691": "Nick",
    "1225805634a04d5b97440189430a123e": "Mara Williams",
    "2ec1d500b27b4589abc10ce26b9d5171": "Thomas Garrett",
    "0dc6a9ef7bc24afdac122a137492f913": "The Carolingians",
    "193fe1eecf1c4607ab2a44bf2028b19e": "Susan 's husband",
    "6e4bb00fd12744adbed50733d6b8d68d": "Susan 's husband",
    "0fb961b51cc6448f9d0a0e06260b0463": "Earth",
    "800c5a794c9b4fcf83b3baa655d89a05": "home",
    "047ac83c47d9414091550c2b3906e468": "blue",
    "465e07a4a6ce4786b06ae6c7c001f581": "Vltava River",
    "886a2787614746168e684abd83f05347": "Prague",
    "d58a3bc75a08445c8592742e67c30ba8": "Scotty McGruff",
    "8d6e378299454fbc961fab165b1433d0": "Venice - bound train",
    "a80090ff707d491dabfa2d1962adc949": "Joseph Long",
    "1f7ed54ee5da4925bfb721da201e5d0e": "Prague",
    "2cac7ad92871418387df2f77680f1376": "Miriam Margolyes",
    "9878a66a6a24487eb7e804743afc23b0": "Scotty McGruff",
    "b21a749f3d44447fa574f5fb0417929f": "Prague",
    "f43304cad329422b85616a2beea9f851": "Honey Ryder",
    "646f2c26d6ca4b21b97ba32ef4c13f38": "Dr. No",
    "59834a043fc14738a026ecb1eced2604": "Professor R.J. Dent",
    "a21b2e2fd8144877b58a4f486997c630": "Leiter",
    "687563d8355d44a1bf1d1b337c0be880": "Crab Key",
    "462fce858dcd45e8a0b5d24c2bf4f4fb": "Crab Key",
    "73edaf842d60469fbf9214dfead32049": "James Bond",
    "b61e5e18a3dd46a0bab9e1ee35438342": "Honey Ryder",
    "e418014ea6be426b928f38a2fde5e6ad": "Professor R.J. Dent",
    "aa15d69e4f364782837ae246bfaf7000": "a female photographer",
    "ba84e7b846cf4145b08b84ae9db967d9": "Kingston Airport",
    "81ae5da2a00246fa98bd7c3873e4ff3a": "Felix Leiter",
    "e353f60855164c8fac6361f486b706bd": "Dr. No",
    "151c31739824409db6d20fbc72965103": "radioactive traces",
    "7804c18222524b5c8d3312d78f5fb4cf": "MI6 agent James Bond",
    "d3a0ea36e4564d7dbcea337d9339afef": "Professor R.J. Dent",
    "f5249162ba294fc8aa554dd5fdb0db96": "Quarrel with Strangways",
    "01729cb6059244d48d8af2c62ea7633d": "Felix Leiter",
    "fe3b67e5ba05446c947d69e9ea1b5c05": "large venomous spider",
    "36578d06e4a9441594f2d52d38e606e7": "the bureau",
    "9d6312de26354d5fa6557025fd09ad07": "a school playground",
    "3c7d9f15771744cc963c5742e1cf2722": "FBI",
    "83ed3c0081f7469e988c3b5b57f5154c": "Beauty pageant coach",
    "d028cb527bdf4623be556c75042f6d55": "Fast - forward to the present day",
    "ce24602da94e4afaaf4c260392f7dc61": "William Shatner",
    "d79dfbac7a8c46abb54ac9ebedcf0941": "the glass harp",
    "d850cbd195d0439d8141ffa5f213bd3b": "Special Agent",
    "0745494740fe48a0b40f6093045e74ff": "Heather Burns",
    "69427bacfa65475cb6b8307962a9d8b3": "Eric Matthews",
    "d7b32963fe9047a4a45e1c766c17a65c": "Cheryl Frasier",
    "211eb64227004d7c801d8012148d93bc": "gun",
    "82acb76d0487452a9439d4f0aa1ea861": "Herod / Gene Hackman",
    "2242a6ee984d44e7b8297e6208dfe588": "Gene Hackman",
    "f537c8ab2e4241f1bfc88cceb8bfc582": "Ace Hanlon",
    "63bc18d8c9ad4f518cca20c39f7fefdb": "Herod / Gene Hackman",
    "63ceed97651f44c7bab5ad948951bb99": "Ace Hanlon",
    "811c46cbcbff4665b76fd7f6147a29c5": "Cort",
    "fda748548a6d4f4baaa1c3f4ff97c7e4": "Sharon Stone",
    "b2049909a42e4731887125bc0f8077a8": "Russell Crowe",
    "f6b21b8590ce43c7bd7b92b2cfeb0bff": "Russell Crowe",
    "dc440c053516434985ddc25fddf957d7": "Russell Crowe",
    "71471600e1a1454dbccc106caa989863": "Sharon Stone",
    "54fcce7287e44b8cb167a4e606d8b978": "the man ( Herod / Gene Hackman ) who killed her father . She arrives at the bar / hotel . Ace Hanlon",
    "305f831e927e4757b0c65ab38da491b5": "ace",
    "6374b796d0c144dba394696dae9dded9": "Leonardo DiCaprio",
    "0d452555101f440a99b1ac84034adb24": "Russell Crowe",
    "7fbfdb157ee94582b1f8d4df69a9012b": "thumb",
    "2bfb0caa2ff14d7a98c5841cca36fd5b": "Ace Hanlon",
    "542f9e71cdce4965a1afd4d39ea8ed93": "Herod / Gene Hackman",
    "4776f56d5e32422eb5b128c7cbc88170": "Herod / Gene Hackman",
    "1e9ebb5ed9554446ae69823b83ea459a": "Ellen ( Sharon Stone",
    "998ab2ca499d4189817efd9f1ac0e605": "Tony",
    "febd0c55b0414fd8807734640d458dd2": "Edward \" Pee Wee \" Morris",
    "91304c68e44648d49e6fef029a31dee5": "Anthony \" Meat \" Tuperello",
    "8f1cd8b8143a4f88ac70d2c189474729": "Edward \" Pee Wee \" Morris ( Dan Monahan",
    "84cdfb652c884668b12747b6507875ee": "Kaki Hunter",
    "cb2cf21d0821451eaa6663aae7e1ff95": "leprechaun woodpecker",
    "09681f1b338645509f96ac45861b7846": "rich",
    "0efdc713693740cdabd46ddccfdb9503": "leprechaun woodpecker",
    "8a1be328759642f08026be2a1365efbc": "robbed from the First National Bank",
    "0deac986f7df4c3486480d66e257225d": "O'Toole",
    "ec52525bcc2d420d81fd07c21c294fee": "Scottish",
    "6cbb65dacbff42d38c7a2b588c494b3c": "Lydia , Chris , and Natalie",
    "e18519751bd74cc5978517c3586a393e": "television station",
    "ad57c1be88a1487ead917f6a0b1d5f13": "Lydia and Chris",
    "d009563f3dc74ba8a253ddd9ae572194": "SuperSoul",
    "e68f43e46bb74c1bba974fca7bba2d7f": "SuperAngel",
    "a4552e868c014f14960f82fa3a05cca8": "Harry Sledge",
    "a28ef35f78764da685fe6f4e0afcb620": "a bathtub",
    "eaf5fa899ede47f2b5da31d107b95027": "Harry Sledge",
    "96e109134735447d85bec8da9d9770d2": "SuperAngel",
    "311fdb6133364387b771404c524282e4": "dune buggy",
    "9b785b30540d4db9b4605af778ffc98d": "SuperVixen",
    "d9d1a43970e345e4a3f40938a89004ac": "Supervixen 's Oasis",
    "3226ddf90a624f44b1d216d7719dfa2d": "LORD",
    "13c313ac04814d50a084b375db3f1606": "100 metre race",
    "5d2e869df9f547caa3b70f56075416ac": "Charles Paddock",
    "cd9da241c9954387975c3833e56bcee9": "Liddell",
    "1983416502774496be9a5e1124d9a156": "a sermon",
    "798b20f52d6c4ea1a714abf223df2582": "Tuesday",
    "cc71d3fcb9cb4d0fb52c11542890e9e0": "Charles Paddock",
    "4686f8ce23624f95898695d79a90086b": "gold",
    "c1d54c041ff14ca2adb11f60b666da7b": "Lord Andrew Lindsay",
    "686c79ff335249d09e94d0cb2e1c6489": "Jennie",
    "56a90966beb84fd19df9038e6d8ee053": "Sunday",
    "851d142174c44908ba205542af530c4d": "Lord Andrew Lindsay",
    "2ba29ffc41e943c688d439e16fff1ebf": "1919",
    "fe59157f8cc6476aaabd22135269d29e": "Liddell . Liddell",
    "9427672508054be18c28a4ee9e8fd85b": "Ian Charleson",
    "9e6603e8a4b54fcf8be5920788d848c8": "Ian Holm",
    "e522fa73e5404ba1974a58e1fd1bd882": "boat",
    "138275b29a57434896035d91c7e8b77a": "India",
    "05b5fdcb444245de8ab07b295c09f673": "B movie sequels",
    "1adb29d1a6114523aba5c86befde7023": "marry him",
    "4eeefd7ff4f1406894623a3e0d0ea99c": "reporter ANN MITCHELL is laid off by managing editor",
    "d5b69e51e5d74c4b8feead6c813874c8": "John Doe",
    "d5a13e5a87ae41aa9bedd5ec412f2b4d": "Connell",
    "51b39a53e1af48de88453b31b5ba8802": "John Doe",
    "383c32914bc64f5094259da37b443243": "Christmas Eve",
    "b193d2d32f224a7583fd9bab2370e349": "Erin Cahill",
    "97deafa0cec643b0a10f2b7f780d95e4": "Chuck Hittinger",
    "ead29428969c47769b5091a8aa9e8f09": "Dr. Mitchell Allen",
    "cb9194ceb5424d27814690bda581364c": "Erin Cahill",
    "88eab5dac74a42f282e15b6d33b5aef0": "Malaysia",
    "c7e716902a1d4c1c8fd95f87a606c4f6": "garage attendant",
    "f0a3c80faf8347c99bb70e4a934ae35d": "Richard Johnson",
    "d26a3d4629264b91a2f933ead22dc153": "Fay Compton",
    "80357846bd434246ba2d0401d8946a94": "Boston",
    "bfe73719e8664a0fbdf8d0af8de6d95e": "Hugh Crain",
    "899b6adf821344f4b9091322d2bfddfb": "never return to live with her sister",
    "fdd1de1b4364414cacdb8c67f01fb8ac": "Hugh Crain",
    "7ce63dc3e8694a6ca8cb2b1a40020d8c": "a bill",
    "6739a646340e4b438da82df7033ff90e": "Jefferson Smith",
    "967012600d544f0987edbe4be375de0f": "Sam Foley",
    "f157e80545f0429eb3f9323b4e3d84e4": "Harry Carey",
    "e874ca619b834867b133748d13ab890f": "Paine",
    "9e9f0affb2f2458fb70455ba5ba88b91": "U.S. Senator",
    "1c6cd4db47b44f65bc318c9e05734ecc": "Guy Kibbee",
    "8facbca3ee574ade8f2dad325df76eca": "Hubert \" Happy \" Hopper",
    "00baad5b5a884bc8881651c79e0dea70": "Susan ( Astrid Allwyn )",
    "c646affe0c3f497b8375d4cd3554e501": "a high school party",
    "9babff2d681e477b868543bdf1cdec9e": "Mick",
    "f134b54068ae4e57a8b9972681b920b0": "Mick and Charlie",
    "3bea8b2f2ea04e7ea6cc5ce8619b547a": "Nina and Jackie",
    "a924040947184cf8bd88c40bd7600c41": "Don",
    "9ce17fe1a45a4a93badc70760db15d16": "Federal Reserve Bank of Kansas City",
    "7a8f5e30bc284028b1a5b1f94213ec09": "Queen Latifah",
    "bfd7340c216c44ea8e02ad0d5b8cf1ad": "janitor",
    "30c57b686d3c4307890321c1f45c7da4": "a friend 's bar",
    "7150290daf2b433cbbfd539f737420ab": "Brian Taylor ( Jake Gyllenhall ) and Mike Zavala ( Michael Pe\u00f1a )",
    "749f87e07e30435db9ef934b39351c7b": "Tre",
    "796df18346a4480aaff06cd05d43ef24": "Van Hauser",
    "c7114f9bc64f4c9090804858a019633e": "Van Hauser",
    "5f4234fa56634cf4a42795701e73860b": "Janet",
    "0141df4d62f14032bd33b025f1e87780": "Brian Taylor ( Jake Gyllenhall ) and Mike Zavala",
    "aff905ca61fc4d518140be61a6ce6f5a": "Medal of Valor",
    "0c8e8f507cda43ddb86fa368567f464a": "Karim",
    "e5468816a4c44eec92a9815f18025e7c": "Paris",
    "89b29c78cab54a35ba4e4b987203f42e": "Karim",
    "d39fee754bea40b0ba0d2d01b12105f8": "\u00c3\u0089ric Rohmer",
    "14c9c75932694c9b898abc9655027d63": "Karim",
    "2c88b5f5792f411a99a93b2a75402c49": "August",
    "b92c2e9e42d6457cb52acd872a8c0482": "Spider - Pig",
    "deebc0c923ef4c33906ceabeae5d5bba": "Lake Springfield",
    "fe3954abbde34d749cfd0d3c336764c9": "Lake Springfield",
    "835f5ec1dd9d44478ea9afb8e8617523": "geologist",
    "0663dc61a98a4de1918532726d129e9d": "several passports",
    "1b442630861f40d38f0950e448904c5a": "Simon",
    "a09b2c7f9365400eba223ea5d0567de8": "Malachi",
    "2a89f45b1c8646d3a1e1853e2c52e9bb": "no - nonsense replacement opponent . Despite a valiant effort , the Tramp is knocked out",
    "4e576f50e37247bcb493fc25dc328ab0": "the eviction notice",
    "ace4841a98be4b55b57ffa128aecf2f6": "flower shop",
    "d95a402fd3ea46feb693acc38516617f": "her Grandmother",
    "c18815083cac46b0b02fdc345e016359": "Harry Myers",
    "6054e1ae58a64e5b8713c44ad0df4f84": "the Tramp",
    "68e5a74bc62b4297879b76f36cf3fdda": "street sweeper",
    "0b4441df7a814534aeb46e077d8caf95": "Tramp",
    "54998ab31d7242648f1ec7360e8af60c": "Europe",
    "ca9599746eec49068e94601e9aaff015": "$ 1,000",
    "175786c18f1a4ade95d333f757cb25f8": "blindness",
    "8552abfcd4f64fe3a11aafa431fb2095": "Flower Girl",
    "5acf83344b8f4396932b7beae4ee49ae": "two",
    "e07cc22712bc48268a6d20b217b4f30d": "Grandmother",
    "a6e0b6d30e3a436d9c70b4f237e04cd0": "the eviction notice",
    "0094124694154db3985a74d1c4c024c9": "Harry Myers",
    "e4c7b0d225164cbe873e4df45561cb42": "street sweeper",
    "1f46f8b98c28475a85d3f7f723aee8c3": "marijuana cigarettes",
    "06f2f03867a14bf38d035ec4eb87b864": "marijuana cigarettes",
    "a3a2714bbed04f4bb1c2986b37c2510e": "Bat",
    "dd5b335a73594a0cb693da045fd6ca84": "the bank",
    "91e762ed5f7346669f1999f96fea5acf": "Charles Dow Clark",
    "d92a8ef840604c35b35475c0738e2827": "Chester Morris",
    "506eeefcf70f41fca9d5bfff9ba3d03b": "Cornelia van Gorder",
    "829a0408fcdc46fbb05a7987ea60575a": "old Fleming mansion",
    "d1ee675ac7294672be4bda6494d2579c": "Bat",
    "0beb93e9e21a4b40aba8fbc40c9d5fec": "Chester Morris",
    "df4a0db54a8e4d46b14ff24ac2831bc8": "a vist",
    "eac8b7117e804948900566afaea247b9": "A rock",
    "210d4824351f4c45b20bb1be777d5cc2": "Charles Dow Clark",
    "b945edc6a44e4208b5d70e1afd41b2b7": "Arthur Gwynn Geiger",
    "0eea0516e58d474188b3912ccaac692c": "Marlowe",
    "600df534b981489a99ebcedc1aca4ea8": "Joe Brody",
    "8dbf5468ed57448191a34ad4bafd70e5": "Sean",
    "faece6a2f6fc49d7aca6629f8557ad1c": "Carmen",
    "37164adef36d457ab84b6eec0c535825": "Agnes",
    "b4144cd9c6db4621a91861878eebd013": "Eddie",
    "5b9c545be7f843659ddb73cabea042a7": "Arthur Gwynn Geiger",
    "18a0ca5446704a71b497d1555beed3e4": "Carmen",
    "d5da843cf802409896e6954c74ab499d": "Joe",
    "820212ee6dc24162bee329b4c61c91de": "Carol Lundgren to Geigers house . Before Marlowe gets in the house , however , important things happen . Owen Taylor",
    "bca93cc201b44ebaa21bd90b27798494": "Jang Kyung - chul happens upon Jang Joo - yun",
    "1922f552e95f4a61a50b0cd8676caa43": "Joo - yun",
    "6d6d0f6fbf704cd59510d5c8f7ebbad6": "Kim Soo - hyun",
    "8c7acccb44ba4f05b1e914e5e5cc50a0": "Caroline ( Kasia Smutnak",
    "33928d7c52304568acb0e75e9564633c": "foreign aid to the African continent",
    "7d9fc310df60477f8e79499e78813cdb": "James Reece ( Jonathan Rhys Meyers",
    "f421d4f2e1374634a9a377df1a62a2b1": "Paris",
    "9865a2f0acd34391a8f557d85132d203": "Ambassador Bennington",
    "7e73c51bff0640fd9339e036bc62b41a": "Ludo",
    "fd5db45eb82140ceabeddf4d2febbcff": "Ludo",
    "c1520a515ca743d99911f63fe9f7902a": "infant brother",
    "755947172fd741f4b01b164c7484e9d6": "Lady Marion",
    "412ac4b30f2b4692869f878091dcdde2": "young man Robin saved",
    "94697155825a463fb56ec1124a307cac": "Jonathan Zacca\u00ef",
    "a69e2b382b4b4fb38f11b117cd675564": "Sir Godfrey",
    "a765b7866a7c45b99e4494d35db04468": "two",
    "985c6c44b7cc43bb80387031c5afe2bc": "Heche and Nixon",
    "baeb86752cfa4cb3bd58c1cf197adb1b": "Hartshorn",
    "cf282050e7384253a39f90d6f2b0dc72": "Los Angeles Police Department",
    "ffa2b8d069604d3ba21c23721f513dbf": "Louis Leakey",
    "9c6b6cee83724b5e90e630a8961a6389": "anthropologist",
    "c6676c8d6a874830b7237df87379969b": "Louis Leakey",
    "f786e6af0f6f423fb38a8dc056f10db5": "Colombo",
    "c5b103978dd644b3a0d07b59f5eb6979": "over 3000",
    "97a3a816b19c4e6284932e2f2aec2cee": "first aid station",
    "adfa2c896a2f46888df10a4352613343": "donated tsunami relief money does not materialize",
    "1d1ea5cb56e340ce968a52a401e7c594": "year",
    "832ede43d421494694e699e9a638448d": "tsunami",
    "17d1de2ccfa64c15bdbe2568011faa98": "Mrs Herbert",
    "62c086b07a7d430c8e2ff7a238545dc9": "Mrs Herbert",
    "551d076a36014f1094b1c99c94306865": "12",
    "65ce18b85a1b467a9c8c7614fd6cdf91": "Mr Herbert",
    "a280db6b5a40445a92a70d8c4da0a2fe": "Mrs Herbert",
    "d560ea28209b42ee8a4dcc5143136ec0": "Macguire",
    "878f754fe7c74b319d3a60c54d85e386": "London",
    "32ae72c9acbb428a9aa57e4dfb657c25": "soldier",
    "e9c77249049c4b6bb2cb51a408a2d490": "Fergus , Jude and Macguire",
    "1c47a62c601e4fa1acfca13157ccef3a": "soldier",
    "bc7bc7c07fe14bec84c9b6b299ce29b9": "soldier",
    "f14f4685992347c1aec19017f116b96b": "Mary Ann",
    "70df77eb22f549a29415e4326074472d": "Alice",
    "130114e3df024f5e9910c3371c9e3f92": "Dinah",
    "769575d792404774b4a8196b131d6f67": "rabbit hole",
    "129527f819e944cb8d6ad5f0c091c52f": "tonguebox",
    "8a96757b065c4ac895bcfeb9f92e2745": "Pygar",
    "e988d0164dff4f2b9ae8a59c001fe579": "Catchman",
    "d098a282d1ec46bcb07872f0547afcc9": "Pygar",
    "ff63b71b0f62475094ac683cda114ccb": "Pygar , Professor Ping",
    "0d3f1c8520504791b36c5e48db0ef485": "a fur",
    "c818cfee4ab8417e93f22efc395364b8": "John Phillip Law",
    "bf16ff6dd02a488387b6ea39a6fc29b7": "Pygar",
    "192da050d18743319e3457d2b111cb12": "Pygar",
    "0da2e0eba1934f8d90909071c2d8ea08": "Martha Stanley",
    "b3f054f26fd2442db9247689f4b2c97d": "Captain Stanley",
    "d52d06bbc11c4d8cb157073b383ec638": "the Hopkins family",
    "dea694caa7f24f51978e5207882d1387": "Tom Budge",
    "4ead67970e584d6dbe4a31c34cc87081": "Sergeant Lawrence",
    "8b2028823fcd4ae5abf872d28bb1a5bf": "whip",
    "160df8d06c3d4793ba7a34ae517978ad": "Leah Purcell",
    "364005d10b1a4935a80291eed80a943b": "Australian outback",
    "623c1cf5fcfc475996bc139e12083e4d": "Charlie and his younger brother Mikey",
    "b09aef9011ea4ecf9919d80ce0a76322": "Captain Stanley",
    "e37a6168121c42199659f3ec93b1f7e0": "The Dog Man",
    "14a231c3dd6940c397e87e1be9400683": "Eden Fletcher",
    "41c8e519087e4151831c4ea6855962d9": "Charlie",
    "3b92135b433848cfb6ee20d13be4d020": "nine",
    "1bb004351b67463c9eb25cb2e0ecc0f2": "Tom Budge",
    "25c6b46c080444b88f5eb2cbfd81238f": "Sergeant Lawrence",
    "a857229265dd4144b7bece77417ebd40": "Charlie",
    "5b133ce32e274726bcefc47f3bcbcaf6": "Captain Stanley",
    "e09e7ec3624d49a2a7d683068333e9db": "Lamb",
    "6db3b25f4cd847c591d900bdf5f58118": "one hundred lashes",
    "48b1eed65f414606a932aa371e4680cb": "Ringo Starr",
    "1f98d1d5ded44f64b5f145073bdb22c6": "Algernon",
    "1b33113bf4a54c3da8e4679776c68302": "Ringo Starr",
    "17fc6b664fc548a79b0c44fd639d6f15": "Ringo Starr",
    "d6fd2b7852604fedae7fb48b0e8439d3": "the great Swami Clang",
    "f79c1091b5b24888bf52fba4d88a6d8d": "Austrian Alps",
    "fb4a246ac65849e79ba78a6054936c1d": "a stable next door",
    "5cc6c0efca314006a40b82b86aa49b77": "Judith",
    "b5a2b8b8a3214164960e104419d76985": "Cohen",
    "5b55e18a02e147c991081a4dc358d277": "People 's Front of Judea",
    "0d0350cd6f4a4817bc4f5bcffff3afef": "Pilate",
    "f2847a93122b4585906da38735acc244": "Brian Cohen",
    "67003f9c31e44a3a9d94ef61a390ffb3": "Judith",
    "b38732394a5d4dcdbbaa5ad906dd71e3": "Who Wants to Be a Millionaire",
    "655dce2059364f8c9d290058e11073ce": "eighteen - year - old",
    "a2deb8a7748943b49613658a304e89d8": "Mary",
    "5d251ad02f974fbf8d7a568151708766": "Alexander Leek",
    "4378293b7b694ce19be9f28a11e6cf92": "Alexander Leek",
    "f8331d9f63bb4e8d9df099e933427d6c": "Silver Bridge",
    "865c5063bef548829485ddd093740406": "brain tumor",
    "996b758d2f504b629e76d29f1d68fc3c": "police officer",
    "9e98cff83cf940f49cb4e20fb401991e": "Denver",
    "9621fff280974f9eb808b45effdd87c2": "an unrelated brain tumor",
    "c863d51cbd224bc09e448aface8ac31c": "John Klein",
    "da55245e8aa84bfebe14e34a596e09ae": "Sir Wilfred Robarts",
    "8b1fc090340742c695af19776ea94824": "two months",
    "248e177e74da4c6a91eb2826ccb603d5": "heart attack",
    "82bfcc181f0b435487bcf07f4c6d72ab": "Emily French",
    "137fef5e894e4a81b6cdefb9a0c9a91b": "the hospital",
    "6d7d94f538b04a68ab73ba6d8659a1d9": "two months",
    "afaea243253547768b80252c2ecde4c2": "Leonard Vole",
    "14e4c5f74b524e33ac5f70efb242984a": "barrister",
    "b2a006a616624ba2bf55ee24cfef1430": "barrister",
    "80783d17182e445ebfd788f4ce2051d8": "Leonard Vole",
    "2ba293f3ca4c40838d0e14734f614919": "Mrs. Emily French",
    "59cf093a96174edc8c5e7e567ebb2d90": "Leonard Vole",
    "472e55ef24fc400cabf876550b02f0c7": "Leonard Vole , an unemployed man who is accused of murdering his elderly friend , Mrs. Emily French",
    "09ae649064964991acce4acf68579868": "Christine",
    "6f203df01b294fb3bc91da1d1d5b26f2": "Mark Feuerstein",
    "534d11d86bea43088c125d6d443a8361": "Bernicki",
    "1e3e0045245c4eecb3dd0df9ef727ae5": "Aron",
    "a94086cac9d841af87af51c78261247e": "Lipiczanska Forest",
    "799bcea1b3194831a1ad42e088b98858": "Lipiczanska Forest",
    "88b8312aba4f4b958a9c33777339d441": "sanitizing \" a village",
    "5bcffe52451042d59dd7f597dae483b5": "the woods",
    "864838361d27480aa3160fda28adbdb7": "U.S. Navy SEALs",
    "4fda425c45a447a587c44dfb74983a9e": "Lieutenant Robert James ( Nicholas Gonzalez )",
    "97ebba052626497395e8bc60bb7a15ad": "The Pentagon",
    "ef2b8e45d84049998581b2254c4ca6f8": "South Korean special forces",
    "234a444ad717405193c9325e52fc23de": "U.S. Navy SEALs",
    "b8022fea096e431bb4ea3a6c5900e9ac": "Isaacman",
    "ff3822fde68b489d833eecb1383ae5cd": "sex is legal",
    "8ef19c13a24a4b9693604c21bf28fb06": "the first Hustler",
    "4ae616d412d34f08949415703ed26b01": "HIV",
    "130797bbb8c34657a8f723b2d7874431": "Althea and Jimmy",
    "ca82dcbe2f9043aa97bae0c5c056ff14": "emotional distress \"",
    "104b0b0691934d298950c5dfeb9ba21b": "December 1984",
    "6044114c911349bcb916e70abc67de19": "orange",
    "0e4e839a9e1641af9c7bbf50297412f0": "Hanover",
    "ee9dd8837d6b40cbbdfe0451514cb0fb": "Kentucky",
    "6012c009e1a648ea9555e99f17d9c5f4": "1983",
    "2a1a3fea30c34cf89709582bb92289ac": "1987",
    "9062104cc7e14eb08322747d88a4532a": "Ruth Carter Stapleton",
    "dfa4dfbeede94864b69f68125459ccfd": "Falwell",
    "01348466cba94896bc03f20650354b52": "1983",
    "666290cca31c47708887b3a381fd3cb1": "something meaningful",
    "f9a7b91ff18f4d1f9d11153f90851422": "stripper who works at one of his clubs",
    "b8ee18b92c98462b90f3c66a383ba852": "Falwell",
    "2b64f04ec7974465ab420e518955ffaa": "Paris",
    "4c760d21364c44d7a3f84ccc279aa7ff": "Jackie Dorsey",
    "f410069c1eeb4d82af0c8b01a75083a4": "Jackie Dorsey",
    "bdc491ce3c44450bb761be0e38c082f5": "Alex Delgado",
    "e6e95e3976654ccbb8d89ec268b72f6c": "Paris",
    "e7edd9c2e1534808acd490c108abd56f": "Jackie Dorsey",
    "c4664bfb87764ffeaf466f6b888fd61a": "Mark",
    "fcd52d8b91ef4b0c890862d40a299a11": "Seven months",
    "eeaae188721544e8aaf632c4b592df6e": "wife",
    "a8d51dd35a394491b9d1ad3dec0f254e": "Anthony Stowe",
    "38585a49655a4860aaa63ff757921958": "Walter Curry",
    "e54f021024bb43bc8648b98802dba90f": "to his and Valerie 's house",
    "b3c37416f975456e9a838c9f63622ef3": "Chad",
    "06fa2eac83fa45088a241460856b90d4": "heroin",
    "5e35d98b54404d019c31c209588e6fca": "Callahan has Valerie hostage",
    "5319a574545340fe91687cdf9ea51160": "Stowe",
    "58a5d534a3ac45c7a553bae07685364f": "New Orleans",
    "02b7dcfe258a45be85dbf0bf55c86a04": "Rachel Grant",
    "3ae058b7dc474730b8d1b0179c42b72f": "Wes Robinson",
    "40d7041f1ab24a76834fe798b093281b": "Walter",
    "66b7120d58e34129b8867db5fbb3c9ad": "Callahan",
    "6b59463477fe47b9b55a4970330957de": "a warehouse",
    "4f9eab4f4dc64df281955e65be3462c9": "Seven months",
    "aaa3b8b6a3784d91b3cce30ccbfabbac": "Van Huffel",
    "e767fde76fe64847bfafd3de533f5e68": "Valerie",
    "445d1e189dab4810a29c1795e8d32018": "Serge",
    "a017a8cc7a0943228cfc2fe62e9269d7": "in the head",
    "9748de574b40428f9797d958f8f9a6ec": "Jeremy Bulloch",
    "fe5a22daea624925b11306be9a3cb2ab": "Ian McDiarmid",
    "bd47ed7ca22847339fe6df1832f06091": "Jeremy Bulloch",
    "47a199da070840269eff0807673c572f": "Jabba 's desert palace",
    "df0b27c6d5ae47248f76883af0e0263f": "Carrie Fisher",
    "f2b1f3a009a04a969325e32d36457a24": "the Galactic Empire is building a new armored space station",
    "84615bf88d394abbbdc066d8132a51c4": "Mark Hamill",
    "13e2285512b84ef29e593c473fa842eb": "the Great Pit of Carkoon",
    "c9579578674f4b89b31373dd4f5234c2": "Ian McDiarmid",
    "44fb6ba6377842bcacecaf7056afb458": "Julia",
    "8962453e86b34ea4b582a872e8d23543": "women and children",
    "3429965d12134383aeb3f102999416bc": "15",
    "e6a0078af2054f418a1dc5834e25db99": "$ 50,000,000",
    "f085abb4950b485982c66a68f42424c6": "Kate Stockton",
    "40340331d8eb46908b2bd7d9b6f5d8cd": "the August 15th Movement",
    "1fb78da3c3474b00868713b0f59eff4d": "Jack becomes a one - man anti - terrorist squadron , searching for Loyvek",
    "433600db57044c2db9ff566ff4f137a6": "three terrorists",
    "0068b4ea006c444b968907190f183fe0": "Ivanic Loyvek",
    "f030f955a6444404ab03e88cd6a5ac1c": "Kate Stockton",
    "3497be8576c5446e8ae01377bcf8e7ad": "Henry Davidson",
    "e9e3b678e8b849ff95fb57cc2300ba88": "Limassol Cyprus",
    "32a1bc47338b40bf9c7e354181560911": "Maria",
    "46def6d1c87c4159ba32ead923794029": "Loyvek",
    "9423d5d338b84050ad056b99899793e3": "Jack Elgin",
    "a38bd2741986494f818d234ead7d558d": "American and British",
    "872370d71a7c4916ba3247a9f0beba25": "water",
    "667ee7565d4d47a89b7d359d63d90f77": "Luc Roeg",
    "dcae507d52594b0ebe9689e41510c515": "aborigine boy",
    "9cb96e3f1ad14493ac57d7ddd402d5df": "walkabout",
    "0d7fc58770b04f69a36fc16730ee7c96": "water hole",
    "8b6034b9f0ea4ee1a2a4cfc0c4b46a18": "Australia",
    "fa017b190698411a8f1dbc9a7ed4b63a": "Alien smurf space traffic control",
    "3e9fa3ff1fc447a5958fde9532781263": "a pissed off space wizard spirit",
    "fb7e0590bc6e4ffc9731bca5ad584b79": "the basement",
    "42c07c85f565458da32a777be0295b13": "cyborgs",
    "40e7fceb14d748aea5c2506eb3d73a7e": "the basement",
    "a5be42df49754b69919d021d2ced0f4e": "wormhole ( no Morgan Freeman ) they are attacked by a pissed off space wizard spirit",
    "e9586c8a33514c3093b623d853b8f40f": "short blade",
    "33f2b0efb786437aa4a059f2364ad57c": "Oyuki",
    "5bc842281f3a4c59938b985eddc10052": "a mountain witch",
    "7563c3422c134ef5a680153173e1e4fe": "Ogami Itt\u00c5\u008d",
    "536f534d3a9e454eab762e9227d0b60f": "kill",
    "ee4850b688e2498f9d4eeba6d984663d": "a tattooed female assassin \u00e2\u0080\u0093 the renegade member of a daimyo 's personal bodyguard",
    "61a502a4883949ca9ada7e3fc08229ae": "The Luminaries",
    "869caa2e4c7c4f8293b2512bf93b6ac1": "Hey There",
    "a7ce9b3894b94655a74eb87d7e183103": "in the local cemetery",
    "9476f59de1a24571ad0815a13f1e6552": "eighteen - year - old",
    "07042220cbf34829a44007ccb9e756d5": "Glenn",
    "561591d4e0d740bdb863e7b18db2be4c": "Christopher Shazar",
    "640e7f023a5e4ae5bc70d722b69bfe5d": "Budapest",
    "c0b9ef124c0b4b15931f50209cd3e1cc": "six",
    "d9e8e72ff5df41a2918dfbeaa268925f": "Budapest",
    "686a7d689ff646aa83751ce759475911": "Delusion Angel",
    "c1365f8de7d242a3af1b183e235ccf60": "Budapest",
    "cacbbdf1b1144f1cb8582ba6e42e5ed1": "the top of the Wiener Riesenrad",
    "b6c5d00884d347a59ec8bdb20c579760": "the top of the Wiener Riesenrad",
    "e92f8fb5cd784976a42eb5a89175bb70": "Richard Cameron",
    "e66b1c813c7c40eda8761359970a3bc4": "Richard Cameron ( Dylan Kussman ) , liberal Steven Meeks",
    "83aaa54afccc471a9234edda0ee7aecf": "Neil Perry",
    "3ceeae3bd98a4a97bc8714421f14c225": "Richard Cameron",
    "9b15a888ddd14d4c9a36d49d2140f8bd": "English class taught by the newly arrived ( and liberal - minded ) Mr. Keating ( Robin Williams",
    "b5c87802fca14ed7a78e0df8ef5491c7": "Robin Williams",
    "6a3bee169bb342c2bc6ac558b2e770a7": "Carpe Diem",
    "572ca5ce254d432c9e42399858520e0e": "Yale Law School",
    "cd57feb858ae4da6b6a7ca259006e325": "Robin Williams",
    "cd45026784614f6e81e00603dbf9e33b": "Todd Anderson",
    "2561e881cccc448a99e1a3a0a9557d9d": "Norman Lloyd",
    "3e11201501b74a779f353b12b6c99090": "Wentworth",
    "b28e995cb72a4acb8293832cd8405e46": "Mr. Elliot",
    "429e628c0f774a569c0efd161e10d40a": "Captain Benwick",
    "0328d4113cec4e5bba6adfd33b18d584": "the captain 's proposal of marriage",
    "02ae3da5cfd94ca2a98caf4e496d10ea": "Wentworth",
    "256cf9aa2b4b4bd982d93dd7d364b7eb": "declaring that he still cares for her",
    "9e041c6b12184348a20bfd8c698d59d6": "Admiral Croft",
    "650aef8e51934028bb3e115b789351c4": "Captain Harville ( Robert Glenister ) and Captain Benwick",
    "e4fc955e6a9149a19932ba4dceb05d8e": "computer virus",
    "6401a7798546441ea054cf45a7c21f7b": "Botamon",
    "cef1edd6f29740c6b7096596068da5ce": "grandmother",
    "fd1b57f7a2404c3ca86753fce1ad5cbc": "Botamon",
    "952bc9e77af2401fbebbeee4b5dd4f7d": "Botamon",
    "1e727fdb73b14a89b812ebb622ca5d44": "Botamon",
    "1f873287136b4029a0b89bb35fd409c0": "Digiegg",
    "e91ff9f54bab49fcab33bee6b1967508": "gardener",
    "f839bbef4eb24211bb5f7fa0e943a106": "Papi",
    "e5e4a232d78b4c51965ba8d67204d2a0": "Veronica Brennan",
    "527842a9d6774f02b633ecdea23cfcaf": "gun Hitler",
    "fa3af2f6c8294582b5c9bfd09813dfbb": "Jack Brennan",
    "7209e572282e46edb8afae5ef7359edc": "Veronica Brennan ( Orla ORourke )",
    "288718638c1d4889925b4e029efe9962": "beach",
    "ecd48f8b1c9d4b63adfe81e51f73f185": "Kelly Reilly",
    "2547eba372874b6e9e0543b8a4c29c06": "Brendan Gleeson",
    "22448a536c4447bf815fe39d98b859ec": "Father James Lavelle",
    "9c1d358f981e4e3f8a5cc60a1ea917fb": "rural Ireland",
    "006fa5adf59e4e6dac664d8c02cb23f7": "seven days",
    "0726f3b88b324313a2ca225b48c0aa96": "Veronica Brennan ( Orla ORourke )",
    "5f2089b4b58e4e388e506d87f996d039": "Jack Brennan",
    "f10a454ba65f4153bd0994b0a118f48d": "a priest",
    "50126e230bd0475e930928119b61770b": "Inspector Stanton",
    "b959531153444d528501b83074dd90c0": "altar server",
    "73050de405d646c39b1844b3d1ddee74": "Leo",
    "aa5505548bd74201a87c2deacca81816": "a priest",
    "524021b6dc4e4476876ed9ce40317016": "positive",
    "e9ce23f542c94732b9f1e0f0d6454682": "Sarah ( Jennie Garth )",
    "f8b6c9e1a5ac4d4bb3c020b73d079981": "Eric von Detton ) , a former sexual partner",
    "1d976e6ca27d415ca83df71fafb777e2": "Sarah ( Jennie Garth )",
    "70ffda4154554056bd62bd08bbd00186": "positive",
    "46d9baae6c1d4481a07509fd22837857": "Jason ( Eric von Detton",
    "aa058233f68449889756c394b5e27efd": "soccer",
    "85429078964c44629b95e5f26947ff00": "the mouse",
    "6adabee26b7c4d659253bb8aeb509260": "Elsinore brewery",
    "f059ad4aefab4586ae78c64bce4d8621": "Rosie",
    "f99e80f21aa249eda29cb46698caffd7": "underground tunnels",
    "90dc0fa147a34cb3b3caef1291a63311": "Elsinore beer",
    "d2e1d40bb20d41ed8990a7cf2d343e5c": "Brewmeister Smith",
    "ca31403f383b4cc2988404dc2e77069b": "John Elsinore",
    "29f8036b93ee4246b6782bfcb96bae5f": "Toronto pier into Lake Ontario",
    "38d43486e6ba49748e9a21fadfb13798": "two kegs of beer",
    "b22afde884ac49b9bd49c10d55659e89": "Elsinore",
    "3cd2306f20f141468ccd079390c4acd0": "orphanage since he was a boy , and harbors a passionate hatred for it . He works on the property",
    "cc30c495513d446ebf19bcf34e3bc008": "Iowa",
    "6a61cf4b6a8f4c288bf4621f87732370": "Dorothy Winters",
    "c896c6e2bb6e4673a43407c1afa34057": "Iowa",
    "3dba78b7382148618f1057abdd0a0e78": "Dorothy Winters",
    "c972d5eef3904f0eb8790bf195288da6": "fascination",
    "b5a712b734a14594a47017277a82fecc": "a dog expert who was sent on the trip to befriend Sparky",
    "bc6a8374a3c84668b9da1cb34968d7ce": "Sam Wild ( Lawrence Tierney",
    "94eaf8a06f4747189c5a37c82372c3c8": "private detective",
    "444cc312315b47e1945b3b077bcbef04": "two dead bodies in the kitchen",
    "8a7a2a965cad42cfbde57bdca2a67bbc": "half - sister",
    "05ac9639f2064566b754dcaa190c15da": "Kenichi Matsuama",
    "8cd23ef48e47497bb282140efe0479fa": "metal",
    "b53d898b8d3a49f3b57fe59d98d98a6a": "Detroit Metal City",
    "cf1fe18688144d58baf5d041415d385d": "Yuri Aikawa",
    "dd1be110562a45f7b298c9f37128f881": "Yuri Aikawa",
    "d0c5d0bf346c44d796abaad9f3d4f42d": "Negashi",
    "501acab6a18e4fc28ef952a9fb93ea21": "Yuri Aikawa",
    "b807718d36e247ce9642576a9d699ed4": "Ashley C. Williams",
    "7ba1f601616c484a9f4643dd17c471c3": "Germany",
    "9f1cb352cc534515b05d1f3f601b5674": "septicemia",
    "46dad72ee747429db860ab47dc6f7521": "slitting his throat with a glass shard",
    "29a818d35c254941a67ad6cfaf4c8497": "Ashlynn Yennie",
    "a05f36ef56934cfbad4dc12543388dbb": "Siamese twins",
    "f3aaf2ba634d447388bc04f1b34fdaf5": "Angels",
    "2afc1912ae0a4f1aba7dd6edb1ad3748": "Sabrina Scharf",
    "a4f89a325cdc41d8abefb63b270235cb": "Dave Sheridan",
    "8138d9fdd00d4086809d8976a44cc304": "Josh Zuckerman",
    "271a7336af344b0691915f5d110c33c4": "Ian Lafferty",
    "4f5ed83c44044fa4a17f271e3fbce45f": "Clark Duke",
    "b5db1586bb20472a9768669fb284dcbf": "Bobby Jo",
    "fa36ccab1bf148f9b9e68b2533227860": "Tod Hackett",
    "13abb8fcf2254d9eb58ff6d430551398": "Faye",
    "efc3326f71b94a74a7d37bde3d5b314c": "The Burning of Los Angeles",
    "2cc971ad7fda430381287c14a7d459bf": "dysentery",
    "8e1681bbb31a4436bf9d520c14651787": "tied up and being tortured by Japanese soldiers",
    "d5e2af8b88f549c69cf47612097e2363": "Ben Barrack",
    "c47dc594a5384c4f97cfde01f083e447": "Gene Hackman",
    "84f8872d5c1d42149c0eb8bd1196c1a6": "George Walker",
    "0695e3f8dd8747f5862b4a08006a9d7e": "Sheb Wooley",
    "ae00f96895a44d408728d8f25081066c": "Wilbur \" Shooter \" Flatch",
    "9e09ffaed7c94f11b6be04d5c8c3f5ea": "Norman Dale",
    "4ce851d6e97947848cd69221476af703": "Norman",
    "5b1129c9a94c42c291312cfeb12f4a74": "1951",
    "a7beda0e90134ecc83c8802a907baf1e": "Jimmy",
    "ba28a9e040e94234b8db421c70086453": "Gene Hackman",
    "881ac3bf6174456cb9832184d5b53f0c": "Wilbur \" Shooter \" Flatch",
    "9a51063b3eb24124945eca19886a3b84": "five",
    "2db87927610848a9b70f329c04832bcb": "Norman Dale",
    "0b5ffd7f27554ddf89f8c4a8282ecf35": "Thet Sambath",
    "c60fc00164ed4d50a6e51b9d46ddbdfb": "Khmer Rouge",
    "18c4ab429f8748f6883b864124c44e48": "Thet Sambath",
    "5fd2940245374a3c8f707ac3ceac2bc8": "two million",
    "2f0888dd367b4e99b260d5bac0fd859c": "Thet Sambath",
    "fecabaf3168a4a028c248d36637dd045": "1998",
    "eca987d1fd754fc8a805f759e530ba96": "Ralph Meeker",
    "be831025952741faa07d48e386adb742": "identification card",
    "7b52ecadac6d4ed8857a685ffeef51d9": "Lee Aker",
    "e04e2094145d45d29fd57eb89ba4261a": "The rising tide",
    "c20108282f64464587282f2a45f88c92": "Bobby",
    "41df75459be34e7a903026885b12ea1a": "south of Bogot\u00c3 \u00a1 mostly inhabited by people displaced by violence",
    "232ad2d92e23440096c79c660f4f3a80": "posts",
    "470791dcd9414f6e82679d131a611c11": "Ed",
    "962caa2991974a60842398451c599331": "train party",
    "63f4804e6d034e828d0d63e0ae246630": "Howard Busgang",
    "587d971b66c747c5a489366d4d6eb851": "Ed",
    "2adf4fffa99944e98d3c440994143ee3": "An unseen person",
    "5d29cae16bdd46b892986e9a3863f4dc": "any woman to be his bride",
    "c7c78f6e38ba41b6bccd35c4cc88c6bd": "his uncle , Morty",
    "80752cd5cab6420195f80ac84070750b": "Leprechaun",
    "5c3076ebf23a4953ab579777276a9ce9": "wrought iron",
    "1845798b089d4016abab331e9d298d8b": "a clawed assailant",
    "7f3d419418784974b26bcda9b49ebd65": "Leigh McCloskey",
    "fc1a5210cc6c45b4b5a9425bdce57e17": "three",
    "ffd3fecb6c194f6d91bc1563f37abe39": "cats",
    "98f65f553cdd4578871afb79030de934": "the house 's foyer",
    "27eb1a6abda54edd8856bdb87175c52b": "stains",
    "269f28ecf15c4c34b81ca2e39e953fa0": "a lit candle",
    "3f9446e791414986be25a3d81008b0fd": "The Three Mothers",
    "61fb7db4ee1647a4aeb8399cb6272e38": "Mark",
    "27e55acf9c744b93ba5c6739a297b8c2": "Elise 's butler ( Leopoldo Mastelloni",
    "a5e21c71c5b84f668c325c994b395afa": "Eleonora Giorgi",
    "237b5440ad674ef38677562497e5c1ff": "Varelli",
    "a453fa587cd5414db9a1181243de2791": "Leopoldo Mastelloni",
    "dc7a5ca0d8f14530b39771f08d7a3c71": "Carlo ( Gabriele Lavia",
    "a73b329b616a48b28a5633c8401f5d2f": "New York City",
    "b3931016463c4d3292f7f5958b0b3401": "Veronica Lazar",
    "b356a29632134e9bbe74ae698ea3baba": "blood",
    "50334cc92b21477f919f1818e3c709dc": "poet living alone in New York City",
    "a6ecceb9ddf34e7ab0036e3a2e96f20a": "New York City",
    "e3c68c7be3f14a9ba0dd370615d7aca9": "Professor Arnold",
    "5fa3086d461b484eb1280aaeb26fb267": "Rose",
    "64f37c5e504147b08142d8851d19db20": "blood",
    "96e6c0683b08470f9c5315f244ac3219": "Rose",
    "0aa086e84559459490cdd2f7d2dd6c7b": "Mark",
    "38b080deb6694bb3a7b83e6200da5256": "a taxi",
    "ca6a9965283d4b49aa0998ec121c8003": "put out the flames",
    "ca381ef0b1a240288f16f9f2c5dcb81e": "The Three Mothers",
    "7a3b9c87d85e4a52b072df5f9b4581f5": "The Three Mothers",
    "8d9a6d91acfe4a1da4449dfbc8302667": "the house 's foyer",
    "74019570d0f5414ea60b22456f87f4ab": "Alida Valli",
    "ffa16d97112c4f778fcc5f2b06d60247": "A putrid corpse",
    "f77556d11fdb45858094aedac9918025": "Sacha Pito\u00ebff )",
    "ed3a2bcaa2564867bd7eb0eb44b406b5": "the auction",
    "b9e1d31efc9f47a3ac3e6ce9d919023c": "Charles Lyle LaRue",
    "ee6ccea56d2b4ae6bb5846b360ec9efb": "Lars",
    "4a1bb4decdea4a50bf5e030f959e3ed9": "a cockroach",
    "d8b955b10b264f1286c32c570262d795": "string magnate Rudolf Smuntz ( William Hickey",
    "c852bfe75a394431a376a379c4bc337f": "Janet Stewart",
    "2229c28c090e42d0aaa62e86c7ea9f6e": "Dr. Cross",
    "4c3e020564314ffd893b2db320ec0216": "a candlestick",
    "03b038102c6f4c6baafd28749a140145": "psychiatrist",
    "4e4b879cf81c4a0486c513d572e8e279": "unsafe health problems",
    "80e0c9982c59480184ef6ae0bbd54dab": "Patience Phillips",
    "39ffc7ea379f47aa979ee534ff41cb67": "artwork",
    "a251aa3849aa49d297cc6fe2158cdee2": "a cat",
    "ad76ef0616824e82a8acc8c431d565e2": "Patience Phillips",
    "cee00a5b8c6446ce8dc1a88787693173": "Halle Berry",
    "64a0f852691643b8a74bd42efe997313": "not guilty",
    "3f8b02b3f35845629aaa80561194657f": "Ed Begley Sr .",
    "582e0f1752dd48d2a00f802fadbb056c": "not guilty",
    "42aa66f92b9e4c2f991bab8db9c05a0b": "circumstantial",
    "0192c71eec1b4b2fa367fd88ff93890e": "Henry Fonda",
    "e011606eb2b54afaaf710ae2e2bc9403": "Joseph Sweeney",
    "dfd26c3c25dd48a8a33209e85cecce1c": "Jack Klugman",
    "11af49e4a8864c1cb137afec3be115ab": "Lee J. Cobb",
    "216c317c2a0147f2b4cd7648c2bbc964": "11",
    "0a25226b6e7e46158b9706716fc68f33": "elevated train passing by at the time",
    "861a936265b748f1b8c0f1f060c65dec": "Joseph Sweeney",
    "1cd865597b8b40809d81b2a836989586": "Henry Fonda",
    "40c258d61df84b0390e83e811bbf12fc": "Henry Fonda",
    "7401abd968ad45d284b380960500cec3": "Joseph Sweeney )",
    "9e7fd293d0d044228dd7fb18fb454085": "Henry Fonda",
    "f4c52f1c2db240d5b36aba3dd9baad8e": "Henry Fonda",
    "549247f1e41443ce982da3ee08ca2323": "Henry Fonda",
    "71aad09f2028462a92ad2cd603d16765": "not guilty",
    "10ba1871192b4e40a9616cb1622b7651": "Henry Fonda",
    "3c37fda36c5445ca9dadfc2d56c2c55a": "Juror 10",
    "855926a9d1324c04937da1f8e427d721": "5",
    "f2bd2e21d6b34bf98a319638aacbfb7e": "Henry Fonda",
    "ec0436782c4e46c3bf0793fbc43b7b02": "Henry Fonda",
    "a13d5297b62e4c05b0fa60e865fc14bb": "not guilty",
    "7467804da2e74803b1e39cc7a0ab3a01": "New York City",
    "61cab310e09e43b0be2801c0b7ab9f76": "mandatory death sentence",
    "012200e0f8ed44bcb1f88b33f35ea0cc": "Lee J. Cobb",
    "c2add94c2c5c4e338b5ef5aa84675442": "Jack Klugman",
    "e593ed7e84dd4716be1f955085fe4390": "Juror 11 ( George Voskovec",
    "6cc25e5d6c884f23a3df03b2780fcd68": "Henry Fonda",
    "392fbd50e653474b906f1d9617321393": "Henry Fonda",
    "ebcb105ae5ae4798a0c3b109432ccfbd": "Henry Fonda",
    "fd3f28e4aea64d248fb4724e26b6a862": "Henry Fonda",
    "5d9f455f1d214d6298dd1a5f6f8aab3c": "22",
    "04c2827ce9c549fb94ed7ff7fd61eb1d": "Nemo",
    "f51102596fb8402581e034d3a400048e": "Lefty and the Zoto brothers",
    "554ff2b9f54b450592a56c76daba3d5f": "Faustino",
    "989f67f9a2e3471bb812a2a5fa061f16": "Grunion",
    "f1cb1dd307ad43e690d0b01f8b7b2a53": "Harpo",
    "ae9b9ef36e6a4140ad03f18f1c5de7f2": "Herbert & Herbert",
    "69b60cee52ed412e9075ed62047f33b2": "Maggie",
    "f938d09ebb914dfd9e380251930c5699": "diamonds",
    "480126b10dfa4c898896427e47e5d2ac": "Maggie",
    "eecc8449a2694dd4a5953809f0cea45f": "diamonds",
    "4df9cf54c2944253b8e2db2566e9a3c9": "Chico Marx",
    "6ecf112c4b844c0a80851906cf2a2bd3": "Madame Egelichi",
    "acd71488ddee4a6fb07ac8ffb2ea7d1d": "Vera - Ellen",
    "9e4383872f584acc9230bb0b263d1de2": "Ilona Massey",
    "c4506dc367484f0eafb3e77dd8a02c6f": "the piano strings",
    "34e1a02a20bc450cb146dc819a149bc5": "stolen diamonds",
    "8de1e17f9b1e4b37b8639e83e4365a22": "bike horn",
    "f608c70a8379485c9ea3bcd1113b5583": "Lefty Throckmorton",
    "f0c38ac26c7945ee8fa674b532040d46": "Royal Romanoff",
    "42a56f672f434f1f8f8ad9421c90a721": "Central Park",
    "5ec2f2e395ce49a5880a54e3fcf2a916": "Madame Egelichi",
    "90dc291694a949deafefc85d99f28b92": "Madame Egelichi",
    "1a28c2bcc7654e77804c5dbc4c2a96ae": "Madame Egelichi",
    "7640a9acf34e4299ab40bde58dc09212": "an engagement ring",
    "67b1682df9c0456297d1af117cd788cb": "on the roof",
    "937bbf990d0b48f9ae1ab32924a6c1b6": "shopping bags",
    "550186d23ea745db8d052dd9703e76f4": "mind - reader",
    "f4f773493eac4326a7c19f1ce3a3cd0d": "Stacy",
    "ac1d93cf948f440b930c8934af199c50": "Stacy Larson",
    "2997c70e94a144c684df1ed9403f1b1c": "Joey Nappo",
    "f373eddbb2bb4d06bb90efb8c1ff28d6": "eighth",
    "ad6a37446c8d42658f6f17902a462182": "Chad Biagini",
    "3d8a9968086546a0a530e113dec1145f": "Nikki and Tiffany",
    "f603fb0606124f98aca073c5f8c933ea": "Nikki",
    "5aa3940fda1d42db9854452cd9e3b014": "Barbara",
    "774102db75c74bc5b49d661a2a5448ba": "Stacy 's mother",
    "559a5b440e7b454e83adce11baaf0c1a": "the bullying",
    "d4623bdd9cab4dd38d930495f6e9f998": "Nikki",
    "4cb4f2bdb99a49e5aceffc57cb99f9d6": "eighth",
    "2a4ceab6d66548289f0364f7cadacff2": "a block of steel",
    "7a0de7529c7741c1ba47faa416d60f16": "an electrical fire",
    "51c6133af6b14bf68a08155e7c09e94b": "James Congdon",
    "e28ee5f2e0944f5b99db9a10372f20f6": "a suit of libel",
    "1ee7e9063b2549a7929885b5580f70e9": "Joe",
    "cb7c3d7cce6d4bd894f7fbd6664a26ab": "Rosalie Wells",
    "4f17dd3eaad34eed8c8236eded9a1c00": "Karen",
    "14775c1d62a4468cb224f86cb873116b": "Joe Cardin",
    "d8d535f08ec24accb85a644918dd8fca": "a student 's missing bracelet",
    "9f028b8f7bbd4e8e8c406fd0b57e68f6": "the hollow - point bullets",
    "5affff1f969843ef988bc87868bc3398": "the Leprechaun",
    "4c567fe0577445649dfc9ce013fe3e7e": "Father Jacob",
    "982c59f7ce78471ebca3f472ef3f0108": "Emily Woodrow ( Tangi Miller ) and Lisa Duncan ( Sherrie Jackson ) have their fortune told when the clairvoyant Esmeralda",
    "e033be9bc29e4e069ee4370507f81fb4": "Emily",
    "3b2ef5ed5a01433290c0e25d78bb76d4": "the youth center",
    "47273b9b52374201b4b2e30317c2f1fc": "Emily",
    "da19c2af7eb8468a9604d25ceb896d4f": "demonic hands",
    "d22eb4cd43db4ea59a2ff0892589efdf": "Leprechaun",
    "0baf031e056740cea7c1562ff9d9286d": "leprechauns",
    "f7521202c4ba4a958cb536e90f64e535": "Warwick Davis",
    "ffd5d075dfeb4a60b107a6d1e81a2faa": "animated",
    "18976f65fb144399a441d2cb3e9c2751": "leprechauns",
    "ac796485f1f14de698f46fed4d8cc276": "Chanel",
    "0eea9412efc84856a8072d1c96948dd5": "Rory and Emily",
    "dd4b6263014c4d7cac038b13bd5b21f1": "Esmeralda",
    "aae7f3c3ecbf4e82b5134606a9654113": "infringing on their territory Watson",
    "ab307d78953b41e182af19fdcbb80821": "the Leprechaun",
    "b27d523899bd49c0a2924675921517e7": "Chanel",
    "e89cc32263ee4ecfbf1748366e251ca8": "Rory has a change of heart and comes back for her",
    "5ca6e9e8412f4387a9226463e751e40d": "Leprechaun",
    "7ec1ddd4946d4a89aa782e9befc64890": "tearing out her upper jaw",
    "6c0ddcbe645f41ebb4536d4e61f56928": "the origins of leprechauns",
    "a7d2df7edfec4ce291cc3c383b1774f6": "Jamie Davis",
    "713266d504f846deb03794e9b48a2b70": "four - leaf clovers",
    "cd5eac4d7c0d4711a7937beaf577e89b": "Leprechaun",
    "71f66ab6de4d4a4d8a2912ff7feefa12": "Emily and Jamie want to return the gold Rory",
    "ae3c768dbd5540e59d02b41d981b00cc": "Doyle 's home",
    "a0c992e7ad0a4edfb33e2e1ceb6c9e6a": "Angie Gennaro",
    "8aad2a1dcffa4a848be79f8514dde578": "shotgun",
    "65e3a566f71540ce90b476d0c71a81d2": "retirement",
    "04d109ca85454bf389caa78140b7dcba": "Private investigator",
    "17410aa37e4242a7855eed8c1014c14a": "Skinny Ray \" ( Sean Malone",
    "52191f9e4ff5405caa3f4667f04d995f": "Sala",
    "6ac292070a5d44fd9a6a7394eda54343": "Attakatti",
    "8acf5795230b461aa1bc29a0545f8147": "Natesan and Sala",
    "aa41c5bba10d4ec994a24d39e9eec497": "Cheran",
    "54c5880d65fb4952abfa74434a06808c": "a groom",
    "fe4ef62d424248e48c6ecf01015fbc08": "a hill station named Attakatti",
    "2e31117e7f1745b69c302c210815b6db": "transferred to a hill station",
    "dcf9b62ab1484ed8958b9cbfd18fcf85": "sickos",
    "9574af5ee9554182b519ae410023cc6b": "Rebel Rodriguez",
    "a7aa66e1e522429588b8cee7bdcd6ec3": "Muldoon",
    "77986b1c0531472c8ccf2ac32e8f8857": "1926",
    "aca0e1b1f3e947279792d295648054ee": "a band of American treasure hunters",
    "9c0f1935f3064b3aa67d71217a669ee7": "Imhotep",
    "2e45fd76921946d4b1808a2f0029fe3f": "Anck - su - Namun",
    "9106a76c1b104ee6976ea89f609a1c33": "Hamunaptra , the City of the Dead , where they begin the resurrection ceremony",
    "a7e0fd808be64d8c91b787ad337fd093": "Anck - su - Namun",
    "f341034f242f45d5af874d2b4eacaf0f": "Imhotep",
    "46ee59c8db794f5991534276c12b87ae": "Anck - su - Namun",
    "fe4cb0bae069401994db6005fdb23074": "Rick O'Connell",
    "b0754c52c9f84124bc02c9394dfad28b": "Imhotep",
    "9e4597ab3e2947c69c0c082776f7aafe": "Hamunaptra",
    "3e5b5c71ee874c4cb7af86bec0c5b699": "Dr. Allen Chamberlain",
    "d7b4a893dccc47d89f11865f26c02a2c": "a potted flower",
    "07d29c11c501443a90ef65b267e83769": "lost love",
    "b33b5283034e4b8c9045f6bdf6a496ca": "regular",
    "4e16d5bb7d764d709b3fa8ab944fc998": "a sleeping security guard",
    "2a017c70230b47edaa9b9505f3ca9ac5": "When You Wish upon a Star",
    "fdee70b755414d709ae47ea082fe77e3": "Imoogi",
    "f42c20a557ec48bbb67644f09025b495": "the Dark Imoogi",
    "a4b92906fd674a6184fdf5bddeaecd19": "Imoogi",
    "ef8c52b5566d4c88a0a8a42b61e13342": "Ethan Kendrick and Sarah Daniels",
    "3286a472a81d4f6f932d36471938f351": "Miami to Los Angeles",
    "c4bb807aacd04aa3812e353da5f1833c": "Maxwell McAllister",
    "6a0b3e6698744228916bc4a7a4a8c196": "captain Thora",
    "857c8040286744b99b0168fa35c60c96": "World War II",
    "bb9ad30681dc4597a41b47f26f4c8974": "12",
    "ecba97220cf4416b957c93cfb50ee9ba": "Grendel",
    "c8335d3842bd45fdbfa6cd655df19def": "Beowulf",
    "f1e22120eed5492392d75bfb66dc9bd3": "Grendel 's mother",
    "ebb768f2ccab4fbda6a206f3322802bb": "Grendel",
    "6a90f4f337e345839b6bc3659168a4ef": "twenty",
    "059910837b8948c8969fdcd300883c4e": "monstrous",
    "6e560f10a9da4d289c0bef204908946e": "Hrothgar",
    "dd03897b29b449cca3ec06eaad2e72dc": "Christianity",
    "9ad6d64f8821415ea481bcfce8bf88a2": "the Sea Hag",
    "745974b774c04c3587e86d51a9607f5a": "Grendel",
    "e675bfe122f3443db69623f0b1f90e21": "Tina hiding in the hull , who confirms Brody 's suspicions about the shark",
    "d1ca98e2e1394b02b3f46c0c910a227f": "Marge",
    "cd65cfa8ac644f50b7653237e8969609": "put into an ambulance",
    "8af4f8d9679543be9ddd951c3a82b9b8": "Ellen ( Lorraine Gary",
    "4c52090426034a6ea923a7841fc0f798": "Roy Scheider",
    "ff074e5b2433448d98f38b2e46343abb": "Tina",
    "3003fac5064c4bbda92628fe47b833cb": "the Orca",
    "bd7f4e94127f4952ab43e2e4d28096d0": "speedboat",
    "d5b46ee4fb39478eb6564c6d71ed378d": "Murray Hamilton",
    "0924af769c5746ebad54eeebe8af5770": "Sean",
    "9b81a8e07e2645c0a17e5d347ff902c4": "Mike",
    "e64fd16b3d264d54a96456a1a42a080e": "Steve Stifler",
    "714d5d88c8be4947ad8252064ae868a6": "Brandon Van der Camp",
    "c83cd2f860fc4080b93524516f5f6e51": "Noah Levenstein",
    "5c882720e3724f6ab716ffb015527e9e": "Matt Stifler",
    "0e13e4de36b6410086fb4615f9745a4c": "Matt Stifler",
    "208975999a1a4b1c946683a690fb1b08": "Elyse",
    "f31dcacec9a948c0b8d79df431dac6f7": "Matt",
    "7f23bdb6529140d5a29fde920cc394df": "eggs",
    "d258c4e0456a4b1f967d37a382f99bf6": "Eddie Trulock",
    "dd6d6a7f6123467980e120dd079a3413": "work on her messy lawn",
    "799a3c8b2d73404db80a33a9f84537b0": "1963 , now in seventh grade",
    "df09a5e3728348d7a2d20b6e94335f84": "work",
    "1ff2d9645b3041658afcd6e1c768a4a2": "Eddie Trulock",
    "54b4d779a2ca4f6a89a606c940165e5d": "basket boy number eight",
    "12b21e74c0b04b6a8c33e4a35b5dfbf2": "sycamore tree",
    "6d574db648614b359d7b15c1cb3a4cab": "Garrett",
    "a446171fea5746c28e9b56bf95181762": "Bryce",
    "d73285eb921a44d1a59f2a61a0546062": "Juli",
    "e95f891fb04f498f9ac060b7635cb89e": "Georgia Kaminski",
    "fece779f07ae4ca2a1de43b35565822b": "Ceci",
    "dbbf079a5fa9416cb7ce8448a03ae85b": "big city",
    "f8254c60fc694e7a871d39d7de961878": "the local high school cafeteria by day",
    "d1297e42292b4abdb818751eac60f6b4": "Guy",
    "1b7825022d0045a29093c807e1159df1": "Easy",
    "126c74e012ae41a2a893d0beb52549aa": "Ceci",
    "be16c4c93bd94f398bde1b16411505fb": "street signs",
    "0dc7476d50634ea6a21365e488c9d075": "Guy",
    "462bfab630ef4e15bd4cd08365d243d1": "Mulroney",
    "0ff601ea810f432cb82ba9675a8f5e01": "transplant operation",
    "d53e0a97f858471f943ad5deab6dc94f": "Harrison",
    "e6f01c8d151d48499da2323bfda6fc06": "lung donor",
    "54db9ec948a5466486239b1dfa4ddb56": "Juarez , Mexico",
    "9cba3d601a84475780d9d366e66a1771": "one week to live",
    "301e79debbf0423ba33aeaf6430aa793": "Alex Wyler",
    "4601073875a34757b0bc6be000cf98a7": "Alex",
    "f642d8fb59274471baf1f3e18db0b1d9": "Moonscar Island",
    "ee2c3e5a0776482c91e9f673f1a2b5a4": "life forces",
    "05dab62c694543ddb037e2d72dd0fdd4": "Jacques",
    "a7a9753d072f45dcaf64dbcaea228eab": "Melanie Lynskey",
    "795ef052cde24f6cad810b82db11d419": "Dougray Scott",
    "a75063f025a242dfa7325c616e9d101e": "Maurice",
    "f57ecc661dc3492e838f8c7e0aabc7da": "Timothy West",
    "506006fc92cd47548ac8b06fd72cf23f": "prints",
    "484c6ba10b1a43cdb44cc2e7cef80b17": "an antiques shop",
    "92ed3f4c3807482d864e2bbf67c5febe": "a dead body",
    "a24674f532694534bdf9969c6fbacbe6": "Veruschka von Lehndorff",
    "4235aaf1522e432394d3ada4fd291864": "Vanessa Redgrave",
    "36d686a934824f379d16df1eeb35b8a6": "Vanessa Redgrave",
    "fed6a4225fec4be9860eb86d4e9e99fa": "Maryon Park",
    "33c7802999304816a5a08bc7b2f2d533": "photographer",
    "5e736adabdb84643b411cb1f0ad2d6a8": "Amy",
    "b26730bf6afb498983d29866773b99f5": "Indiana Jones",
    "e5674d3cf6104500991a76ce79da7d2a": "Ike Barinholtz",
    "847cd040dc76413eb028c69002b3481c": "August 29 , 2008",
    "1d0f3f827c04496da89d3182af52dafd": "meteor",
    "04242da10d82477c92ecb9051e957e92": "a garage",
    "1daec67eab284bcaa78e72bcabed70c0": "friend",
    "451bccf8ddd445f2891c40a1abe7f62b": "Flavor Flav",
    "6112cc9792e647fd9fa322941070431a": "Clydie",
    "625fcaacc4724317b07a0b3033caf4d1": "Mookie",
    "be14cbb72c4c44d5846679f6fe5852bd": "a bank guard",
    "e119c184aaf3400fad74a48cea85a29d": "Sam Gillen",
    "44b1c3f8f51448dcb2964c4bc42d3dee": "Lonnie",
    "aafb1b5c6f704a3d87eb3044048dae52": "Cut to the start of a new year",
    "0f40780783b1455ba24bb9018dcb92f5": "Aubrey",
    "dff6111121c44c7ba2b7a0fec98aaa9a": "Aca - initiation",
    "209cfb7a061a433db4489cd061e674af": "Barden University",
    "7d516ff8edbc4729a1528a079542faf2": "the Trebles",
    "0998b26d671348dda4c398b9d66337a6": "Anna Camp",
    "0936af32e1fd467d942ccddea2aa446a": "the rips in their suit may have allowed them to get sick from Venusians germs",
    "4d409c8fb42a429b9a50eeb682bb2da7": "Vega",
    "3e3c881ad6a14597a9d9874d33a51039": "soviet spaceships",
    "62dfe0db0ed444fe933a4317c9f9a793": "JohnThe robot",
    "12b592c01469451ba9304e76ee78e1d5": "Venus",
    "c4e8c6e5f0d6407a8182db14dc583e67": "Paxton",
    "541c059d05f54ad998e6b8a5ed2a4070": "Paxton",
    "ba2face1e7f34c59ace71928f041866d": "Monsieur Grammont",
    "17897a5babb4476ebaf437516a990124": "Nicole ( Audrey Hepburn",
    "ff63e4e4290342d8a84403629258c50d": "a police van",
    "bd1e38aaee1f495d98f718e5b3332ea0": "Benvenuto Cellini",
    "92af35efb27844d9b1216f4f4aa0c513": "Eli Wallach",
    "620c6648335b47f2a9ca33b32ae5b68e": "art collecting , and is pursuing it as obssessively as he pursued the acquisition of his millions",
    "85cf1226951b4878b69d214e9a9b7ac2": "Venus",
    "4f75e01e12a14271be39c02322777772": "Eli Wallach",
    "19ce91f43fbf450684df4de150032aa3": "Monsieur Grammont",
    "888cf8dc7ae74b71865a48f59ab11877": "Paris",
    "efc3a0a4a4f64eff82c51696a5878abb": "Van Gogh",
    "b0fdc37fa2a74436babc7006eda503c5": "Monsieur Grammont",
    "e60d7ff6b63745bfa9177199fb7bdc3a": "Johnny Collins",
    "e0615f1dec374278af778ddc338c1165": "Johnny Collins",
    "ea956e3f845f4a4ca5c3a6e22e3990a1": "black paint",
    "6ed60a49fb664026b125a72747fb7ac7": "New Orleans",
    "38cc731ba5fa49adbd325cfad7f04632": "Johnny Collins",
    "f9a3d3931c8e41668353dc8d4145c3a0": "carrot juice",
    "0007bc1002cd4cc694bd33f08d2fd130": "Russian Roulette",
    "e5806d3e3ff6485392d6947cb863c7b2": "Yosemite Sam",
    "d1431f99a5ec44ffb9b3cfd90c91f036": "Russian Roulette",
    "7a4afde8d7ea44238fd8f4b42b184922": "Theodore Roosevelt",
    "4da6180166154b4fbc957e842e91e127": "Theodore Roosevelt",
    "2db0a1313bb24d8c99090b197b2f0f13": "Those Endearing Young Charms",
    "53b156f8cd6349269e61e40859e7ebc4": "The Pavilion bar",
    "a5ab89fd6c4c404fb286bcacccb10a60": "hypochondriac",
    "4f6b38d52eb44983b4d9db735a44c276": "Dewey Barksdale",
    "a4174ce1c8544aa692740b74da237c55": "a jamboree",
    "aa169e7e8d954653a9f5a4c73f6400eb": "1953",
    "7f2761049fe9463aaa0bb666c9798eab": "jumping off the Tallahatchie bridge",
    "de81af2577f7483fabc70a6e7685d041": "Billy Joe",
    "c8566419782d4ccaa971ed9b7d1ea91c": "Jakob",
    "cb6dfe0a7238483ca1d1db2c9fc7600c": "Angelo Bruun",
    "fe4ea38dd8ca4da0b4e836af5576dfb0": "Eight",
    "1d45a7b0850240188149f75f28e14e95": "Santa Anita",
    "3d3dfc81b6784010ae085c4228fe588b": "jockey",
    "c2f4dada18a34c62aede3d63b390c1a2": "Red",
    "7bdc2ed435f84f45b7ba164efee1c56e": "the Great Depression",
    "7187c877163e4291a4c7f69cc613e347": "War Admiral",
    "d6f07db79d014dd780bed8c145fbb862": "colt",
    "3c83b0fab127462992201165a6441835": "War Admiral",
    "c733f9365b944171bd282ff2caa26727": "illegal boxing matches",
    "b3ea7e9227394f8eb13a774ca3918cc8": "Seabiscuit",
    "ceafdc1c65c94ebe86e7a32b92851b18": "Santa Anita",
    "b4521be8ccb7484b9f1ead02c98ac14a": "Jacob",
    "b7ee61aedfe84fd79abdca0e248ee4cc": "Keith Gardner",
    "d945b8d154c044059250070329d7e77a": "Jacob 's mother tells him that Keith Gardner",
    "ca23de04b47745599a5979fd9c1b89a7": "Rudy Carges",
    "91a52f7af5a9473f8d277ea88fa0f689": "Leonard",
    "d4227fc977144ffc8e460ab7586a1c20": "three",
    "64435db3722144298f6ab1a7b1bb1da9": "the Spartans",
    "b3e9fb50e1a64d84a9c9cde103123463": "Paris Hilton",
    "bfabd686dd3948fbb841393ec7d09150": "Margo",
    "f51ef914fd454f0b961f557f22bd3f7d": "Sean Maguire",
    "0929dfb60a414e56941f314cf03c5fb3": "a Vietnamese baby",
    "f3fedab91be74a5f8af042d3f422edf6": "Margo",
    "725f4d0416e0478d84feb5d79c65f268": "vacuum cleaner",
    "82eff83b2ada4c299d811e6558036a70": "Persian",
    "6df05ac941024d12b6b1ef6a66408c77": "13",
    "de549a190f064f3a9216b0981caa2713": "12",
    "8cc37be7436440989d791f71c7eb4e9f": "fraud",
    "eb784a8e90fa4fc6b47c577a6dc432d5": "Sakhi",
    "4187296f41a84a7599fe5437f550d9d1": "Africa",
    "6d0516a624ac46be920627a1a0912c23": "Hojo",
    "a2151b4c91b54d0282fba48120f1bfe6": "Ranvir Shorey",
    "51d589b7028a47faaea70bbe3a12578b": "war hero ' Liu Shen '",
    "6edb194c48944c7ab415463a121f25ff": "Hojo",
    "73631e829b354b85b839971e63ad3201": "Mithun Chakraborty",
    "f98435f6057b4371912a0f8d8ef319be": "Dell Yount",
    "c724b676631e44218177847e19c3c477": "Pam and Kelly",
    "84e306183c3343139c807e13cd2ae8ce": "Katie Holmes",
    "21e4e45338eb4e59b42adc52f38a680a": "Leon",
    "3917670de7d3465bb3295017211415fe": "a toy robot",
    "61419072b8f64c47912d367ad8ce1d18": "Kelly",
    "b5fceec9532040b78dafb032a9a77a83": "publicist",
    "90e5702706c14b3393f93cb44690f043": "John Enos III",
    "6cca7d7730f7471fa0ace94aedb180b4": "psychiatrist",
    "b35ca160da634f98b37f75714e88e14a": "multiple personality",
    "8ce186f107d34d65b91cc440bd5a30f6": "a nightmare",
    "e74e889a0d384636a842210bc18f1f03": "Sybil",
    "4595ac0cc17747cc82ac00e8f7928da1": "Dr. Wilbur",
    "026e17c5b38a4f818e2e9182f12587b8": "Sloan",
    "becfcce489d844b192d89e74d87fbbf2": "The Alabama Porch Monkeys",
    "b5185dd833684f2db7f18082d011a243": "Delacroix",
    "5da99abd715041aca137ca485472016b": "Harvard",
    "63994f91dd4a46049bf4727e76b81fb6": "Sloan Hopkins",
    "337c4d6280984b4f9b73a8d064100655": "Pierre Delacroix",
    "0d636d4e73664cd6a880c88a628ad88e": "CNS",
    "c41ef61ab6424d0bbe0f5403af766f04": "Delacroix",
    "31070185198c4436adedbac525048d8a": "Delacroix",
    "4d516aa4d48546b5972e5f97c1c06c3b": "satire",
    "c89cb695309141099c91140f36cd5415": "Clay",
    "9bbdc4fa879a47bc96f53ebc53fb9185": "Hanna",
    "8f53422adc0f403881afbdfd88aea0d4": "studio",
    "0db3264859744acf8719eb98b9fd35fd": "Hanna",
    "3166f0a5071e442099126ce4293834a5": "Hanna",
    "4fc4176e1b394229b62a84612f484963": "Empire High",
    "2535984b69e54cabb7243919383a46a7": "Drake Bell",
    "9abe600b05264a20b53c4fe540c095b3": "Christopher McDonald",
    "09f31e982c754295b469968e3fb1829b": "Dragonfly",
    "96d3a999fff54ab9bfb28afbc7ccc3b5": "Dragonfly",
    "126cdb59795f4640a9ff8c205b152d76": "Hourglass",
    "2e239e8a74614b0da1440188a2ff3f05": "Vienna",
    "a04839a511de4324af71746db61d4f39": "military discipline",
    "452d0b38f8a446d289299554c7369670": "Captain",
    "72624270751345dd8770abfb970722f2": "Columbus High School",
    "282a5426e31a4c05a2f40c8ed197a804": "Columbus",
    "746d8bcc677e4ab8bfe0041368530a99": "Vietnam",
    "5b7280cdead84b3f985eaa7cd6889fa2": "Vivian",
    "a717b25b36cb45e399d9cb20d1c34bd4": "Lois",
    "ce651cb6ee704a50a661d9b3ae85e372": "Alison",
    "02c7e166d9ca4fecbfa764498cb5ada9": "Kristen Stewart",
    "2298a089df054c14b30b16bd7e2aeda4": "Lois",
    "088d1e4f2e29469883da3a0dd726b8ea": "Emily",
    "b10f15370ba14082ae796705f865ea03": "Banky",
    "b09925ff67f54c7f877a1e875587f5a1": "Justice",
    "8a06fa16164746db97bba251f569e2a9": "Holden McNeil",
    "245e05b67515482a8df8a56749c2147d": "car",
    "184048099ccc42a78410dbd23eabfa68": "Justice",
    "30c9d7601f8e4af598d3ad9d1a1f883c": "RST Video",
    "53b108f57861462fb0e5291b11cc4cc2": "Hollywood",
    "6599516d20e9495b883839b0883ad7f1": "Holden McNeil",
    "7b581b4234654c4ab93f595d5f96d106": "Hollywood",
    "c8c2a4f82f4a4872872f92e9468e1e48": "Starlings",
    "b4a898534e39452db4c559ef2f70a4bb": "Carol Beldon",
    "dedd918135094ca9b43362dca9e99d78": "Scotland",
    "d49a6990c8ed475f85ff7496cd11dac9": "London , England",
    "a47a4a2fed804b238239bdd72b6a73fa": "Kay",
    "d8726cf419aa47dbb63b42e399e71b79": "architect",
    "429890b1212b4e90bba493825db30787": "Lady Beldon silently",
    "1b8d049b50cd43d7b4d1bab0d7c2ffc5": "Teresa Wright",
    "0882ef6f336e45e2a5992d07ab014774": "Clem",
    "8ecdf25d70964beda02e9a7f23932fd4": "Royal Air Force",
    "2057a6d478524cc58c7f630b01955df2": "Dame May Whitty",
    "cfcab55bd74e4fdbb92f66dc5efe8dcc": "Carol",
    "5c58083988d44d16b65c1e41eb754a64": "Carol Beldon",
    "3ede922a3e174e5aa4a0905f29c687fb": "Anderson shelter in the garden during an air raid",
    "7e3c42685db24cd39bb74ec4cfb7c014": "Alice 's Adventures in Wonderland",
    "3fde072fd87b4587859e095707e64d97": "Clem",
    "4c8f72de7ead4c87896ae2630a6fb2d8": "Clem",
    "962e08b0dc584c389b0a7b4147e6128c": "Richard Ney",
    "10e8c2c0753041bc899a8abc0a320b98": "Beldon Hall",
    "f7551fe8a4ca431fb52e83095f26881f": "World War II",
    "e5f6174f73284816b697a4dfac43f667": "Mrs. Kay Miniver",
    "a4da24881a494251910fd8d478a2502e": "Mrs. Miniver \" rose",
    "6be9479e1c73404982d8913b00dfde21": "friends very dear to us",
    "6e20e1bbb69945809948b2eb84732bab": "Mrs. Miniver \" rose",
    "3408f102427b41bfb02afced1d7f168e": "Scotland",
    "2c4e386737d04ed9b1b8f0fb411192ff": "the Third Reich",
    "fdde728623e0458daeade628521f9695": "rose",
    "30db01e8df54426f9244c6b148a33548": "Scotland",
    "e3f1cd80e88f48f2a63c30c968c21f1a": "Helmut Dantine",
    "b7d1832c74934689888e05237b1b8276": "Vin",
    "856dd5e5b9e24a29b62a883d24c93198": "Carol Beldon",
    "ffd651e1976f4979afb14cb0ab595da3": "journalist",
    "21d6b758e18e45cbbc93d598bd817978": "dull",
    "a1f021ddeb664dd1873ce581d3112de5": "Robert Dickson",
    "9d583648016f434a81636042d8ea197b": "police",
    "8bf8189a39a5478ead64be383cbfd519": "Ellen Tevlin",
    "6455a40ba73b4f10893b97452b1c2c4a": "Bruddah",
    "5630b0d2f3a64e0ca1c41497703dbfc6": "a manor",
    "7272a4587f2a4ed4bcb8e8f1d17898f7": "vampire",
    "70cb61bc7ca74ce2a668403ca029601d": "Bruddah",
    "05fe5ca580b64edaa5277b212d48be07": "Seri",
    "b2de65a86a44499293f9075f32a88016": "disturbed",
    "c8973f8c838f4c2797445e2928ac2eff": "a week 's break",
    "12a371fc2bb74280b1ccc7a6159abeee": "a malicious spirit",
    "ce29c32ecc2d49d49de9cddd1d9219c2": "Seri",
    "486fd431b05c4db7a5555f373046764d": "Darma",
    "c8e8cc3161b745728f1c978f7d964ebb": "a small jar",
    "b2840c44cb2b41958c387bd50943aaef": "Saka",
    "49a0dad2cfd24e508a61700024a215fa": "10-day vacation",
    "37c66b207da44b1d94245c19fe52461a": "Tokyo",
    "03bd6052657b4be095ca888cc5fafe72": "eight - year - old Jamie Lloyd , his niece and the daughter of Laurie Strode",
    "1eaf93e8f2a14c4d9252b06ecdccb6c9": "Michael",
    "bde2e47c003243da8e73e48f85a18104": "Loomis",
    "e7b68cd8a7b741d595f4e82599d3e18d": "Darlene",
    "af921654bea5451eaf7bb89306e14718": "Darlene",
    "0ff40a4015d247f18e30919962cb8944": "gas station",
    "b7cf931198614cad90ecaf4593b65692": "raising a long , sharp pole in the air",
    "c070283f1370421f815ac9372ebc2ae1": "Jamie Lloyd",
    "6aabe6310b8b4aa3b0514ec2108e901a": "the mechanic 's body",
    "0cffee6617514405ad477b3302a931e5": "Ridgemont Federal Sanitarium",
    "dac1fe6b5ab247d3aecd20f4521c925c": "Darlene",
    "ab1a2b3557bc4e03a800bd0dad314918": "ten years",
    "3edcb7ec0c9844afa9856e04ad1f0af0": "Michael",
    "a570b70de97e4664a025386b9c13cba0": "Michael",
    "c224b9355ee44b93812aa86d593ee713": "Nathan Rosenbluth",
    "3aca9a89c6ec42cfaab6eedd6ea22af3": "Princeton University",
    "a3bd33ba7051434babd1cde2ff5fda5a": "Cristina Moreno",
    "8cbef7f4ad484b76b6bc3d809f622321": "$ 640",
    "f11666c172f54b158327c3b325a3cba7": "nanny",
    "4a527203932d46158ac8076bbcc60e5c": "$ 640",
    "64c62d2b8b8f41c69bcfd58ce6a0f416": "Flor Moreno",
    "4d80226ca3c24fd39527fd1d2cec8321": "Deborah",
    "b4374911789448eb9125678a846eb567": "Flor",
    "865d9461980643c0a1a47e952c371bf4": "Deborah",
    "1dafbc03919f4cc493f084699d1d6b60": "Princeton University"
}
