{
    "52f53a3df5b149b7a33f04a187a73911": "49ers",
    "e50445009e7c468a8fded2a3a0cd8519": "March 1977",
    "b4bb0a7ae1f9467fa4f3ebb3595b54c9": "Los Angeles Rams",
    "03e79e04516f498cbd8f834f02a9e42c": "16\u20130",
    "bb73ae4641a6459fa6b9943f4b40b413": "8\u20136",
    "7dcad590ccd74f9e86f1997ce27a66ea": "Craig",
    "37b52f3a2111465685f97ee47d18e4cc": "Gary Johnson ( American football ) the Super Bowls \" unofficial defensive MVP \" after he recorded one sack , flushed Marino",
    "948872566c484b4db4f6aefa9b2d1c27": "Marino",
    "7aab784370c84661b6f2620167bda2b2": "Board",
    "3d4fff5bf39c4ac8b1f2f762c552d07b": "Craig",
    "abe52841f23d4802a4b1742f5c1e8257": "defensive MVP",
    "7d6fb2784eb2441ab974fda288e69d0e": "McLemore",
    "2dedfae4069242529abed4a3f69bc2f8": "2 interceptions",
    "19e62d8b0db542bb859d328740ceab64": "Marino",
    "132c0124bcac4240ad198e759db51adc": "Clark",
    "60e89a6527b14b1ab4af9b4ed096a70a": "2 interceptions",
    "f3545685e10c43bdab8f67cd1f4b551f": "Nathan",
    "a076184475774401b7d47637163a2258": "Clark",
    "56ab0798d5b1491bb53c69f263ac2de0": "Walker",
    "13c00036091d40f89f454430252f7dd8": "Craig",
    "f1e1575aba4a4ce69c1ae071eb2cca99": "Nathan",
    "f9cb6ac943924656b674d149e48be247": "Clark",
    "fc998b9217bd4dd19a35810d74a8cd31": "Tyler",
    "236addaee9f64e578c202fb04538b6c0": "McLemore",
    "31e59e58afec472fa1f34f344364babd": "Marino",
    "41827a20ef0549d5a94e7c0ae31fc269": "119 - 96",
    "c9edc983d4b145c0b66b2c47d9611897": "Mavericks",
    "20f4835a347d4747823c06804995d7db": "Torry Holt",
    "310b801a1479441d820732983a387646": "40 yards",
    "ef48cb37889f4df786e5cc9a798e4083": "St. Louis",
    "66f16f57dc9543dea3d074826e6b0f8f": "Antrel Rolle",
    "1f56a309be154560a40b97f98bb842bc": "Antrel Rolle",
    "793d01c4a8ba41cab9c3080a1c4c5240": "Arizona Cardinals",
    "228ecbd7d7f048158ef675b1c30382c9": "Marc Bulger",
    "5d297eee4a574fdc8cfb44c0bbc7f5ba": "St. Louis",
    "9187d86b6c06402dab1aabed41b5542e": "Marc Bulger",
    "7ae377077b0743e08f1c360225047522": "Antrel Rolle",
    "9acb3cceb58346b0bc5a002919a44dc8": "Kurt Warner",
    "ae315daafbbf472482bfab4f0732094d": "Torry Holt",
    "e74d3a8ad3bf4a5da2ffbe56716e7c17": "Irish American",
    "13df7152e16a4d69a041b60a3584400c": "Irish American",
    "78b0b3f5a9a24273be4f00bb7cff7819": "English American , 8.2 % Irish American",
    "398d448cb98d43edb47a10b22b1099a4": "English American , 8.2 % Irish American",
    "989495303dee43a684416db4af480f92": "Irish American , and 6.7 % Americans",
    "ac8965577a704cd9ba079bee56c69c96": "Irish American , and 6.7 % Americans",
    "e6aac9a356b44caeba54480e7481942e": "17.2 % were of German American , 9.9 % English American , 8.2 % Irish American",
    "c9ee053c467440b28743f3e6a2d96c43": "17.2 % were of German American , 9.9 % English American , 8.2 % Irish American",
    "593102439948409880c0e80adf0b9f39": "8.2 % Irish American",
    "c97746d5d5c1444cafb4069ed346ec63": "8.2 % Irish American",
    "ac34290335e54e818f6f77a2cb144537": "Irish American , and 6.7 % Americans",
    "6fad77365a1f43d288d4c62e0dc9bf72": "Irish American , and 6.7 % Americans",
    "23944638ade34891b57afbd0bdffd0af": "Irish American , and 6.7 % Americans",
    "bc7730f66bf94374a8340b0a6339686e": "Irish American , and 6.7 % Americans",
    "77d800c6e83d4f34bbb94ebf697753f9": "8.2 % Irish American , and 6.7 % Americans ancestry",
    "66f2e494aebc49e9880586d269f126fc": "German American , 9.9 % English American , 8.2 % Irish American , and 6.7 % Americans ancestry",
    "fbfe868f830140cc906bb817387cab2e": "169,162 households",
    "61072176241d4c75b0cafc68b76c72b0": "Race",
    "33faf749b9324447836f54e8c1754731": "114,015 families",
    "dc82fc4155c24478a4daa5c4f874c332": "Race",
    "0e85ceea45fc46bbb72d67514bf76bce": "114,015 families",
    "a20bb9680bef4f9abbdb6dd87f48377d": "Race",
    "6218342a57734834a0f1c9219575d69e": "114,015 families",
    "158bf5e457bb4a4f94a4f08a4bafef46": "English at home , while 9.6 % spoke Spanish",
    "89fe7393b39640b189de8fae5cddf544": "Spanish and 1.2 % Vietnamese",
    "5be00f078cde4057a53e7bc6a509481b": "Treaty of Utrecht",
    "0d0b36ad6ee94947a35318ec7be7d3a1": "French Acadia",
    "9752e27f0f2e466ea5846c668a134d42": "Frank Gore",
    "cbb5ae1e0df4459ba3cea4d36056b560": "Frank Gore",
    "b4eb48f40b6549b2bc63136e038296f3": "Seville",
    "069d8ac906f64f6a9caaec49b7713ebe": "Isabella 's troops laid siege to his fortress at Utrera",
    "0e328b085b144b949e25f8e52d2ded09": "Sidney Rice",
    "4e35f19b73dc4d47ae4832ec4f2f6859": "Sidney Rice",
    "852d960988d84177bc56bd75f2aee146": "Robbie Gould",
    "ce1fbd16e52945868be709dacd5eef66": "Steven Hauschka",
    "173df01377a64f9ca375ad32bd8e72a0": "Seattle Seahawks",
    "9eda7ebc5b4240f8895219be3980e048": "Lovie Smith",
    "e4ecb403a9ae43f1b6df997f965cdbd9": "26 %",
    "689757579b124d819f98570228e6ea3a": "37-yard",
    "6020173a240c49e88978f0a09b0b31de": "Marques Coltson",
    "6c0d8790b2f5469aae3c4690a01daf76": "99 yards",
    "7b4d9fa0991740ee8dafe165443458f2": "Eagles",
    "f8d335a1bd5c4fbc81964831e4a52ed2": "DeSean Jackson",
    "9b7ed3e0638b461fba28a1f098666622": "curly kale",
    "3a01c1e1eb9743749e2a5f387591899f": "1742",
    "72787463c011417cb17b3edef2a521fd": "1748",
    "b8d6c27ea3284a16817e47ef2ebaf558": "Spanish America",
    "a8ba774e988a40e1805daf80e73cdbb5": "War of the Austrian Succession",
    "6267b155702343f79837e29d2e420738": "leaping \"",
    "77ecda591b5d415e8be2e3252cb9b74a": "Jacksonville Jaguars",
    "46f073b731be4d33a01f7794307bc44b": "Josh Scobee",
    "728f5849be044152bd95832250860e00": "Mike Sims - Walker",
    "2ee92e32dc8742d29574aff4baf92d2a": "Jacksonville Jaguars",
    "aeb4b05ef5aa4f168435d0ce3178d670": "Mike Sims - Walker",
    "4bbad38290f44c9da3b9df822b193558": "Maurice Jones - Drew",
    "9471704e680149c8bfb5e96a597852a5": "Jacksonville Jaguars",
    "fc1cf71e51a64d598498716f03f187c1": "Mike Sims - Walker",
    "c5f21cf0d082463abaec6ee2d46bd5ab": "Maurice Jones - Drew",
    "782f7480ff6743d4ab0572841d56adaa": "David Garrard",
    "f4f40d9adcc94c73b94cd317b9917528": "fourth quarter",
    "272d1e6ba7d54eb8b7f7b4bc7d580800": "Jay Feely",
    "e3a02bf3eb234e5da7508216e689135f": "Jay Feely",
    "a4ddd89606a54ed1b37cadf2cb2ab6f1": "Mike Sims - Walker",
    "8bfa0767b3624b47afb33d30d3507894": "Josh Scobee",
    "55ab37e5a5c34030b9207a2e98a1b945": "Jay Feely",
    "7b4227bd49ae45b790005d76d0729509": "Jay Feely",
    "94165fff930c467f895317f867f6eeda": "Jay Feely",
    "5b08415702894ef885089837fabfcf81": "The Dutch conquered Batticaloa",
    "30e18e0a577d49f28a8cb7e56704f430": "Portuguese",
    "16033c957c2b4fc0af1553b9d8316425": "Galle",
    "e42eb590c26c45b2a47f37537ccf5f44": "northern Formosa from the Spanish by force",
    "339ed87acb734e1f923857542ced75bf": "Batticaloa",
    "12e5d6e5bbc54ee0bc85bc58d70cb8ec": "Vivacom , Mtel",
    "646411ee23ff4c50ba59eb70d613f115": "Cao Qin 's coup",
    "8ce7619d44004a6cafef02188a22e582": "Cao Qin 's coup",
    "37f14ed2372f4c049d79843ea1560f0e": "the Huang Ming shi gai",
    "29c27bb694774cca9ed71f350da65fc5": "the Huang Ming shi gai",
    "b63ef164363f4307911adf5e06c705ce": "Huang Ming shi gai",
    "d33f9617163c499995d5e5d68ad7b41d": "Huang Ming shi gai",
    "65bd5c0a6fa948c5b02e33382636244c": "0 - 4",
    "837b7d5c450a44d1af2fd1bbe56c7059": "7-yard",
    "97b286dd749e4edf965af455a40afd98": "a field goal",
    "c4a4900972b9460f88e077ed2f35bd31": "The Titans",
    "12795f39ed0b401b9b634e05915843ea": "Brady James",
    "ccaff2f46dcf47e9975724e21af04f93": "13-yard TD passes from Drew Bledsoe to WR Terry Glenn to put them up 14 - 6",
    "8add94b5bb324d92bbffb5fc06202735": "individuals",
    "d880e2634caa488bb423ad1619bc70ae": "2.39",
    "29ff6ccdc76d485cb7c3c9add3e70645": "non - families",
    "418500be3ec84099a41404bf7baae246": "28.4 % of all households are made up of individuals",
    "522e3938b75b4fd98fd238147b698e2f": "individuals",
    "c6f1fb9c85ee4c3eaa1b1e1a6f752930": "28.4 % of all households are made up of individuals",
    "b8f3cbd845144bf788f18307e8219e0e": "non - families",
    "3d2c2ab5652a4edea0f8988968388e20": "28.4 % of all households are made up of individuals",
    "cc4d6c9727a34c63b94e21bcb97b085e": "2.39",
    "e79e83787bb9414c86e229dd1bdb02d9": "Washington Redskins",
    "8cb37ca2a5f8403c9a7bf68516d80b10": "Washington Redskins",
    "22283751db6d49909f520346f6e53928": "Washington Redskins",
    "3bbadb7a527743d780ef8217d7cd5112": "Tony Romo",
    "9c5d922b5f564f12abc96b4ed7ed32e0": "Terrell Owens",
    "2a778f327721497ca4ab0de2c81d6149": "Tony Romo",
    "faf14f27c8ad48428895c7f4212a2a88": "Nick Folk",
    "bd18e91839654150bea20f666ed2a02f": "Shaun Suisham",
    "a832c307867747f4b459ca739f390ea7": "fourth",
    "99c2dd03594547fe91a1c424017acbe8": "Nick Folk",
    "01c0ba88e03d4756924b5b57bbb7b695": "Shaun Suisham getting a 20-yard field goal . Dallas closed out the half with kicker Nick Folk",
    "0bb6fd173121441e8fb2d284da5556b1": "Tony Romo",
    "ccb659821dc345b1b3a39d8afdf2f0f6": "fourth",
    "6ff75c5b59534b1dbd7655c52e26ed53": "New Orleans Saints",
    "7e645d9b52de42ad8f463a90c3f7f5c2": "21-yard",
    "6333caf52a7e4bf98124345f2acd5386": "first quarter",
    "e45473c623914541bf1b428a48ad952e": "Matt Schaub",
    "d5a07abe533445cbab6f102ff561b486": "Neil Rackers",
    "9cc4c2ccff8e478b902009fbf780297a": "Texans",
    "4b469de875574658a68d8bd4db8bba3d": "Josh Scobee hit a 38-yard field goal . They replied after kicker Neil Rackers",
    "be0b3c976313418fadb21ffd48768004": "Jaguars",
    "41a0e53a7add4769afce11903a76e6c8": "Rob Gronkowski",
    "daa2c964a3e34a9a845645646b22b767": "Caleb Sturgis",
    "053cd1802b2449ac979038d39010d399": "Edelman and Gronkowski",
    "bd8c8ebd53cc4e10a9e90359b2cea4b1": "Kyle Orton",
    "82946c270ac2417bba27ec9c5041b7d7": "nailed a 45-yard field goal",
    "97ff09f82ed64de4b5f48c42df44e7a0": "Charles Tillman",
    "b39672f303dc43d1ab38fe6237a40379": "Charles Tillman",
    "85dc58e9a2b54cc88f152528d55b7efe": "Trevor Siemian",
    "5c49f31a4461404388f77736707c6667": "vice - admiral",
    "c8c4b9dd62184215ba23d9f7b26fe244": "Hendrick Theyanoguin",
    "ee31533cd50d45c4a748c4d1a3d295a6": "King George 's War",
    "c3f39a95d8264acdabed8e629d77cd5a": "he sought to protect New York 's Northern border from attack by the French",
    "92e08aed47c045688e983d4a0561cb73": "he sought to protect New York 's Northern border from attack by the French",
    "6addc30e49784e90bfdde4af849efa2f": "5.0 to 7.0 hours",
    "8a621e0fcdbc4cb7b0e2f3ef768e232c": "Laurence Maroney",
    "2908c48f99544d7ca3729814377ec849": "Brian Hoyer",
    "4a98d421a6f841e8b6a5bdf69ffeba63": "Wii",
    "cea8cfda5d8a457c8b3c809b5731b1af": "Wii and Nintendo DS",
    "ff583a4a71ab43409d2cdc849d661eef": "The Price Is Right Decades",
    "4cbdf8dba6ec44d99da06fce32d0fda0": "Tom Coughlin",
    "3def8ff78af546ac8876ac50346842da": "Odell Beckham Jr.",
    "64d4361509ff48a9b9878eb2b78dfd5a": "AT&T Stadium",
    "9905edb7c24c45db80c9a7f8c211b630": "fourth",
    "4224ed30915c4429b1dc6be65e5718fb": "Dwayne Harris",
    "3c1d01f7762846f8903e100b48fc34eb": "Treaty of Paris",
    "f0247cd6b7a743899266b8e31fc2402a": "1763",
    "a7a7e2be7546428299af12ec125c7ce7": "Silang",
    "85a1f39f573e47498efb0c673f8be336": "Palaris",
    "d093b156fc4c4b62a366a75a2c10b329": "Indio",
    "8ed7712fc33a4a248364844a6b97c7f2": "army of Palaris",
    "2eb71a3a087444c89794eb8aa80b5f9e": "army of Palaris ' men surrendered",
    "37ac41e44e4b4649957cf4ea0ac12de3": "Palaris",
    "4c53cb4d10aa478baecf204e0a4015a7": "Spanish",
    "5fe80e7131364279ba7a989324160d86": "Andr\u00e9s L\u00f3pez and Juan de Vera Oncantin",
    "ffd88385a73d4b6695b801ee6f85ed1c": "hanged .",
    "60538944858445d6a1aeb74b5378c0fd": "second",
    "9193aee78bea4581bf82b34e3f5bb050": "Cleveland",
    "a09f8b2a109a43be8a38d6d12307aed7": "Charlie Frye",
    "194d6478c7cf457fbabd572e359ba81a": "Nate Kaeding",
    "972a0cd7e7a3449aa0d039410f0a39ee": "Phil Dawson",
    "2f0f247a4d8c46bea4dac89f8ac956d3": "Phil Dawson",
    "be1232f138f24d1db037104e94a0ae06": "Nate Kaeding",
    "75877cc43947440d8456efbc1a6e8ddc": "Chargers",
    "2ae0d61676d04294a517c51647e35eea": "33.9 %",
    "ab7acd6c4f7242b4be0bbb06fdb7ffdb": "individuals",
    "496f185a52644e8898d7f40eef45eae1": "individuals",
    "718a0032cf3a47908be4b6b87197bba0": "3.24",
    "60b23ce6e0c842a3b54a08bbe8a5947b": "3.24",
    "8165a2d5d126472ebc235f6ccd8bdb5b": "Sam Bradford",
    "9df9ad4452bf44efab6d5923264cbf27": "QB Brett Favre and RB",
    "a0cda737c38a498da7fbbc0bffcf60a8": "Danny Amendola",
    "dcd9e82783284d4a9ff793835cb4785a": "Sage Rosenfels",
    "53a4b45418af4791abd5b17af0447a0c": "two - yard",
    "1b2e495b08044c59a85740cef1ded390": "Garrett Mills",
    "f980eb807bd04096aa1fee4e64b06f0b": "Danny Amendola",
    "59b048225af64ef897862cefd7a8060e": "Danny Amendola",
    "8b9cc62cb6504c97a1535d379e469709": "Danny Amendola",
    "4df7c99137614f118337e55904461408": "Redskins",
    "ebc6cd20cdfd448399bda50ec24f0322": "Washington",
    "b7c0a5505ddd480e8b4ad364305f952c": "Clinton Portis",
    "fe571f2e3fc64f449a3fdc9cd6366555": "Clinton Portis",
    "0783dc92f5d444349bf3afcce8b58371": "shoe bomb attempt",
    "d67506f93fff477098121ab2f8d0a330": "Richard Reid",
    "022ff4b070d0487aa33304d1072564f3": "Miami International Airport",
    "f76954aa104e42709f019ac16420263d": "Boeing 767 - 300",
    "675c050d265f455c87683ce4f8f7f248": "2001 shoe bomb attempt",
    "ae3f46dd26be4d41a9269c46f3f5d3d9": "Miami International Airport in Miami , Florida , United States",
    "cf68da0e9e3e4c1ebd0a2d935908f426": "Miami International Airport",
    "9553670535f94dd08ba9f9a34882a93e": "Miami International Airport",
    "2788598995ba405cb82dc54b107ae6e5": "Boeing 767 - 300",
    "63cf0920ab694c05bea39396c6b9687f": "Aaron Rodgers",
    "8a6bba306b8345ce94cd2f257eb6ef90": "Packers",
    "0517bd1bff174136a927bd3df3d735a9": "Aaron Rodgers",
    "3258321006ea4cd986b52e6734da2f82": "Houston",
    "6862b305c4cc49b3a758b5c40a132184": "Peyton Manning",
    "abea04c8a342456085c367e55804bdc0": "Peyton Manning",
    "0c796097bbf248e99b0853276513bef1": "Ron Dayne",
    "dc3561ad57c840168434759cc4c71a89": "Peyton Manning",
    "4e5213dcd4834d40abde8b4350b5c7b8": "athletes in wheelchairs",
    "4169da5ace7b416fb4972ba8da97a51b": "2020 . On March 10 , 2018",
    "d51aadb39c3246bcaedb1e2676d71db3": "1976 Summer Paralympics",
    "4de732c5cfe0432c830ac24784d9dbfe": "Dolphins",
    "9d1a8950ff214842b4c840242f23a752": "Ravens",
    "ce26dda28c0e4d4481136ed4ac309f9b": "Dan Carpenter",
    "57a5460244ab4df6a8ff49ad68051e9e": "Willis McGahee",
    "12df57fe9da54bc6a6e417ff2f99e7a7": "Dan Carpenter",
    "3b9e2828cce044879c3ca29dfd4fb15d": "Dan Carpenter",
    "4371e112b1184bcb96cb1d13b25f887b": "Joe Flacco",
    "7643f1000bb248b19fb6147bc8b48c7b": "Willis McGahee . They replied with RB Ronnie Brown",
    "804139d12d794c36a2a0be1159c0ed46": "Billy Cundiff",
    "cda4440b93e04765a7411d0058ee5c76": "Dan Carpenter",
    "368ec94158bd47a28906bd92130121fb": "Reggie Nelson",
    "9790b2e7d5f7464e9d6fe0e40bc0883a": "San Diego Chargers",
    "df93927329b0472c95ef5b629e4395e9": "Hunter Henry",
    "ad9430a0e05f41d4b25c2354a12d1c01": "Hunter Henry",
    "089eb2f38c2b4f88b4f42286dd83d8b6": "first quarter",
    "170a9e31857744d5ac451f2bfcdb451d": "first quarter",
    "02a8214fccd9456db330760260414779": "Greek offensive operations",
    "5bb47c696e404af2bbbf37d4c946b197": "the first phase , spanning the period from May 1919 to October 1920",
    "76a1d608e0ca4d359f6722bfb3866bcd": "Greco - Turkish war",
    "cd6d6883795643b4b7e781f152f4f483": "Turkish Army",
    "d1ee9e6735184392ba60b623e44c06f0": "Walter Day",
    "97669d4b01c745d38e88de7708fe2afa": "John McAllister",
    "9300a8ac17964bc5a4759e89ab7f7004": "Scott Safran",
    "3919892f8c784b25ba97b0df307ffcb3": "Manuel da N\u00f3brega",
    "942c6e6704bb42fa928eea1cafd3b891": "Dominan",
    "aefe745f00da455fa227fd310f954723": "Manuel da N\u00f3brega",
    "6f54ece534b7421a8c12b44455c5990f": "Apostle of Brazil",
    "eed059a558f9466d9b417d0798135b70": "Si Jifa",
    "8617c8b5d8944420955543f434243c91": "Si Jifa escaped and continued independent action in another corner of southwest Yunnan . He sent his younger brother Zhaosai",
    "84e417e3deeb4acfa297c2f29cefeae6": "Si Jifa",
    "811594a44c3c45c1961ab4e677ef9387": "the Ming army",
    "5aab74ad344c467eb5f9ade701ef25af": "Jarrett Boykin",
    "9d5135b0f5614474b6023b90143d2ca5": "fell to 7 - 7 - 1",
    "1f7305f5437341dca4737cad4aa7c184": "Tony Romo",
    "48cdcdd3a2f241c48d807e7c5e0561f6": "Dallas",
    "1130d3afc2bd4cbc9b89e63c1761db4f": "Tony Romo",
    "d2648372c8d1422ab5cc735449479531": "Tony Romo",
    "dd21ece948f64c798e8aed3d835c7b93": "Ryan Grant",
    "9655ab8824a54c71ba1c1fdce8a7d2c0": "Ryan Grant",
    "c95a53daba374b42943f95ead7646563": "Ryan Grant",
    "dac069767c4746d1b80a866d34a3ed0a": "Rashad Jennings",
    "90dbfb513012456b8cf244e3cb95e1f3": "Drew Brees",
    "e3c2e60433c1469aa3c481378e80adb5": "New Orleans Saints",
    "1f516f237bcb4a67aaa7f3164ae594f7": "Terrance Copper",
    "853d41ad53c1428b90ab0a6248c9cc10": "New Orleans Saints",
    "c7d6830aa37944c6ba3568070a74b217": "New Orleans Saints . From the get - go , the Falcons",
    "f88e6c366b1a46f0b25f240ad5eefd66": "Drew Brees",
    "d5fc3f2a43164a6186ce1d603d538667": "New Orleans",
    "35aaa06915294421921068ae5fdd3d6a": "Philadelphia",
    "5af1701ccc9f4ba69527e1e1e4055653": "grandson",
    "577ad7c2d8d94d228f57a922d026f32e": "grandson",
    "18f0e3beed5048b1927556366c4e5e42": "Archduke Charles",
    "a79ae2095e984143b69dd884884d0e00": "Hanthawaddy Kingdom based in Pegu",
    "3a6e4255ffb346718c0e0aaf89b774c1": "Burmese king Mahadhammaraza Dipadi",
    "82345d2587414b56a7d34802941ad136": "Burmese king Mahadhammaraza Dipadi",
    "0bc10aaf6f664c43b7c43dc050e73864": "Ava",
    "745c6557fa844dc5b80328b1cce82d26": "May 1754",
    "066039b1f4564e468de187ff8e5392e6": "Tom Brady",
    "b179fe1166404dcd850f0ee69fd12000": "Texans",
    "cfa1d1246a4e4bc9aad3397e407fa1ce": "Prince Akishino",
    "222a932b33e044d186f6ee59ff1b4d0b": "Prince Akishino",
    "43dcfb03f97a4c339d5a057f298d0095": "Junichiro Koizumi",
    "79ca6184b16c4d19b9d6ef46ead0d39a": "Prince Akishino",
    "578fd77b09f846aa94763de186102c08": "Prince Akishino",
    "ed0c0a84d2ed4a02afaf177e76cfa0ad": "Prince Hisahito , son of Prince Akishino",
    "cb56fb7d0711429ab92491a269dc9b50": "Prince Hisahito , son of Prince Akishino",
    "d4bbd21a7c7d48f68c9ac4eb3d4b3ea7": "Prince Akishino",
    "c6c058d8f785403c962ad92a0146086d": "Princess Kiko",
    "48d0e30c685d43a1b9c2ed449b93eb24": "Prince Hisahito",
    "b8c4d88972d54f0ca19af86e37b8c5fb": "between 100 and 200",
    "5de2679b20894cb9b81797afea22d6c7": "various industries",
    "de0903bdf68448f68ec90632ea7412d9": "Other various industries",
    "ed88be41b7c242c9a6049f0ae2444ca3": "ceramics",
    "d491b139dc7647b995d3287bd4390e88": "ceramics",
    "9bb97e1f21cc4b929f98bcb5a54f1683": "ceramics",
    "dc4329e2633547f9afd0011119b820a8": "ceramics",
    "bf41629b07a74474bcc61f7ba9394a77": "ceramics",
    "9efeb3b516194d49b74f833828e4fe34": "ceramics",
    "288138c2bf01477794341869839ce552": "93.1 % spoke English language and 5.1 % Spanish language as their first language",
    "5d867c2c633c4eb19c24c4e10a1804ed": "11.7 %",
    "8c633a2f02204b1f89bdd1ec11aaf0e9": "14.9 %",
    "2ac210c3c7254476b8a96ac6a2de08dd": "Spanish",
    "bd748479fcfb420db6e5495eefc75237": "9,071 families residing in the county",
    "d840de42f91745af8976b8082f236c0b": "German",
    "1fe7d82e8aa246c0851b62f74378e2d7": "Italian people",
    "c1c1f01e56304f998c6e082a24d9022d": "93.1 % spoke English language and 5.1 % Spanish language as their first language",
    "44a8791697b0482f8d360469d9f9fde6": "English",
    "e36ac3efde694e3e8481bd69214e81ae": "12,759",
    "1f6c5fed8b72452c862debbe8f7a26f4": "Race",
    "52a323e9885447c8ac48471773e00883": "English",
    "872c8432d40b4980a2f8bba5f9fa0df0": "United States",
    "46525956e7464c0cb730b1216668d534": "11.7 % Irish",
    "57c09a8485cb4f7b9f25abcc8d50180d": "11.7 % Irish",
    "cf68e9d410c24cd7b7ab52633047fd66": "Italian",
    "cb6399b6348d467f87a63e5adf104fae": "Italian",
    "09ab6e5d0b154258ab6b2ad8cbd87eef": "Italian",
    "b453fc28242c46e7b0bc0901406a1b43": "Italian",
    "41b05612caa8429bb8488617ff1e1270": "9,071 families residing in the county",
    "d0418c91994b463488b94a9dac2271bd": "14.9 %",
    "c4793c1c07ef40fc9886591d8a196386": "8.8 % Italian",
    "afb034784157442dacd7a573c3f5fed1": "Spanish",
    "d2212b23b8d34727bea918985672adfa": "11.7 % Irish",
    "2080155b172c40a6b2faba72b4df8cb1": "11.7 % Irish",
    "723f5d85e84d461d89c5de402954081a": "Italian",
    "b235985e875f4a2d803158bbd0709afe": "Italian",
    "a21997f851c84e36ba00af71c50b2178": "Italian",
    "e41ded5d3b1a4f7db6d2f4a1cf9d1d1b": "Italian",
    "efbd80f0f6d7428bb8b88bbee5126d4a": "Charles",
    "69c49f701ae949bca21bb6bf66b64450": "1622",
    "e87e26d52a64495a896335eed7e5cd46": "Ulick",
    "7f82df477b2c402ea5a43886beae1e9c": "Charles",
    "14133601ff1442a48b4debed4689c472": "Ulick 's father had been a strong supporter of Queen Elizabeth I",
    "753fd16980aa4a88a233a87bca2f9d56": "fought on the Queen 's side during Tyrone 's Rebellion",
    "f5b15c9b40c34ae1aa6585f011f03999": "4th Earl of Clanricarde",
    "9e90681787f64310accdcca9d2021f73": "Ulick",
    "1556bed7ab1c44ab99ae4f9d5a8619ed": "Frances Walsingham",
    "3e98b6a4fc0e451e8f2b8555323768d3": "sat in the Short Parliament of 1640",
    "1ea32d7e83664504aca327aba7246ee1": "Charles",
    "b3f57c8f93754e52b6b7f17020e0a72d": "GDP was 50.0 trillion bolivares in 1998",
    "a4e71151c4df4fe8bf8d618728dab8ba": "2007",
    "ef73981c041b42f7b8169d5fb6dc2bfd": "Chris Johnson",
    "e88ec0cba7e146569e8df156615d6690": "Danish assistance",
    "e0ff7ecbfef84468a49124530a626e9b": "$ 36,999",
    "b2560d90f2bc4e44821f9b4005df7699": "Males had a median income of $ 27,346 versus $ 21,145 for females",
    "62572da2ea074f3091d4c347c8fef50b": "7.70 %",
    "acc63a34e5ee42fd9d7c422d3fd48cdb": "females",
    "a1b8ecfb05ad4e638c34a5b6bb1f1b89": "Males had a median income of $ 27,346 versus $ 21,145 for females",
    "82a612d4bc9e4596896def477b91ba49": "family",
    "4f090b5534f149869c755a65b0810f12": "$ 36,999",
    "db23c5d845d24c87bef01d7eb2fa3f00": "females",
    "80af9a4bbae44b15b46362a93db04ead": "family",
    "4c66becbacc341a1beb050930545f770": "the Chapchan - daban",
    "914188a1d754486987eeb9d725a66fc9": "Kak plateau",
    "c0d0219bb24945f7a6d2c711eae5ba86": "Washington Redskins",
    "aec48fb9d0f8436faafa6eb313c421a1": "47-yard",
    "ae1f99e29c5344648ce2e683daa88007": "Cleveland Browns . In the first quarter , Denver",
    "3a71719933f44c999634dc71525d78ff": "the third quarter",
    "40d8807996a347fabd098c29c9807de1": "Phil Dawson",
    "d44fcb079ff942008182cccf0e3c96d8": "Phil Dawson",
    "869a70c6417e43adb124bd7ce7ada22e": "Phil Dawson",
    "430d8fb843fe4444be681c9f94e8380d": "Phil Dawson",
    "129f0577fbb84f65b7c8699a308de4a0": "Cleveland Browns",
    "f9b826ab3aa940a0b40b86306f81443b": "Denver",
    "815bad8b366d48cfae202a0adfb276fa": "Phil Dawson",
    "08d398d1116340b5bf95a8318fc4ae7a": "Phil Dawson",
    "13ab8ba6309841f9abc80ab67835d242": "Kyle Orton",
    "6d6575771d67449bb9c6a59165e29317": "Phil Dawson",
    "aa999f096a9442c5bccb375317a05e53": "Matt Bryant",
    "bfef798402364fe9a9b571be318a1629": "DE Kroy Biermann",
    "c183c90aa92c4dbfbf3a25240cfe8dec": "DE Kroy Biermann",
    "5b1fc4fa963f45a6ba33f7a672e980d9": "DE Kroy Biermann",
    "5aee36b431d74107b4d2e28bb9fd26e3": "DE Kroy Biermann",
    "dc53e542a2294d94bc65e4b290812ae2": "DE Kroy Biermann",
    "4f25108f07f546c89ca2e2f2747e04ed": "Adam Vinatieri",
    "56e6ceba5acf4be0848f63348e7c2b7d": "Adam Vinatieri",
    "89b07a9c339843b8b1d2b230839441fb": "Adam Vinatieri",
    "ed78012e0db4484493f1403853147696": "Adam Vinatieri",
    "50d43aeb01334896af54bd67d05528ef": "Adam Vinatieri",
    "449d656348294a54b28bb02ccdc14001": "females",
    "c29bdebd859a4d6499c9bda14ca42006": "72.99 %",
    "2b3355f8a1bd45c3ba125c58a40293cd": "83 main agricultural labourers",
    "1b4d5cd0689b4fe988dcdd2021377ae1": "cultivators , 83 main agricultural labourers",
    "369b12a17d4a4edc9929d091a3f51dc2": "cultivators , 83 main agricultural labourers",
    "5f1694723cf54e70be019ec305c93214": "212",
    "3ddae6610ee34488b28f2a9065848179": "1,206",
    "f879c76fd3404f6e96d7c82855364db2": "1,206",
    "9e4512cc3959423d8abf46c7c3f666ef": "1,206",
    "52d0c268fa994450988ffa048422ccf5": "83",
    "e99c130a03f64c10a8b47b994c084227": "1,206",
    "3ac18117d62147f9b4b2a98421892a83": "1,206",
    "1c9f579dd6ec4362ab2649017d4fd416": "agricultural labourers",
    "0167ec29ebfa457ab1e003fef96d5d75": "agricultural labourers",
    "b3a500bec3714a1b82b05434a4bcf3a9": "cultivators , 83 main agricultural labourers",
    "968f3b6e686a42b88688c5684c9c6cb2": "cultivators , 83 main agricultural labourers",
    "997bba7d1f20489ba9a0c96986ee513d": "agricultural labourers",
    "e019863ca4e54b62bc152b2e54ee86bd": "agricultural labourers",
    "82c4d016af104d4f97a5cefe92687440": "females",
    "1a7c2da5c7ce4c4b969194e48fecda4b": "72.99 %",
    "6fbe34ef26c248f5a19553f65ab87487": "24 marginal cultivators",
    "583bf93eabd34bbb843f4a508a393db3": "+14.5 %",
    "35153238d8ca47cc8f2037bba12b0f5c": "Malays",
    "e4fbd803f8e34757a52091363b7c4305": "Chinese",
    "3f068b3ea5104aed807a6f1b227c9916": "Giants",
    "057e4cebe9b34a5180d3f7edec87e2cb": "Cowboys",
    "587e3639d4804512ab6288ca85994686": "the Italo - Turkish War",
    "7ce2628604b742d3abc7271c264744b4": "The first disembarkation of Italian troops",
    "35a8f0ef94494a22a73eba31697fa0b0": "poor placement of the troops near Tripoli led them to be almost completely encircled by more mobile Arab cavalry , backed by some Turkish regular units",
    "07d24b4ba98d4f4cb831a5d10349f47b": "Giulio Gavotti",
    "8ea3bfe6e4914c1eb498c7bef2964ef2": "over 1,000 Somalis",
    "60624680f7fb4405b58f142d0bfbee03": "The first disembarkation of Italian troops",
    "d4fe4e74754f49558798d9c1815eb12e": "poor placement of the troops near Tripoli",
    "30eefe123e33462392472713910c0f66": "Turks",
    "1608940131b54279a9a8b0046de42e31": "Italian expeditionary corps",
    "a90a13e859f044d9bfa0e5118c9b78ec": "Tobruk , Derna and Khoms were easily conquered , but the same was not true for Benghazi",
    "7c14c84aa2e2482b8bbef7fcc211cf52": "Baltimore",
    "2b46a061f2f0406eae66adcd8d05cfbd": "Baltimore",
    "b766b6d868bf41db936bd8abd4645f51": "Willis McGahee",
    "3516b2df30fc441aac159a3c9c804057": "Eldorado Creek",
    "4cf7723418944d12bb55c0efbf84680a": "$ 600",
    "05f16b9919294a70a877cf300162ce77": "Some of the creeks in the Klondike",
    "8ab37dda7b494837a138c11dee2a0ee1": "Arizona",
    "23f745bf9f9347bc9998c253b6010d18": "13 - 10",
    "ef268614df0e4f89a2ee034bc725acbc": "13 - 10",
    "6ef5053d00ef44dfbf208b4cc71b53c5": "Burmese armies took Ayutthaya in April 1767 after a 14-months ' siege",
    "f4c93cda78ca426bae173123f89192c5": "Burmese armies took Ayutthaya in April 1767 after a 14-months ' siege",
    "6bc5aebb89294e0b944cbaac76668745": "For every 100 females age 18 and over , there were 90.5 males .",
    "82880565d5d74290bfec76d8fe5745ab": "14.2 % who were 65 years of age or older",
    "dffe41a313e24d5dba533e54988a595e": "14.2 %",
    "86f85ae1848b487eb60b0043200e5ef8": "23.5 %",
    "7af2c8f7f6504d218d56487eaf55a37e": "25.9 %",
    "06ad24e9fdb04a55b5060d470483d152": "females",
    "05e3a009a9834f10924c2ce9474dc3c1": "females",
    "505718758060444d8105bdce87ff1031": "25.9 %",
    "720f4a6ebf204ca08b5ef06a369d842d": "23.5 % under the age of 18",
    "c538a89fbfd244c6b8aed7b7fc8a8798": "40 years . For every 100 females",
    "aa9d0d65b26a4d048fc10b7cd4857353": "14.2 % who were 65 years of age or older",
    "c714e37eaf1642f5957562c7c39e8578": "23.5 %",
    "1d8404f97aa3457fa3a555b571c1b36a": "23.5 %",
    "f9292ce7680d41db94ecc962c6571add": "7.8 %",
    "5ee553d37b7c460eaea5ff4998e2a4b5": "7.8 %",
    "12a714ef3cc149b8af7248c38f012727": "25.9 %",
    "74c79289da284febb00bc412294bfbaf": "25.9 %",
    "aea295f33ef34385b94f4e1789a87ed8": "14.2 %",
    "c9da0995b4644677981887c2946da5e8": "females",
    "7448b698681d40f2ab47bb13fe48c7e6": "28.5 %",
    "f71d0be649bd4c3792da8655012ff7fd": "23.5 % under the age of 18",
    "2eced1a3da544051a8d37f37f0f36f8d": "40 years . For every 100 females",
    "afe8accdd196430d98dec2126e848b4f": "14.2 % who were 65 years of age or older",
    "f360ec058674491caa7f14b56de90e2b": "23.5 %",
    "c12ae25076b04bdf83b78cb281a506a3": "females",
    "3a5d091b1d5d4f8e8c578ffa46b67662": "7.8 %",
    "bb91cc41c155413ea1fdb0989a2851f5": "7.8 %",
    "0bb4f92e27474c09974293ce133bba4d": "25.9 %",
    "64210215f1764d18b4888632ed093264": "25.9 %",
    "43d57ced5ab94c9a9369b3a784820ddb": "14.2 %",
    "8286c55caa35481493cfcf837821f70e": "28.5 %",
    "09a38915db514912a93b8ba2aca463f2": "23.5 % under the age of 18",
    "b4abebb98fca4a69b41b0d0ec9d7590f": "23.5 % under the age of 18",
    "509cbe7492e6410b981e0ffa7cad303b": "23.5 % under the age of 18",
    "10846182ac0d40a59a9f1b73ac995833": "14.2 % who were 65 years of age or older",
    "3a135211f4484922bcba38269b8f7b7a": "23.5 %",
    "27fcb60e80484877a618426de7814d9d": "23.5 %",
    "2610ea57f2a249ec96748ab7b5ca8fe1": "40 years . For every 100 females",
    "490ffb14fd924cf484465e41905571cf": "23.5 %",
    "45d50d0792104538bafb3467f088137e": "females",
    "686cfe959490453982ce3040534327c3": "7.8 %",
    "be3f441cbae647508333035709279f79": "7.8 %",
    "b08c28216eb24b13b0d709a973dbf836": "25.9 %",
    "83eb1d488ca94783b7630899a8669612": "25.9 %",
    "a73dd22d1b4940a4bc84cab61ff5aaff": "14.2 %",
    "51913602e01a4ef38170c2c7bc8b9060": "females",
    "aeacc12f870744af812d739688efa9ac": "7.8 %",
    "19b438b210cc4ca6ae5784be090129d1": "7.8 %",
    "21ddcf851e684a43a204f930c0d6dcfd": "25.9 %",
    "bd83a21da1ec4f7dab73e5de235d495c": "25.9 %",
    "53ebdd365c7c4078b4d0770470a370ab": "14.2 %",
    "26e640d591ea47ab861bba383d586d70": "Gen. Minkhaung Nawrahta",
    "052953fe7ca447c59b613b45bf9578d6": "the Burmese achieved was the upper Tenasserim coast",
    "681f11fe7f914eba9b1ea75fcbecda0e": "nominal claim",
    "b4f87be2d51f4d7ea148a2bd058a3d15": "Tavoy",
    "3aaa46dd23e243d49c95e139aaeb416b": "the Mon governor of Tavoy",
    "3018150fb6414f07962b67412c79decd": "the Burmese army left",
    "31f13c434fb9456b982c3dbae68b9552": "revolted until it was put down",
    "17c75ef0146c4f38b0bbbcea4a4dc3cd": "Azov campaigns",
    "8b0c78339c2c43da81f1e997175032aa": "Azov campaigns",
    "c97a4c240c534f80a6beceeb2c4d1fd5": "Russian army",
    "55e0ae9381a842878110918fdde08655": "Azov campaigns",
    "85d318e8c7d247c3b674d0857d43b13c": "Jay Cutler",
    "de2c93a0aa8a4bbea76d481f4d2c2b91": "second failed raid to Matsuura",
    "5bb19784f837477aa876e6bc1bd61d68": "During the second failed raid to Matsuura 13 April 1019",
    "dc35e582e94342e58cf0f6ff5fbbe482": "Toi invasion",
    "48f43072a7934b7abc49adaaa8aac403": "Tsushima",
    "2ea9f1f26209416181d60ad3f2343c55": "The Dazaifu",
    "2598c236c54b40f5bd6206aefd691c0f": "71-yard",
    "6f63b733595c46a9affde7373dce5637": "Green Bay Packers",
    "14425d5595b94c26a29aa20ed5539dc3": "Mason Crosby",
    "848275b4e7104baf983622511388e650": "32-yard field goal in the second quarter . The Broncos kept on top with RB Knowshon Moreno making a 1-yard touchdown run",
    "44f654baa242429abc003e4f144b1ff0": "3-game",
    "2d134bb4cf284eebaa6b2ced1ab0db50": "Pittsburgh",
    "641aa10b6ae14d93bb5a2d655f88a138": "The Ravens",
    "a5d99899081e4586abc74f8fdc120701": "Joe Flacco",
    "a3b7ef8b046e4a4c9f6990c9c3e885a7": "35",
    "6c3dad0b26524b768776a4fdb5c4ea1b": "46-yard",
    "15dec86c954c473887ae4d57d8067a9a": "29 - 10",
    "0984596e08c14295b71e0debe1f25543": "Steelers",
    "f9548923c0d5460995f7596b46b62eff": "Pittsburgh",
    "b6baa3e2f40b4dffa86f68c0facf919d": "Matt Spaeth",
    "e0a66d00091641d68e9f445f7951e68d": "35",
    "d8ced028ac1444618f21bc073b1f52f6": "Matt Spaeth",
    "02cf2a86a0584e4e8e8ce2fd95c1b0b6": "Matt Spaeth",
    "e2c43e56f2b64697ac86d1abf35719b4": "Matt Spaeth",
    "e71f6319bfb3432597fc06d60ec5872f": "2nd",
    "774e5896a3d544d684b3bb4340188038": "2nd",
    "8df444d850b5461580bb06cc4a19e517": "Matt Spaeth",
    "14152781c0c64fe082c3c59014328a25": "2nd",
    "c1a0224c126245dca8d5bf308e53d7e7": "2nd",
    "add60dad1c30461b8f1195f0eb403dfd": "14 - 10 game",
    "30ca8631bd0a426985155d5153e136e9": "died of a stroke",
    "9dc769e764a049088bf758ca8ea44597": "died of a stroke in 1765",
    "5c6bf563e4d44403be366c5bf6bb0065": "Charles III",
    "0ffd3f643f0746b38990e3e02c71ef5d": "his father James",
    "8928b775765e4805923c7ce097e9d89d": "the Stuarts were once again barred from France",
    "8fb19db6d1c7404aa865978ad7495105": "secret visit to London in 1750",
    "35fac772f5b74fc0a4466e2f3c5705e7": "James",
    "dcf8bc908b3c4654927eb0f9a992c6f8": "James",
    "f989d9a3ca754050992a130e4f032b39": "Rome",
    "f66e52ef624d464e8cbfcde4aeda7781": "Jason Elam",
    "a4494195d07e4098b3b328545e62a90b": "40-yard",
    "744c79127d4c4b16a401914ea5dd5cd3": "86 yards",
    "ece4e2e7bf874e0a8ec1aa67c75639dd": "The Chiefs",
    "a415d387432b4c1d9aa7d60e8640e155": "Tampa Bay Buccaneers",
    "cf9520ce4ace4a75b0912d757d3b2d13": "Tampa Bay Buccaneers",
    "cfce5ab5ea5346b2b3c52075f4360cf1": "Tampa Bay Buccaneers",
    "c1fdd0eca7a049a3a5cdeb5f78a25bfd": "first",
    "5f6a19bb6ca14969bb634ab7e8f9e20f": "1977",
    "35bacb70dc2c4bf688c4d9348742d55d": "Byron Leftwich",
    "d02937f45a4a4764881b637dfe861d4a": "Trent Edwards",
    "fbc0604c6d43491b82695e2bc4e884e7": "Byron Leftwich",
    "7da69c1fd3c94f708a8b6241af8af72f": "Trent Edwards",
    "f978e741d9d549e2af26f5c0387cfdb0": "Trent Edwards",
    "2b8b21cf646c4e0a8636bf327e5f8eb8": "Terrell Owens",
    "a0338d532d2040ceb0cb530a943af6ea": "Byron Leftwich",
    "029bee3f984d4582a3236d5f93c0b560": "Terrell Owens",
    "3e29879714864100a361c75b35f9d06d": "Terrell Owens",
    "b27cdbf6ef8c46e9aeb54d50bcba37e0": "Byron Leftwich",
    "eef827f3846a490db2a73b22f72e47d7": "May 1911",
    "ec099f2b3eea4b5db4a78b62b92ef024": "Madero",
    "8310254dfbc841ed98e6a0f4061aed46": "Earnest Byner",
    "51968878a784467aa36237f9d228dfe7": "Streltsy and their family members",
    "831dd7a663204273ba11412760508c14": "Streltsy and their family members were removed from Moscow",
    "9ea5924e565b4e11ab9388cc1b0500b4": "20,000 to 30,000",
    "07c18e2ece424225a7a31785d924ec16": "southern Tenasserim , crossing the Tenasserim range at Chumphon and Phetburi",
    "9e2b6b7d4a4a4563a3439fe2171014e7": "Kanchanaburi",
    "b64a9ca5ee0a44979d2c73e5f1f2b779": "Maha Nawrahta",
    "91a002e3e90141f18b336217383e9516": "Myitta Pass",
    "b6b4f987b88948799c5eeb1ef3a205e7": "Lucas Oil Stadium",
    "9a8e0761c5864e888d8c3be48b7b392a": "Terrell Owens",
    "2d735f7e630145ebbddccd12e7d66769": "silk",
    "d84174a40254419c9952863a8d8c7d84": "The Treaty of Nasuh Pasha",
    "2e2dc345d96f4491978ba64934dd8449": "Nasuh Pasha",
    "c4089cab88514541a27b7c35969d315c": "Nasuh Pasha",
    "e9ab0cd8bbf64ac3b2a621db3ebb7083": "0 - 2",
    "f750b3daa8c34dd8950c2cfbf4eb78b2": "Matt Prater",
    "5283cea099134876a25d099ae2602d28": "Theo Riddick",
    "8fe82a8e54904b69913177f3cf4bd319": "Theo Riddick",
    "c1fc0d8eda40406b9b1eade8f5324f66": "Olindo Mare",
    "67efb9fb6ae34a22acd0b7c4ab0c4997": "Olindo Mare",
    "7d887b9c88754468b2254ac21556a847": "Carolina",
    "293d32df29164abaaaab0f89a535a1eb": "John Kasay",
    "5b5beef49c3e4949a81b1655d3532ecb": "45-yard",
    "cf48546d5a474e24a7d8a758f6150f8d": "Olindo Mare",
    "c75ee1d1377f4fa6a3431e5e07253839": "John Kasay",
    "4fea5811960e4b91b281c2452b1d8c4c": "Drew Brees completed a 1-yard TD pass to WR Lance Moore , along with kicker Olindo Mare",
    "2002371668e449f4a33653c6d220ebd1": "John Kasay",
    "91b24953ffff407da5cdb848c350ba64": "western Red Guards",
    "90f29879aaf44ccf9fd559d8a9261694": "the Mustankallio graveyard in Salpausselk\u00e4",
    "6c0f2494b8d2429ba74129d0f5d1dd3e": "Reds and 80 German",
    "16dc6483acd54aa5868801a37f64e5c3": "190 civilians were killed by Soviet partisans",
    "0ec52eff14634e389e1582285020174f": "Germany suffered approximately 84,000 casualties in the Finnish front , 16,400 killed , 60,400 wounded and 6,800 missing",
    "d807aade58fa49cc8d7da5fcf644d3e6": "Germany nor Japan",
    "d235e83d03924d19861dbc3c265c00ca": "Western Allies",
    "a93dc98ed2e14e5e8cb0ee32fc777ea2": "Western Allies",
    "cb6bacfd67f04b1c98d4dcd4fbd54749": "European Axis powers",
    "f414c4c4337c408093f1c3a249bed60e": "328 yards and five touchdowns",
    "a4462161fdc64a7e9991ef5e3b724211": "Derek Anderson",
    "468efda790f54251b9301a41255d6168": "Derek Anderson",
    "8ad054fa7b9c4d10b97c8a0d423e889b": "Derek Anderson",
    "1c2ecf56a472497781b5d4bea923549f": "Derek Anderson",
    "720f69b921354eeebe0e8112d15efa61": "Derek Anderson",
    "34961a13a9d245498828ce933aa6de33": "Derek Anderson",
    "7c965504ba4841eea08e23c05ba56c99": "Derek Anderson",
    "ab527d435ddf4e748806ea3a9efa8d39": "Derek Anderson",
    "d4b87bef611647e990c8f4c3b794ce70": "Derek Anderson",
    "d407d920754042bfa81c23107c3bd543": "Derek Anderson",
    "a4a7f8fbdee446c5a595d3d079223cca": "nearly 54 % were women",
    "4e252a80556841f3a98da241e0fe86d4": "women accounting for 52.7 % of undergraduates and 46.2 % of graduate and professional students",
    "2856302bedd4413b825e7e05bc3095c9": "treaty",
    "a6b8b10eb3074a1ea0c987c72788aad8": "275 Sobieski",
    "c32442736dc646b9958b51936123a8db": "Treaty of \u017burawno",
    "e01904c98fd84b3d84808b0b142a5215": "offensive",
    "792a16dd62ee4855a6964d30a9747001": "Ibrahim Pasha",
    "8e7355801dd84f639a8fbe58a1621ac6": "Sejm again refused to raise taxes and pay the army , resulting in mass desertions of unpaid soldiery",
    "cc2c67865317476b9cd8d35c45ea0350": "the Treaty of \u017burawno",
    "3b73ee7989ba45d5a973af926cdb7ff4": "hetman Micha\u0142 Kazimierz Pac",
    "4e661b5e64b04eec8d503f68c6a84fc5": "\u017burawno , by 100,000 men under Ibrahim Pasha , a new peace treaty was signed , the Treaty of \u017burawno",
    "aaf79b653f0a47cf980820e323cf38eb": "Blaine Gabbert",
    "a8c229524f1148d8b581de1d6272627c": "Bears",
    "fa344f2838ec4a6ba25d109fba958e76": "20",
    "5dde4a6c1ec248b7a5945182d106dcc6": "Torrey Smith",
    "b36967955a00458a8361df08b3823676": "Torrey Smith",
    "c1ed90ae59e749d49930d386fa2fbec8": "Blaine Gabbert",
    "6f87fd43376c4ac9816e1e8b604d813c": "20 - 13",
    "5ffa1a8b451a4dc8a928922363f89c23": "20",
    "d1c71fcf0a2844808e161273169326fb": "Blaine Gabbert",
    "c5c98ca6544c46eab8027a9cff9b8fd2": "Marshawn Lynch",
    "ef91bfed485a4426814787650f406f0c": "Seattle",
    "4a8b557e4edd4e3ba26e89810473b0c0": "Marshawn Lynch",
    "d5c6af687e8248c2b901738425ab6dff": "Brian Moorman ) instead threw a 19-yard TD pass to DE Ryan Denney",
    "f28f558cc087473f974e61ce58e39cd4": "Olindo Mare",
    "5921f17bd67a4e5b9a48590b915ff6c7": "Buffalo Bills",
    "2e41cfb717454cbab5e9932bd9a18410": "Seahawks",
    "3a46f2b815664919afa03ac76cdf4b96": "Roscoe Parrish",
    "a32111828d5c4e33a513485b3e0bc65b": "Olindo Mare",
    "10fcc52bad7848bbbf7dfd9b0b19ebf4": "Marshawn Lynch got a 21-yard TD run . In the second quarter , the Seahawks continued to struggle as WR / PR Roscoe Parrish",
    "e52aead6996246f8a04e7fd50fcf44e1": "second quarter",
    "6dff54d9ad45499aad74d8cc77f180f1": "Olindo Mare",
    "af3ce584267e43d78545817cd96daf6e": "Olindo Mare",
    "773c58511ff74b1f83d68a4ed6a883c4": "Jason Myers",
    "7cd8671795b44d4e8587ab078bfa8bb9": "Tavon Wilson",
    "a5215786000f40f087df61c343cd799a": "Jason Myers",
    "7d2024c5df764399b46e0af4f05ed8ed": "Rafael Bush",
    "43cad2fd4d8d406a947e7a4bb0a82072": "Eric Ebron",
    "cdeaf68781f8400bbdb9299e022f7b7b": "the Bengals",
    "e8e0ac0abbc8482781262e2b9ede188e": "Steelers",
    "68c8d736cdb9446ca4f3997ec490a324": "Boswell",
    "77da892a8df046e0811c3865b3f4d450": "Randy Bullock",
    "643efcd2148f49169275e1b7c1ef8dfd": "Yoshitoshi",
    "0f9ec7c5d4704e8bbe8282da2e55299b": "normalize relations",
    "fe6b6c058ac345c58909400fe6d9f86f": "Singapore",
    "366b666526bf44c5b0b0e70cce5635b6": "Southeast Asian Games of 2015 was announced in 2011 during the 26th Southeast Asian Games",
    "858c2abea27a4b9d8bb840aa1b560d2d": "costs associated with the construction of the new Singapore Sports Hub",
    "0ec6ebe50d7444dfac96ef012029ba2f": "Arnaz Battle",
    "4eb15fb8550a45e083029cd843751c80": "Amani Toomer",
    "8b12f3f254fc4c42b91af4170705b6a9": "Amani Toomer",
    "7f86ad4f24754091abd724e6413a0262": "Giants",
    "026c32228ac84918be6177d90a7b8e71": "Giants to 2 - 0 . The Giants",
    "bffe77b5f33f4d04930383726aa408c3": "Foles",
    "b63aabd816c1469497174d99594c0843": "1920\u201321",
    "3617af679cf140d9921d76116fec5e19": "2\u00bd months",
    "a28ce39691f8457681790bcaa6e629d9": "131.7 % gain , from 107.23 points",
    "07eb3cb299624b9c8e57bac8156f911d": "United States",
    "ea90c1bf27f443d4ab718141d2bbde2e": "Japan",
    "d71c9b5bd9164657854ba9bfdcbedafc": "United States",
    "4877bb015504409eb333bde028b7843b": "Japan",
    "4969606c92d04c06a2d337c81a2d7900": "France",
    "67df464f219941e5a16fc2eba33b2548": "transit",
    "8d541a4e5336480f92fc86d5e0d58576": "78.5 %",
    "eae8eee6fc5141838188f471853025cc": "carpooling",
    "8b22a7b97e45481ca033c88da6a29a0e": "carpooling",
    "2f624327fa314804b8a24b8a869f8a27": "transit",
    "6fb42678cc784a45869962768a53fa65": "transit",
    "749c1ceadfa1498fa788fd77675bd186": "10.7 %",
    "babdc1129c85428d91c52fcd3bcaf155": "10.7 %",
    "1e8a76dcd7d3425ab04e66d131310f62": "10.7 %",
    "9c28716bcf474265b008307dd28cc249": "cycling",
    "98bea5339d1049cbba82f6e3d55c595c": "3.9 %",
    "8b2659f07f8e46d99a9f953d60fb60f3": "Jaguars",
    "41786ccca35e4b35b6494eaf6a68e152": "Jones - Drew",
    "f6e58ed09b6d46e893b6a42de8737da7": "Maurice Jones - Drew",
    "0e38d01ad03545efadfe8384561af6f0": "the Jaguars",
    "09b93fd7af514bb69076ced72ae7921b": "Maurice Jones - Drew",
    "450a9f1b44ce475bb815b47899a2fb84": "Hispanic or Latino origin",
    "9d2987b012404b60939e10a72c4a0336": "Hispanic or Latino origin",
    "91618a70ba824de79d94d0c2d0303fd1": "Those of Hispanic or Latino origin",
    "f198c8cdb7bb4b4a96891439e80f0748": "6.3 %",
    "9ad8d6da0fde4034b80f22a8e617e55d": "9.1 %",
    "9f2f9aaea7f044ec8f57897fbfb6b352": "9.1 %",
    "e55d93e3bb7f490b90045710ad6fddf1": "6.3 %",
    "049ee836f80d4a369ca5f2c1c82aed94": "6.3 %",
    "2b4e3a663b6149bd949f0331425a1e91": "Americans",
    "6a2775fa8c564193afa9d86b22947bd6": "Americans",
    "9b4b8934bf1a440aa312189fb857bde3": "467,916",
    "11c131644adf4b7d82f031f1a7ef34b9": "10.5 %",
    "bbf11a733bc0450f8a624b90c909cb51": "0.7 % Pacific islander",
    "079e97faf8284bf08b35bfcfc20d90f3": "10.5 % black or African American",
    "690c3bbf0efe414e856cdd4c0e4ec4df": "8.7 %",
    "634ca6e28e924c278e5991269866b727": "0.7 % American Indian",
    "23f949b78cb04b9c9ac190d8d1d43509": "8.7 %",
    "91e98c2b2f104b92b9b7ce42d175ae48": "10.5 % black or African American",
    "50b462fd9f8b4dab9cbc6cc43776085e": "5.1 %",
    "34bac52e4cc04bfba76b8ea7fd48f735": "9.1 %",
    "81b5b882aff34be3951c66979cc28855": "6.3 % were Italians",
    "28bdfb60745348aba787db1ade8786e5": "10.5 %",
    "5163cf75b3bd4b86a107376790c100bb": "10.5 %",
    "d42411996f2745329eb2fe1a28c8f433": "5.1 %",
    "bedb09896e9347d3ad06a71e7a9f99c4": "5.1 %",
    "58745c4024664023b681be3dcd32d5b3": "Americans",
    "9552fa2529084401a10c4942a0f3b6ba": "Americans",
    "705a7b786e0247408340e482a51ad4bf": "Hispanic or Latino origin",
    "e582bfed3ba0454fb0699ff4ef659859": "Germans",
    "587bff7ce3984ff8942097a81d664d70": "10.5 %",
    "eea63a8fd14c49bd9987495a5b5f1e01": "10.5 %",
    "72a1562a2c474cf0b772c70e79245fd7": "0.7 % American Indian",
    "911fcc67815a46e4b4b5e84626cb66d6": "0.7 % American Indian",
    "25ce7e4b11cb4a548d1fbb59b9a5714e": "English",
    "07a4076315c24a2aa9edbb369901864c": "English",
    "7aeb7cc5aa8948079cfffaecca69b0d5": "38 - 7",
    "5a4ba7f0a8cc4b289b07610e12d9377a": "18 yards",
    "7781157cbc7546b0919a1305267e9110": "Vikings",
    "37a47a1490294076934aa151446af91e": "Vikings ' offense failed to score",
    "785c9d2df240475391330ab2110c4368": "Charles Woodson",
    "35435a1ad31342e9916c46f9b7aad86d": "Derek Carr",
    "dd4effaec1c0443ebf888ae7eb782193": "Derek Carr",
    "e9cd8919ba7c4737ab1322728419b668": "Philip Rivers",
    "e5852465bef2457f982e24c09fa2eb97": "40-yard field goal",
    "1d330272ba9d4bb28f9eaf7eaa047f89": "Mike Tolbert",
    "5030d8043f4b4fbd870234a55cfa1afd": "a touchdown pass to Davante Adams",
    "0cc54332bbdd48399f0aa97059910e66": "Cleveland Browns",
    "e69d2f0dbe4d4683905dc2109fa83192": "Jacobites",
    "1df986f79de943f39b2e6765f7e4e221": "Patrick Sarsfield",
    "ff5a841968c24348b282c3ee9d7f9be4": "Flight of the Wild Geese",
    "290c589b747548b1bc162b81a3791294": "Green Bay",
    "6c54db526446455fb7b7c0565f49e9e5": "David Akers",
    "3ef83467edf04b5f86649444fad01129": "Mason Crosby",
    "5b7e29f5a87f4d4685059d987424fc2d": "Justin Harrell",
    "48e6a58a6f3d4685992aa90f53a71880": "Bathory",
    "7da371b8aa1f4e08bc0cc65674df09d2": "Stephen B\u00e1thory",
    "21c3bcfcfd0b4f49b0663f8325b852a9": "Maximilian 's II death in fall of 1576",
    "53d0aeb3b88d47b3a0195033bb3682d9": "szlachta",
    "e181383c23164cd1bd39734e9e2864e8": "1727",
    "d40dd232e1234469ae595fcf4075591b": "applied only to the Penobscots",
    "1b9c9e5278e042438e095a1633a9f947": "negotiations in March",
    "c196c72307ae4aefb957ee0c2b5d2cc2": "succeeding in capturing Malacca",
    "b22200e6d4ef406ea969d3699ef8f98c": "Albuquerque",
    "95992303b5494dc5bf905409f7d55f31": "Albuquerque",
    "67c0ef712d05495f90fafabb525677d9": "French",
    "ee59fdc90e204ca493fe41e83d9caee7": "20 salt tax collectors",
    "1fe7cd5fa2484dc7bfe1dffe3a0acb94": "1,401 people were sentenced to death",
    "36ad8bcf8fb24a619308d80213925a97": "salt",
    "4a3205c138944bacac6066fbad922cea": "revolt of the pitauds",
    "88585b51e79c4a4b9dccbabeb4f8e1d7": "Kyle Boller",
    "e82d95b5a12646889e4880419ee04142": "Kyle Boller",
    "eef9a2ead78b40068629e4da4082352b": "Kellen Clemens",
    "ab20e50d056149ab9c0e678ed6fd4ffe": "50-yard",
    "9e2d414648d2409c94bd78513db12c60": "fourth",
    "f8f26ed6832549b5bd64f7d365aacc62": "Kyle Boller",
    "2761997dc4d641faadf24fea5afd5065": "Willis McGahee",
    "43c1721413404ff189dc73ad14542c4d": "Willis McGahee",
    "d1f41867550541ab93207d4f1af4afe6": "St. Louis",
    "c25e38bdd17e4a63a3e75e1fe6a33d8a": "St. Louis",
    "a0ba387bde45499da82d94b84d391414": "Jacoby Jones",
    "32fd0398701b4a048c4f11b68814c5d8": "Matt Schaub",
    "05b667544b0746c385efb355d704e3bb": "Department of Health and Human Services",
    "c79a0677e1a64e8db07b59a99432679e": "Department of Defense",
    "952118b684e9463896ceb6186e95fae0": "153",
    "1475822ad3d145d8baec55139306b906": "23 - 20",
    "93461694c731454e8c88175919342dc7": "Jason Hanson",
    "d4eb00e461b1463aa8f5247f9090ddb1": "Jason Hanson",
    "c319e8e4f5a5465589c9569c0c4e9bf5": "Kevin Smith",
    "684a03e1ecd447539fd6c4cc9f2ca78c": "Jason Hanson",
    "7a340f4b5ec54a87a2f0308b5144d891": "The Rams",
    "c9d20c246bce42178025926ef1909c10": "Jason Hanson",
    "d34218601e8246db939372819aa35089": "Greg Zuerlein",
    "8951abb8b2904c1e8b450a08385e71f4": "the 1707 Act of Union",
    "a44f8f368a974872bc824b8cc7bd7a99": "1707 Act of Union",
    "50e94464c3d84b06978c560c6885809b": "Mary II",
    "d4ae5291ba334c48ae8cab1c975443b4": "ensured a Protestant successor by excluding Catholics from the English and Irish thrones , and that of Great Britain after the 1707 Act of Union",
    "6d8dfcc8889a46b6832627160ddff27b": "Sophia",
    "9faab3732b95483f99abb25e0435a13b": "Sophia died",
    "422aaffc191545f18e26d148679cb4e2": "the 1701",
    "2e5104bb15dc4fe69f12b67341ba422c": "the 1701 Act of Settlement",
    "e760b711f3c345919742a35913e4a1dc": "Peasant revolt in Flanders 1323 - 1328 was a popular revolt in late medieval Europe",
    "c7968242b8af441786a4670c94db07ea": "Philip VI",
    "39ec7c0b3f96475caeb86998e217c2c7": "peasant insurrection",
    "7bf4f893f6214a7d86d908629170a9df": "Peace of Arques was sealed",
    "58b44d1e19e047718730b5fadbfc758d": "the Peace of Arques was sealed",
    "d65a7f4e990942bc94649c4afb828527": "peasant insurrection",
    "8a179f2835c44e95ad3a268fe3f58e2a": "Seattle",
    "7851da158ccd46638bf683dfcc8c0303": "49ers",
    "720b57de30cb48fab696b725ac4d8b11": "Quinton Patton",
    "c7a0bb7fa44643e28a5d7c51421603b0": "Quinton Patton",
    "0cda8338aa82406ab223ee9ffd3b90af": "Minnesota Vikings",
    "14bb3e581a734ca8980e7a5e6b9a2ef8": "first",
    "50d9ababdf7c40bea93d3f97c2014b27": "Tony Romo",
    "11e429b70b6744b991b2145ca1e146af": "Minnesota Vikings",
    "7f4641a118ba433d9d337a34c196aff4": "Ben Leber",
    "e95767282b574fa2847851e7ec037430": "45 yards",
    "13f366a66f5d445da0c1be300d5aa8b8": "Ravens",
    "c641ec33bb1e447e9a2cc9f7db9de76b": "Le'Veon Bell",
    "49c650d1a89e49e087db411822555c55": "Steelers",
    "e0eec02215da4e6f862c2e483ce351e7": "Steelers",
    "e4e28b3255c44df58e03d22749de8e89": "Torrey Smith",
    "9dae31fdb1b04e2992de106ab40c14a5": "Jay Feely",
    "763d8c89366c4f69bb80d01e68a918b2": "Cardinals",
    "72a78204e2e84a9ba433b86b383da79f": "1 and a 3-yard TD run",
    "3fbc0b49054a40318e84bf46e2eb6f0c": "1 and a 3-yard TD run",
    "aac24ad519b4424cb49cbff8ad5e136e": "36-yard",
    "0dab8adc566644f0b087274d6a937f5f": "38",
    "1b87a8f2bdbe4dc8aef0a40719d6ee0e": "Jay Feely",
    "7460c61c0a52463baf189bb4d669dce7": "Jay Feely",
    "c56a582356a84339b5f633aea567469d": "his son Qinzong",
    "4565e7e3cac7407e96c5d6dbf16b7290": "second",
    "1e674438a5594c1d8e58573e24761d30": "the death of Huizong in 1135",
    "ff7a3dc9a5be4f929f8ec6f34e0b6fc0": "The Jin assault commenced in mid December 1126",
    "101733e0e145410c90642f492d61ad10": "prefectural cities",
    "4cc792524ae9476bae7662523a9cd8b4": "The royal treasury",
    "e1e7bae4b41646b9b143afcaad17a743": "Jay Cutler competed a 33-yard touchdown pass to tight end Greg Olsen",
    "3e15e46e0d404890bd65e7b44e1ddedc": "Jay Cutler",
    "56e2582d142c4e01bdac80b2c5da28f4": "Jay Cutler competed a 33-yard touchdown pass to tight end Greg Olsen",
    "8873db9609084b23aec6d2455bb9c489": "Steve Breaston",
    "3c2bd7a0f7884de7abbe53e02fd47e25": "Kurt Warner",
    "9949f2a35aee423da6b9885da7f17f55": "Jay Cutler",
    "e5823fc4e6ec49408498324e2866798c": "Jay Cutler",
    "1f73ec5b85134847bb66968708a13c9b": "Jay Cutler",
    "9dec95be50fb4ae691705b46025572a9": "decree in 1812",
    "d350a1bc72e846849c35743a88e1f073": "Reche Caldwell",
    "898772bf5ee74d4499b61e788586e569": "Minnesota Vikings",
    "337e357c9aa64da18ae0264f71b57dc7": "Brad Johnson",
    "ad984f88fbbf475f8a018efe23eb5bdc": "Fred Davis",
    "f5dbe84c6fcf4785a75e1fbcdda70880": "general strike",
    "a4e03fcaca814529ad2e0d1423e1aa44": "over 400,000",
    "652107eec63f48eaa39312df13e4546b": "general strike",
    "b267559751d14e43b450d789b30ceb4a": "Poland and Lithuania",
    "775577298b8a4cee9d966a750a1fbc2f": "Treaty of Alc\u00e1\u00e7ovaz",
    "964bbcce6df648b28d47226f587f19ab": "Fall of Granada",
    "db88dd61c7dc47aeb43b49228a44bf17": "Conquest of Melilla occurred in September 1497 , when a fleet sent by the Duke of Medina Sidonia seized the north African city of Melilla",
    "17a860f53e894ccdb083207306b2fb9c": "Granada",
    "73a38c6cd120451a87e9b982bd4b35b7": "Treaty of Alc\u00e1\u00e7ovaz",
    "f7fdff8d6b754746b3fa23066543502b": "Treaty of Alc\u00e1\u00e7ovaz",
    "580237da28644765a3f8d02b70dd9377": "Treaty of Alc\u00e1\u00e7ovaz",
    "1293ffd77b404b75bce1adca2f9cc8d5": "Chiefs",
    "27ba9e7db4c34a0eb5b93715fcb3e05f": "Cairo Santos",
    "0ff88a8a1e2a4e2e86ef786fdf5a2a3e": "Cairo Santos",
    "85e42e2f0b82430fbfd68389c442a493": "Cairo Santos",
    "1f8f9f28f8ff4462aeaff5d2be1cd536": "Cairo Santos",
    "619c35d38c9e41fe90d03424987ae5d5": "high death toll",
    "bc100628f11d4550b20c45ba29b43834": "John II Casimir",
    "eb57340f0c894f85baf505768e83a6a8": "John II Casimir stormed \u0141\u0119czyca in Greater Poland",
    "8db42ee3452447cfa7ca77de355648e7": "John II Casimir stormed \u0141\u0119czyca in Greater Poland",
    "3c41138dc24a4d38b6d434b0ab9404d9": "defeated by Swedish forces in the Battle of Filip\u00f3w and turned to Lithuania",
    "4880df0c1682480492719e1e523a4a2e": "Physical Therapist Assistants and Aides",
    "a44b95132b4e4f64a71348104000dca9": "American Physical Therapy Association",
    "885d47dfcf7147529f195a8105a63650": "American Physical Therapy Association",
    "8bdae7d49ff44593bfaa09b3f7639c8d": "Broncos",
    "d9c6506a1927463b8fdafd31a7fb78e5": "the fourth quarter",
    "2e81f085d89645e5ab1495b4317f4b35": "Kansas City Chiefs",
    "e0f7ec133071425e9d2d6ce3b4f7da19": "the Broncos",
    "6d2d33a8fa09427580d1b59ce6c7bd6e": "Peyton Manning",
    "49668db12f00456da9c7fd7bd7d0c0ec": "Kansas City Chiefs",
    "f43bfe7167f94ec88f9e9794a2531cfd": "Broncos",
    "8c83817ae05d48a0a1fc4f8aa467da0f": "Broncos",
    "d87a9434576c41cbad8cd7f5e00e0ee2": "Peyton Manning",
    "168640dad3414297aeb669f586ba0c65": "DeMarcus Ware",
    "b3d5213c00324e30879899879485029b": "DeMarcus Ware",
    "a13789a679e14e9a9b1158cd3c8b49df": "Connor Barth",
    "ea11ad9e82014f10a9421dd8a6dd38f4": "Connor Barth",
    "611836d520d744b29c101f25f5eef199": "Cairo Santos",
    "35b0a1bb22cd4c80b817b665e32cee90": "T. J. Ward",
    "9826a7a91d3741bdbd26df2ccd387954": "Peyton Manning",
    "544890c1d91d44ca940b79fce865828c": "Cairo Santos",
    "b5730e792d564a70bd65215e1d3604db": "Atahualpa",
    "da607e26ec014320bef3aca0351f6528": "Forensic evidence suggests that the natives were killed by European weapons , probably during the uprising in 1536",
    "1a94dd5c414740e9b154a1fbd24dca25": "Denver Broncos",
    "d273c04983ee4ce1ae5bb16bb5cf854d": "Matt Stover",
    "6eaa376b96104e5986544e8a85246f82": "Seattle Seahawks",
    "cf83b25dc93b4cf69a76c64b566ea12e": "50-yard field goal by Nick Novak",
    "4721d2105d6942c199bcd37c82300d2d": "LeGarrette Blount",
    "e1084633a29d485188605bcc1b0f9a76": "\u20ac 1,200",
    "bd743584abf546c4964a9459785af886": "Alex Smith",
    "e2686c03880b4b07b2e02ce5045bb317": "Randy Moss",
    "eac1d1bcc064483e83abeae92b53cca5": "33-yard",
    "a14e125a2eae4355969bf79a4e761ceb": "33-yard",
    "89b50934cb114a5f901a5201d92b8252": "Sebastian Janikowski . Janikowski then converted a 36 yarder early in the second quarter . Randy Moss",
    "7d6cd6a978bb4ea48adf98bd528393ce": "Alshon Jeffery",
    "c8c21464c7f949d4b9a79a4985ab0247": "Jordan Reed",
    "4e3db65bcaae450784e8bc1aa85f57d7": "Jordan Reed",
    "4d34af073cae4262b9d9f5831fb481df": "Jordan Reed",
    "2d7e8707ee9d4a10863a17cd6ac1a0e2": "Andrew Hawkins",
    "70a67f669d3443269214e4cf7f501b12": "John Flamsteed",
    "fbfd70dc4f2842bdb5aa49b4f4ed24f6": "750 times the luminosity",
    "e4cdffa965154df6bd810145b013bd3d": "13 times the diameter",
    "9515a3b4dbf8474a9fd940f5a6a2d682": "30 - 27",
    "21e4dba4f2bd46cdb5f18e24128d0973": "Philip Rivers",
    "000f16146ace48a98aa4985355c404ea": "16 - 13",
    "77efc3bef670429db669b8da2b7aca0d": "3rd",
    "5aef088eba824d23ae4de934fa2ac30a": "offside",
    "2f314d8c72504d8eb17a35c1d67f7f59": "Philip Rivers",
    "fb4bcb68d0f14f31acfd302a822654df": "44 - 34",
    "1214ebf708d9402c9773cab0d16ca83f": "Andrew Luck threw a 21-yard TD pass to Dwayne Allen",
    "b1fb523b608646ba9e2bb304526a04b5": "Adam Vinatieri",
    "32146c23df944e1986e43d47fd19c44b": "Adam Vinatieri",
    "c0ae781c9fcd43caa2deacd78881ee0e": "Heath Miller",
    "4043d02c1db248d3b59b80f8b3ed980d": "Heath Miller",
    "a8348ec700234cb6bc417d09a38326d3": "4th quarter",
    "caa2cee807b64d9ba0f2f56504a97ca9": "the Colts",
    "6ca2180d0dd943038fc82447ddaf6f99": "Colts",
    "5be1f623845c499291ed2822ae1fd4b2": "Steelers",
    "0ad16ab52f68472a89b62233defd0cef": "Colts",
    "fecea370b29e4955bc02dd4ff5123ea1": "African American",
    "3469144b8f8d4f71b6ac5f1bc45e5c98": "African American ( U.S. Census ) , 1,523 ( 0.6 % ) Native American",
    "19aadd3286964e128ddd0620dedbab28": "two or more races",
    "10541ab00c3a4286a760002e13bdfba1": "two or more races",
    "ec6a90d7497e43aaab7bad8f2d9d9812": "African American ( U.S. Census ) , 1,523 ( 0.6 % ) Native American",
    "ff00603fd6d24b53ba650fd04db2fe5f": "Native American",
    "a3db442d63f64cf09836cfa503778c99": "African American",
    "93f28210e805497a9f14ea4a745211ba": "African American ( U.S. Census ) , 1,523 ( 0.6 % ) Native American",
    "c5a40b261d6d4e71b13451ede42f5f13": "two or more races",
    "f6dc32cd58a14b17bf24b01606b59c21": "two or more races",
    "5ae06cbffba842b28995cc332ce173b2": "African American",
    "77d2b2f2ad1d4d3ba03969e5cd123267": "African American ( U.S. Census ) , 1,523 ( 0.6 % ) Native American",
    "88657dbd1c11494584ca892bae9da3a9": "Native American",
    "bfc7c13327c44e0ca3e60e962bb30bb5": "African American",
    "268cc10747084ace9a9e5ad4d1225e59": "two or more races",
    "a999e579e0c54c5fb422a94954febf06": "two or more races",
    "5468ed8c7e17484e8231ead8d9df633e": "African American",
    "7e33517932d14c15a75ceca97459d1d4": "African American ( U.S. Census ) , 1,523 ( 0.6 % ) Native American",
    "cea5c0b89ea746739bda7c611dfb3ce7": "two or more races",
    "f21e33167cb847afa3e2c80a61d6ab97": "two or more races",
    "542511cd6fac4c4e8c90eb6b84289fc8": "African American ( U.S. Census ) , 1,523 ( 0.6 % ) Native American",
    "b48f8db8438a4c6cad926e4794b7d915": "African American",
    "1a17a7e7344b4f929ae2f8bb0b4488af": "Hispanic ( U.S. Census ) or Latino",
    "9d448a3c4eb441fbbecd0b93b40f3870": "20 - 10 win",
    "fbb52c1bec0f44eb8f5d82fb736b9a11": "Dave Rayner",
    "ace999ba0d074b44bba51b099d102498": "Damon Huard",
    "4e3aa628d4f64006a223ebadf13ae8d1": "17 - 7",
    "c5f0d6150f034c1c9585146ea42fac3f": "17 - 7 ) Q3 - CHI - 8:36 - Robbie Gould 38-yard FG",
    "5d8527d26e16491b84a05b474d55c485": "Damon Huard",
    "97e28ac8884d48c29deb3774d3add5f4": "Philadelphia",
    "bcf93614913a491c8cb357443c8eacd6": "Tom Coughlin",
    "c975671a71ec474ca12306a9f4fa5bb5": "Vikings",
    "b67bb16d394f4222b2b6e3035a48c2b8": "Washington beating Philadelphia",
    "78349f3ab5b74e6fa815cf1a5db43529": "Diamond",
    "5892f9033bb64907a389cfe75d32f06e": "Germany",
    "09f03ef080824d48b242afefda504b51": "Anthony McPartlin OBE and Declan Donnelly OBE",
    "0dd649e4a0d84652952e759dd903601b": "Anthony McPartlin OBE and Declan Donnelly OBE",
    "d52bd3f6770b478f89a5090e88a1cc82": "Alien Autopsy",
    "a2ec76a6a75a49f0b7ae407f4a3f90cd": "Declan Donnelly",
    "3684ad1453f842de9973e32a3e36143f": "Ant & Dec",
    "fa19dd9a8d80430ba94ee9dc516afbc3": "Anthony McPartlin OBE and Declan Donnelly OBE",
    "3e3da066e3e54eac8344cd8f41efd956": "Anthony McPartlin OBE and Declan Donnelly OBE",
    "cb201d25d83a422fa1bfc031e3585e6d": "Byker Grove",
    "50b90c19f3c4439e847dae362ea7ea1d": "Alien Autopsy",
    "82fe2e4f904c4df1a947ffd8b164451a": "England",
    "9f7daa9ddb454a2586fa21bcf6899388": "Browns",
    "1d97d4f6b25f4f218306c993deecb215": "Colts",
    "e3c8e78590f54e1c98e31d395d2a35b2": "2nd",
    "6a7679863338417f9c3bad1be9b28700": "Andrew Luck",
    "0ff4e486433d4797b807f7d0a48578f1": "Brandon Weeden",
    "f644ed5fad4f4a65a098fbf5647b30b4": "Josh Gordon",
    "06a76be2e73e421dbc91b17033c92e0f": "The crusaders",
    "99d370ffa92f412da6d1e733bd5ce8a7": "Ottoman Turks",
    "046c0a04aa964ca2a59c3ee813937ed3": "Kurt Warner",
    "cdebc72ba9774f0f994afcc960551e5a": "38-yard",
    "f0f0a7d6a5b04b17ac81c6de8ae36589": "Giants",
    "e500d81c4f6f42768a3933409e521a49": "Lawrence Tynes",
    "493eeea1c7e24507a0f1b0894c2f4d70": "New Orleans Saints",
    "c16be87efad64656835baa8945dabe7f": "New Orleans Saints",
    "b0ccc05356a74dffbb8ffbee1c1f57fa": "Matt Prater",
    "3d506a78acfa4870a63dc046f9eb9790": "Austin Johnson with a 14-yard TD pass , Shayne Graham",
    "cc8a60aaa4094d7f9148b6aa998d8116": "Shayne Graham",
    "239196e4346248b2943a194f2ac1c459": "New Orleans Saints",
    "53b7e17c901c4d1b88815aa94bb62f92": "Corey Fuller",
    "ac776a9d320a4e69887a139b87ff9f28": "Corey Fuller",
    "3807ece861b048a092c328c5a56693a0": "600 - 710",
    "5ca9ff84255445848ab0bfb7627b6df0": "third",
    "027d05974e94430687bbe34621da4036": "Tim Wright",
    "7254ca5841064e938d1c29953566378b": "New England Patriots",
    "20386cb7c3d745bd852c66b9271cb60e": "New England Patriots",
    "b85317e197104321924b4dba560814f2": "48-yard",
    "03f881253bd04782885e25eb5de85a98": "Matt Prater",
    "f81f90f750cd4fca8103187a7e3252dd": "New England Patriots",
    "281c13b080994ffd90d2759521c1c6d8": "New England Patriots",
    "57dada0798884e0b820c9fabd4488abe": "Matt Prater",
    "270f0cef175a4a0ea8002d0d8cfc0edc": "Patriots",
    "184914cc206d4a7e8f459ece532a343b": "New England Patriots",
    "39e14b1dede44d9faf108de63188439c": "New England Patriots",
    "9f2976bae9ef4157813b2c3b3d22e946": "swimming and fencing",
    "2b9827f68e574ee6a47c6a170ca52ab7": "18 of the sports will be free for spectators , while the other 18 are kept at relatively affordable levels of between S$5 to S$20",
    "d89c4cdfc0cd4dbbbfd6c3554e874860": "S$5 to S$20",
    "9f146fc13ee04fd69d52318779d0d6b9": "Kansas City began to chip away at their deficit in the fourth quarter with a 40-yard field goal from Succop",
    "8ba7bdcb4cd0410aaed0aba0dc237727": "Ryan Succop",
    "dbd658a3436443e78905769943ca9a81": "Ryan Succop",
    "2d72ffb5cfd94e6287d128bffe9c07ec": "41-yard",
    "801b502b464a4cec985e2e33a709be9c": "Shaun Suisham",
    "e038b4fabfaa418c9addcc8c4a627de4": "41-yard",
    "8b1de45d16b7412db3339b2f6d388551": "Dolphins",
    "2af8b119364c4d80a727bd5a168406c5": "Ted Ginn , Jr.",
    "cc2d7023bcd84b35ba525d78077725b3": "Miami Dolphins",
    "b4f91f9c5f5947d7a61a90bba892a632": "Dan Carpenter",
    "743e6e989c4b4ca6a861a9a5ec8a0b1c": "Chad Pennington",
    "bb00cb51e0624237aecc394511ab12aa": "Thursday Night",
    "cfbabc9fb42645cb97111c9f7211d353": "Nate Kaeding",
    "e90091da7e1640e6b3b4c0e10a89cd8b": "Vincent Jackson",
    "79cb464655414ecd94fdf9d43da0bd12": "Philip Rivers",
    "bac391832dc441aea3072fcb9a32f503": "Nate Kaeding",
    "51b5562ad1ae476b8e85bc636f1c0d8d": "11-yard touchdown pass",
    "3ffe69fd978c4a47a19308c9762e6e17": "Vincent Jackson",
    "90ff4360819343ca99988bd4324f2da2": "Philip Rivers",
    "1dfbba75791145adbee915d6acb7b4f3": "39-yard",
    "79d2fa041a1d4a228ce4c2681362aeca": "11",
    "4eed2d3be65545a68b7acfe30940fefd": "11",
    "448119577ea341e88da7b4cd74daa678": "Nishapur and Mashhad",
    "2916dbf32d9a41418b587451cd956b9d": "Nishapur and Mashhad",
    "2ecfc7f12c4542e6a53d12a56e405653": "Nader Shah 's grandson , Shah Rukh",
    "e5d2099093ce42c3a5c37c81184185de": "grandson",
    "8275caa4a4db460285d3c753fe61ad92": "Durrani",
    "f18debb56261423f930a6cf00ab8ba8f": "1750",
    "51c626716f6f4f29b4350993cf131377": "Indus River",
    "fbc8a8bdd518485fa1e06d6f692a88a5": "Lahore",
    "a304317760e04de6a0e6d47c405ade58": "Deuxi\u00e8me Crus",
    "eaa6b3a3c2a445d49cf59752aa914b18": "132 gallons",
    "74d115c7b9a04a4d93fd4699a9225f95": "2,600 artillery pieces",
    "47b552601b524484956e9ea52c07e8ae": "anti - tank guns",
    "2c815337a1cc42aa9c7a9c3c71111a19": "the Americans",
    "710236f2b9e548efa7c4c7fd7b358a16": "a conservative - monarchist Senate",
    "8f27ad5183be42f3912588bc2f847c8e": "Friedrich Karl",
    "5b2f794bc32d42d19fa9d1e209f46418": "German - Finnish agreements",
    "159d5be3045c4f46a30bd6bbd61b8daa": "a conservative - monarchist Senate",
    "99c17efa07f4483eb518e1d13c189635": "Jose Madriz",
    "780c4f0f1df34d80a3f456193b4b52c7": "Bernard Berrian",
    "9fd806e832054b55bb4a468d96c93f2a": "Brown University 's Watson Institute",
    "e6f2d2c5efd04acda66cc73c44e11213": "$ 5.4 trillion",
    "6121dd7cf66b4282a5f956c8c93366b7": "Camprodon",
    "a52233182bcd4d4b86a36b94bc2c2c2d": "The Catalan campaign settled down in 1690",
    "c95e938c0c62410b9435df91035fe8c2": "1690",
    "bab7363c30f4422ea88ab7b965f7dcbf": "Charles II",
    "3cdcda02c6c3408aa006629be266e5b2": "Camprodon",
    "94c38f959c9a49cdb3d93bd25abb6c6c": "Piedmont - Savoy",
    "1c723a05d91f45d98cd506daf760d379": "Catinat was obliged to withdraw back across the Alps",
    "5b543c2557d642fdb04fc720bad1272f": "Highland",
    "6f7f33fa56e540a39a73aac427d91dab": "Aberdeenshire",
    "4dce4a5cebbd4a47a16f21d38ac10a7c": "Aberdeenshire",
    "e8eb4294c99e42d095cf7b4db9267d85": "Aberdeenshire",
    "591d6cccdc174071b23cf7cdaebdd2fe": "City of Aberdeen",
    "23dd71cf609a47229b059a5f58ea8f4d": "1584",
    "f38934ba28c9418d85d34f38074458d3": "William",
    "24549bf0ca7a4fcda0efa881e237f680": "Louis VI",
    "f34b2a1ce29740e995301110855b8a59": "Alexander Farnese , Duke of Parma , who had at his command the Spanish Army of Flanders , threw the balance of power in favor of the Catholic side",
    "0de6b8edb10e4a83ac6efac251192e57": "William",
    "6b336b513ba34dfda58d3a05ffa2007b": "William",
    "b5329616378b47ee904219f8b507688a": "Neil Rackers",
    "4ed47fdff6114d3db039c7bd0d5f4f5e": "Neil Rackers",
    "d70dc24b3643486b9e8ec6a9f8d63fd9": "Andre Johnson",
    "5a5285643a5340fd866b4a63448ec4d3": "Andre Johnson",
    "bb2517dc2d314b2ea51aecfbaeca75e3": "Matt Schaub",
    "a86b211cb4fa49e78740090b65fa099c": "2",
    "018a11f7ec64468b9e12d47f1aefa3f0": "Andre Johnson",
    "d8c9498a9d0d4d0c8f958791dfb46aba": "Andre Johnson",
    "9b5c9484bdc647aca3ca12b29cbcb008": "Andre Johnson",
    "c6b9860fc3214016a4d9395615a40447": "Green Bay",
    "7cf383db73064a8d83bfd1ef8f7be7d2": "Fox River flows from north to south in its first section . The Upper Fox",
    "735fab0396ed446ca1c49d3151ece3e8": "Lake Butte des Morts",
    "55b87f8b83964b52a30f6000a43c5817": "142 miles",
    "577054e733e34cfd93f7b9cef70bc61b": "Stranraer",
    "71b1e71ae6874397aa90625261b0ed90": "Milwaukee Bucks",
    "217f8e1b86324c5b99cfd16c6370405f": "Milwaukee Bucks",
    "15cccd35cfac4ad1802ca864bcc45e35": "Portland Trail Blazers",
    "44a737b4cb004bb0a6dab64360b1bc63": "Milwaukee Bucks",
    "fbb0a3dbc5cc43c19d6e9d1e493fbf24": "Jack Sikma",
    "dbb3ce3d6b934990b8eb312b59a6815b": "243",
    "ad28cde8a6c24c10836f9727a9c753b1": "sugar",
    "eab430a9a2a349349522914b21f81feb": "243",
    "05a6dd825341488fbbeec8effb144106": "Operation Spartan Shield",
    "ddeb3bae128a4b0baf03a29534c6dd18": "3rd Combat Brigade Team of the 4th Infantry Division",
    "8a949be860474e0db42b2aee636a8a96": "U.S. Army",
    "6ff16c053b8d4c15beb800760d1a05cc": "9th Cavalry regiment",
    "902509bcdcd1401aad5c30ee8659b832": "41-yard",
    "ec55efa803dd4003becf9c8464e35028": "four",
    "b3cdc6e2c0f14038a4269c30fe351495": "Jared Goff",
    "9133f75d06674d32860d59eeb223b88e": "Saints",
    "5d0052776e604c519f6c6c65db69cb35": "Joe Nedney",
    "f0ee13fbc991415191f4883050e816b9": "New Orleans Saints",
    "e4ba731edbea4177baf39379e3047502": "49ers",
    "6104ca9dc01346d6a65b6dcfe2d4a937": "Joe Nedney",
    "0339e530cf8641759cb7e7b3fc48ddea": "49ers",
    "8d4adb70290745b684d6da3a6d56a389": "New Orleans Saints",
    "34098ac392ce4105909cfeedecddd473": "47-yard",
    "fd7bf1292218490089893b74f74920f3": "49ers",
    "1b07f06e2d2148309aad92c845e4408f": "Deuce McAllister",
    "ec7c1673ebee4f55807888a2f653e159": "Joe Nedney",
    "cc114106c454481c82bac41cfc25170f": "49ers",
    "252e463e04fc4121b290cc53427aea49": "Deuce McAllister",
    "add342d013f04d45ad5db884bf09c855": "Joe Nedney",
    "4aa98b64b6b8444ebdce61c5abf1d20f": "Joe Nedney",
    "224e8ed5a32d460fa8498642acab79d9": "San Francisco",
    "1bcbb0607ca9428982bdf2ad8dbb2f0a": "German ( 195,842 ) citizens",
    "78f2f8ae96854e7191ff64cbfd1f8792": "67,427 people",
    "52bada770de5416296b530fa715be514": "Russell Wilson",
    "c823fe0bf6ca4379bf0d67b66276c868": "Russell Wilson",
    "54b46f2564b04c28ad4e799996e3a317": "Russell Wilson",
    "52039b484b324eec986f385de734d5bb": "Carolina Panthers",
    "6d20c64830154d059e427667257ebd6d": "Cam Newton",
    "06aaefc28a524b798ce17b166998a2cc": "Carolina",
    "ae51957b73d64bc2a779b957bdff1ef4": "Russell Wilson",
    "fa6ce3962afb4d3a9eb137f89df78df8": "Russell Wilson",
    "bf66e561f70b4c258c0f3ad31e987f45": "Justin Tucker",
    "9430e613ad324b08bcd9c479f27b724f": "less than two minutes",
    "d860fc290b474c11ae1fbf24eaa08090": "Giorgio Tavecchio",
    "58d0fcd7f47040d1b79a16b150a9e5bd": "Melvin Gordon",
    "27e14adf115541dcab4fbdbdad66b902": "Philip Rivers",
    "faa50539b6cd485aa1325b449997449a": "The father of New China",
    "f38d5a34d6a741df9ec678b602567554": "Xinhai Revolution",
    "828d013b4103439ca576ec9ad185df2a": "Taiwan",
    "4968fb15f2034a81b3fe9c9916c23edd": "Edward Blore ( 1787 - 1879 ) , Edward Calvert",
    "8a95203a887046c79af8c7f6080aa5a8": "1-yard TD run",
    "e255e4291ee94388b65efa4773341e4c": "the Rams retook the lead with Wiklins getting a 53-yard field goal",
    "977c26bb854c47ac8429fce7c19117e5": "Marc Bulger",
    "cfa925cc58974e96b25b13a567548428": "Joe Nedney",
    "0dd088682c00408db7e48a8dccde1fd4": "Joe Nedney",
    "3789ecc5d7da4422a1c9c13c8213d916": "Joe Nedney",
    "74b9d7340a184c44bfc35b8c4cc819fe": "from 1915 through 1942",
    "b66a9895c4884364a7de8356e69ff01f": "Montana Pinch",
    "d39cc65f962e4af19717ebc97ba4f8e7": "Troopers",
    "496e298c05d14af49639df81397ccc71": "10th",
    "db333d36be9d48a3b8925d42d92295e4": "females",
    "baf35b06609741059f085cbe194c03ef": "23.20 %",
    "cffac42bd2bd4274be598fa2278e085f": "females",
    "7e71edb5f77248319fb23d202a98e0cb": "14.10 %",
    "35c5300cfb1f45b4a182ad699bea04b2": "23.20 % under the age of 18 , 7.70 % from 18 to 24 , 27.00 % from 25 to 44",
    "f465591c369d401a96843796bc8b1121": "23.20 % under the age of 18",
    "f8b5017143c14ba1b878bc8940b67e20": "females",
    "b787550d38804e9aa72bb26f3d3e27b1": "23.20 %",
    "936c35d2fc5c41e09d39d2e8505db256": "23.20 %",
    "0582be668a184492894f2328e6152174": "For every 100 females age 18 and over , there were 96.40 males .",
    "6d6947d225fd41f9adfcc4f3f441e2ad": "females",
    "4bd96ae2310e44358ad0010b25b955ca": "14.10 %",
    "08620a6975ae4ceabbdfbee3a0f6f7b1": "23.20 % under the age of 18",
    "87c9618fbb9346d39a6d9234c62bc9ca": "females",
    "940020a9434b4083a27dafca1bee8a00": "23.20 % under the age of 18 , 7.70 % from 18 to 24 , 27.00 % from 25 to 44",
    "ba37f45fd5a845aa97b145ddbd73c3e0": "23.20 %",
    "91a4c62448ed4de2946f5b8bf1aac073": "females",
    "a7e565480b794c8ea0cc63eff9292526": "7.70 %",
    "c99281fe2daa4d7982b16906806bc1b7": "7.70 %",
    "8149705cc9cf485885c2320aaf5f8180": "28.00 %",
    "3a3e698827e240478abbdf157d8f5f1c": "28.00 %",
    "6f8d1d5434874248873c9825c4ef9baf": "14.10 %",
    "852f55150fa443278aa04521a235f811": "27.00 %",
    "168761e2dc344d27898fd2ccf71ac6a8": "females",
    "6b3052b485914cdf91122b3e6b79ecfa": "7.70 %",
    "0eaff0b9d3b6481da2a2d81f394ff8af": "7.70 %",
    "f18c98e54dd5469da9fa4d88a00d5ac9": "28.00 %",
    "55144cabdade4cbabfe2d6c7f5242251": "28.00 %",
    "3ce2f5457b7a48f989af6135d1da1fce": "14.10 %",
    "f386f2d42fda494ea3d3188656db9f50": "German Coast Uprising",
    "e2367a1f4e0746e7b7c0e58ab02d7296": "all of the Louisiana Purchase south of the 33rd parallel became the Orleans Territory",
    "1b6923435aa045b2b235421ac3ef51bb": "Florida Parishes on the east side of the Mississippi River",
    "9762182d34e6450aac5ae5ab09774c87": "A strip of land known as the Sabine Free State",
    "37d385b6f93f4171bec4e1c81b8cd1ce": "1",
    "f51acc6186cd443eaa8c7df20b2cfb04": "23-yard field goal",
    "2f28eb21bf9645159a9dce5908e048d0": "23-yard field goal . The Panthers tried to rally as Kasay nailing a 25-yard",
    "5d0c8bccc37542b2b2615882f231696c": "23-yard",
    "d4ea4168a6cf4b2d9f8ed848e3b98183": "Carolina Panthers",
    "d50ba6d6e7424aa49d548b5c3d526656": "Terrell Owens",
    "4e7be5e01ed34564b4c02bf69aa67b62": "Terrell Owens",
    "4ec145ede2b24345865c8858afe694f3": "John Kasay",
    "8c018d000a0248d0b8ff1e65734c13d2": "Dali Kingdom",
    "2be8ce59cc0e4c6d8d0383646d496a28": "Burmese",
    "a2cb1abaa448433a860f136dd0c5383c": "the Burmese",
    "1dc04f63cd614a718d92e89db4553eed": "Dali Kingdom",
    "f0cc6606115a4b1e833c638331f09ce4": "Bray Wanderers side that won the 1989 - 90 FAI Cup",
    "8e53968ec68e48bdbaee3d7b3cab7684": "B team player of the year",
    "22ea273a5425414d86186a68a418fbdd": "Dundalk",
    "d5439e10dc3545b3b172a68dae8c13a9": "B team player of the year",
    "fce4f2153ecb4ba6832e3a567fa29a5f": "Bray Wanderers",
    "83ede3d1259443b69ccebe7d71b39309": "a squad member of the successful Bray Wanderers side that won the 1989 - 90 FAI Cup",
    "0357299ab9964302b9a2163a0269243d": "Leinster",
    "fb53804fbd3e47ba8db46c47e8f2cead": "Trabzonspor",
    "d1d1ceda5007483e8d26809fb0bdebd0": "Yucateco forces",
    "62ecd8a185694ebe8d2c8198e2b9ad9e": "Yucatecos",
    "61872716dfc744a78245f6ec72374319": "occupation of the Maya capital",
    "4c23e3bd00994be28c4f70e68340e929": "Chan Santa Cruz",
    "084fe24ce96d428a99abdcf61f1addb5": "French",
    "d78eda77568b4a929e7069a078eb99fd": "French",
    "b796fcf5a84146618fadfe9a680444a6": "French",
    "7b1d66181a9943ae8ec9c3d6e836224f": "149,937 households",
    "1bde8c5040c34f5da218cc7fdf856496": "Race",
    "7cf5d4e296234a64932ff19da2bff689": "94,460 families",
    "e22b50dbbbdb496e87449fcbaf26c19a": "94,460 families",
    "399df7e9b6e94d9cb8cb389de349dd94": "94,460 families",
    "300933d5d3a2469a9c47044106125476": "94,460 families",
    "5bc2f0f1bbea467481ac4dcd9c5be23b": "French",
    "f910bf7a11ef4f36b17ae16671980ceb": "149,937 households",
    "05056b66fed34ac1ac63dc153dff5b58": "Race",
    "93dffe42e3034e24b672334607839acb": "94,460 families",
    "a28d14120d074df7b6e68d15448b8417": "94,460 families",
    "7ca6b40fab7b41678143f169d9839427": "94,460 families",
    "fa3f783e034f43dcb6c8143bfa9eec86": "94,460 families",
    "94ff02057a3c4d159b7b0689a4e204fa": "149,937",
    "de5dd3f2fd27413bb8516bac680c2ab3": "French",
    "1c925dda0f43475488cce9745a217e80": "French",
    "4ad4ef12140642609b031b87994c7161": "French",
    "aaf30ec689f04e67b04875afd3520cae": "Jabar Gaffney",
    "851622199695470a81a87df5e4f76890": "Rex Grossman",
    "b33165963654432fad68fa6983c85081": "17 - 3",
    "4e8da6b622b04ccd8a3a951f4ad6867d": "Santana Moss",
    "228eb705aa8546c0aa13fdff54dd8d9c": "Washington",
    "2c576cc190fb489fa6d62c09b7f742e6": "Giants",
    "b4c99ecc3d1d444aaa5f16a4cb7e71e2": "Jabar Gaffney",
    "4fcac52dcd6c4db6bda774339264558a": "Kansas City Chiefs",
    "fb0c16165ff14aa6b0e2c23f300b0f6e": "Matt Cassel",
    "6fe88fd1d6ca4a95b990b9e4c858165e": "Matt Cassel",
    "3f581b8805e7457690bff410665c6139": "Matt Cassel",
    "ea73ae44e818466a9f7f0a17a301cdca": "Green Bay",
    "647de6c03bc14ff6b185ae9c4fe1cbcc": "Packers",
    "33c7a782a1444266968056ee5eed6bb6": "Treaty of Lausanne",
    "d92c9b82174844f1bea843b34164d06b": "Billy Cundiff",
    "38b9864d77c64c37aee5d3856c237b9c": "Baltimore Ravens . The Ravens",
    "9547f82502e44a0c84e42c182c8b92f7": "Billy Cundiff",
    "2fa174bc9dc3464ca91d707ed82b55af": "Universitario is the most popular",
    "dc9233a08a854f3db9639d7067a91c5a": "Universitario",
    "19d19eba984a4ab09d4ae352adfaf938": "48.6 % male and 51.4 % females",
    "234c9a9edbeb409eb81f62f876a757c7": "48.6 % male and 51.4 % females",
    "fbe6f0849be647289747064cb4c60b03": "48.6 % male and 51.4 % females",
    "8452c240982e41d1a56b3b12e09b9adb": "48.6 % male and 51.4 % females",
    "e76b9f764f4542558f9fa3745a66ca75": "48.6 % male and 51.4 % females",
    "bfc5e52217c74b44a0cbe2b286987495": "24.6 %",
    "345b0f5192d14c69a82345ffa6dd47be": "females",
    "69177ae9a3c341f7b46c2409073104a3": "females",
    "999425cd47074bbb89843a76e9f3522e": "7.9 %",
    "677d55ffa96e4a46a045a998c1651b6d": "7.9 %",
    "de30b63416784285a29fd9b5d6ca0a05": "24.6 %",
    "d4b00eb800d74846b09e17205449bda6": "Theismann",
    "07bba979a6c748ed91f31675ff3b4119": "Theismann",
    "e5ddafeea04349ff9cb72b72341745c4": "Clint Didier",
    "90de4448bba64f678373407a545c6927": "Theismann",
    "9204f7ee6b5b4b24968e5ff06c030e42": "social unrest",
    "fd53aa8687f0457dbda23c7899165330": "Sebastian Janikowski",
    "36518006c8744b149dfc2dcc2ac8ae3a": "Billy Cundiff",
    "419dac24b2634707a6f067e63e5149e6": "Billy Cundiff",
    "57ed1255f49d4a12ba707276a1c4e024": "Sebastian Janikowski",
    "4dc9fc1d787a40a89dad3d32c68248da": "Mark Sanchez",
    "c171d65d4dc2470ea373fa5bd2d0ae5e": "859.9",
    "321fd44e65574b0b99f3e5d7adbeab36": "29",
    "19c8319c4a094c79a40f18d975f0baae": "Germany",
    "66a35d87fdc445a9be0ff6967d793820": "German people , 13.1 % Irish",
    "7a2b647e46ec47cb8bf99b7dd386d3df": "German people , 13.1 % Irish",
    "d38520f0dccc49448b907e727ba92be6": "German",
    "5c124cefa73842c58db455a2d5403d04": "German",
    "a243c6f70a154e15895894522d448cf1": "German",
    "60afd4a97a9d4de9baa7133166c891ce": "German",
    "d8f8c269fe00413aacf9fb9e54eabc9b": "German people , 13.1 % Irish",
    "bec375ca86924bb3bff9e6a40a25c4db": "German people , 13.1 % Irish",
    "0b2acd24b1054699a7a0cd1a3ce4d451": "German",
    "660395b7e3b042ac87cf98b1ff4df38c": "German",
    "5b993b621c6445c7bff5251558305722": "Irish",
    "1b8584b4144e4dbb83f17066fdce335a": "Irish",
    "1e8ab2f336214bea97bc8a00aadb827f": "German",
    "121627574fbc4379b29b24e43f0e04a2": "German",
    "50104ed9112b46e7b565e2b0133cdeb4": "Italian",
    "2e3ff1fe50734e5396dfad3487b7d954": "English",
    "c906e842a6274ede9dbdc224498a6f85": "1432 - 1438",
    "ab4359ce33b24dc58241a01e825dc818": "eight",
    "68e3eb80c26248bca3d3b2b3e4f67855": "The war",
    "00be0b637270427cba063ea83df57735": "\u0160vitrigaila",
    "949ba8216c4241e18d6227fe557fdc7e": "1991 - 92 NBA season",
    "6742aefe084144b39667de56d9ca6649": "1991 - 92 NBA season , establishing a 67 - 15 record , topping their franchise record from 1990 - 91",
    "8c0eef0729d34171bde30dd9fd94e190": "Carolina Panthers",
    "40ccb760b03040adbcd635f7e46282ce": "John Kasay",
    "c20898335ea845febeb3b2b3bf88ebff": "11-yard touchdown pass",
    "80a88ccc6b3240f7979c36783480ec38": "John Kasay",
    "18fe76dd11ad45e996b74b0ecd64e21f": "John Kasay",
    "650f17d0c895400ebb50cd7954756a0a": "Matt Ryan",
    "e7e7cdb49d1e49a28e1a106b8f559264": "disease and war",
    "46b4483efab44a37b379320144b021e6": "disease",
    "57475ceaf9d641559f78b4233e4cc3b5": "war",
    "06a0f358df024aeaa44dd22c0536447d": "201",
    "f7826ad3e633417ab5af021d9dcb4664": "Kawajiri",
    "c56519894ea84e8fa220411f1ea64a39": "1891 to 1966",
    "d62789be4f2d47ecb3a09b808355de6f": "family",
    "ee20b0a2d715478bb88b5bb77beb1dff": "5.6 %",
    "243f2d84b054431c9097fbf76c15ae70": "25.9 %",
    "5ce05c9137a34749b4c9f967eb7bf66e": "20.2 % of families and 25.9 % of the population",
    "c56b6b95c5934a69980846f4a528298e": "females",
    "2c1db5d35c6f452c9ab0e686ac57686a": "5.6 %",
    "25860293dafe4c91a45209a4adada52b": "$ 41,158",
    "9f0f6bdf56ca49a3ba158f0568755925": "second",
    "100f1cb82ed64603b2e3a1cc6950ce6d": "first quarter the game was tied at 7 - 7 . In the second",
    "c1fb987af16848b186022ac93ca5d6f7": "Indianapolis Colts",
    "6605b31d9aab42cc91c9b743f53e5d36": "Josh Scobee",
    "8f8633950587420a9998b914785185c9": "1932",
    "168d3a5a482c446f930693405f496e83": "Jamaal Charles",
    "2c1e6ca6695340328de0a8d5d0b18dcc": "Loyola",
    "ccee26ffbf794fbe960addedc47b3f97": "Denver Broncos . In the first quarter , Detroit",
    "8ce0d90e5cb3434aaeb144236f3beb33": "Jason Hanson",
    "a3b9d6cfef444bd38e9e0d74fc4fa397": "Denver Broncos",
    "1bad87540569443694f54eaa254e39d6": "Magnificent 72",
    "073708b42c1246cdb94fd2f0a02b279c": "Magnificent 72",
    "cc8d4f248a014da0bace15acfaf3073a": "major economic depression",
    "ea86f9bb76bd4d18b758798baf2ac438": "prohibited \" Every contract , combination in the form of trust or otherwise , or conspiracy , in restraint of trade or commerce among the several States",
    "2ad2c3b713964cae80e5d20ee0776666": "United States Army",
    "e9048d2bc1b24bdc86e6a05ccdde9e11": "United States Army",
    "86807538fc764c3cbcbfa4525e277533": "During the major economic depression of the early 1890s",
    "7124c83bede64bf3bf0b9c8ec54546cd": "During the major economic depression of the early 1890s",
    "219997e11dfa425493b834ecdfd1373b": "major economic depression of the early 1890s",
    "2d12d89e1ef945d3ac1be9c7b90fc548": "57",
    "788a251fc39d4e4ba6aae09946feb276": "38 percent",
    "9a51c558b8a54e628f592958ba31e5c2": "business",
    "f2def94c64554ade9068e7843f8cbd24": "Europe",
    "7e9debb274804a5786b3b06a3078942a": "social games",
    "420a5da80cb14ac1b1baa4e9164a1a17": "North America",
    "5fb6e004c9e54a7e91a2ae221624649b": "global",
    "a76162c75aa54721b971f3c05f31205f": "Europe",
    "ddd64d5ee2e345d3ab4478186ba3babe": "Europe",
    "937deb5a0a824277b10d19b7629a7d67": "mobile games",
    "7a8300cd298142579626ae3cb3a12702": "mobile",
    "0f9837da63ff42c7a9bf9f04f565da0a": "mobile games",
    "35c7e79622554fe8997bb2023b54dc30": "eighth",
    "8c6709480ef249048cf789b3af33f7d6": "2",
    "3e1fb7efc069477594fff5957907c88e": "7 % national agricultural exports , 60 % of national Basmati rice",
    "dd99c14745064c38995351ac2f0ae2f6": "60 % motorbikes , 50 % tractors",
    "983e72bc0cb44fcf874016fee9d95e71": "0 - 4",
    "cedb4cdf4229489a92ca4e0df9464cb7": "Calvin Johnson",
    "01fbcc4c9db54f7187152504b7bf2c2c": "Charles Woodson",
    "bd7ac42c1368415eadf0e8c483e2b321": "Charles Woodson",
    "66d7b7a0d82c4f99a603640713e9e600": "30 - 14",
    "af01f9a529774795a8d0ae3229b0e899": "Spanish treasure fleets",
    "6efd8f1d8bf640c4bd18763dc20c5500": "precious metals and goods",
    "d8cb79f1b3974cfe8124a2e913229baa": "firmly in control of both the sugar and slave trades",
    "9512aabe1e614a898526130b36ce588b": "sugar and slave trades",
    "4cd2af70715049d7900c22c33e14f1cf": "Portuguese",
    "fcca08edf21749d7804a75f338d37978": "Spanish - Portuguese expedition",
    "c9cc213da5b14713bd480746bfd816b9": "West India Company",
    "6b04c0dc6c1840378a9452d2bc21d26d": "sugar and slave trade",
    "1484c5a41d8e4e9ab1a4c6c6e443b9c7": "In 1628 , Piet Heyn captured the entire Spanish treasure fleet",
    "e32582e5a4d84b208020792e50c0aacb": "The Steelers scored first in the 4th quarter when QB Ben Roethlisberger",
    "0e7cd0e85bc246f890c54ab2a58564bb": "Tom Brady",
    "c54a1e62634b48479f41024459c3abf7": "The Steelers",
    "66a9024687504019808b438c428c467e": "Ben Roethlisberger",
    "730bf6bb04874d1c8daee5dff69d10eb": "Ben Roethlisberger",
    "ad6dfc31f3504a0585471c9cb917e8e9": "Tom Brady",
    "f5754925c48f4d9b8016d8d79a91753a": "Carson Wentz",
    "63133c5b7142422489b4feba79e22d68": "Allen Rossum",
    "b5b3813957ac42d6a76633e12f24644f": "Arizona trailed early as 49ers",
    "f3c2df02d7e34ee48480802783ca8b12": "Shaun Hill",
    "7d0d507e93974aeeb39b060d45549d4d": "Larry Fitzgerald",
    "232d5e89315046a3aa7b0c6d0170c720": "Neil Rackers",
    "9ab4ff1f5d4a49889637b5adddf766e5": "Allen Rossum",
    "118ed4f177444dc7b6372570f65de60d": "San Francisco 49ers",
    "4220dfd94f2e4a3cb8196b4f74fbe8af": "National Park Service",
    "444949c9a7d14adcb3b0a20258fda1a0": "In 2012 the National Park Service designated the battlefield a National Historic Landmark",
    "06c3f3be52704030ab1ad957b434a024": "Don Mueller",
    "3f45c91aa4fd4170bc92a5f0eb7ec274": "Lawrence",
    "c05b0621b6fb42ffb113f620563695b7": "founding of Baldwin City",
    "1298983a5ff7437abeed654c81d7a914": "The Packers",
    "336b2a25195e4bb2a6cb30b2c6b9af70": "Eagles",
    "dc0354a9c1db45fd9a336b790c710f8e": "The 24th",
    "2659e8e34ec54291b9052b3ed0f74e35": "the 24th took the surrender of forces on the island of Aka - shima",
    "566317b0c6234f02ad23184eb4e45693": "11.6 %",
    "2fb4eac985ac45d0828b94b494e7453f": "10.2 %",
    "67af001e53b642079f3bea1abf806178": "10.8 % irish",
    "e94c50df8cfd4c0d91d67e526e82732b": "english",
    "b4b956a92e514f52b72c6789a8af89db": "english",
    "9ab5ce62eb0e48ffbac41b2c64bdf744": "10.2 % english",
    "b36f4d6345f54129a217be160f617a29": "10.2 % english",
    "0e5884e8a872447782c41c0d63b0dc5c": "german",
    "2e73c8b71b414834bd42446a667ddacb": "10.8 % irish",
    "6d3575696a7549b99921fbb78bd84cac": "10.8 % irish",
    "db1dad23072a4858bff2d901501b4bfe": "german",
    "a9db25a8a6bd49ae87a13066522e3795": "10.2 % english people",
    "c285e63d502c4d6789dd6391d8234f4e": "italian",
    "4993a24a893e47dcad2187e3a0e2e727": "italian",
    "6b4902e932684b8789cb2c2e9010af74": "10.8 % irish",
    "4a8748190ebe49929a27a7736ea53e61": "10.8 % irish",
    "b896f99b35234eef9c0be6573d969160": "german",
    "a69b270e5cd5496c810fbaeb5c2bcfb0": "10.2 % english people",
    "47471a2d473d4cfeb36125c1b88ee8be": "german",
    "752008fad79549fba66a79df3da10d11": "german",
    "11afd7be363d4db4b9e4b91eb4032b50": "english",
    "5268a2e17eec4a9baa4e0105d1fac3be": "english",
    "df5a65ef0aee4294bfdf440aef41c507": "italian",
    "6ca4640d637d41b08ce86d4b36b85c3e": "italian",
    "65cb53a165ff4a92a9bf250208701d8c": "italian",
    "ddc462346c96443bb19a7533d323c60e": "english",
    "1f3d7133c92449ea80bc52bab6b188de": "english",
    "59d6803c8638417ea84f7e2316c0fe89": "italian",
    "31e82a9c140e4e27bfe1df42f73d676b": "italian",
    "71ab2afb42be48b4ae397e05718d986d": "italian",
    "1ac2cb661fc748c5b4b3d4c9af18cd5e": "1 - 2",
    "f47815874fd241a7b99ffdd3df457018": "Steve Mears",
    "59776a87560e45d4adab4684cc521551": "Genoese corps",
    "29f7af74a23248908597e9812c411e43": "The Ottomans had a much larger force . Recent studies and Ottoman archival data state that there were about 50,000 - 80,000 Ottoman soldiers",
    "dab03efe3f39411cbdbcc02e71f04c3d": "The Ottomans",
    "e909b8bf7749475a9972c53f57fc4091": "Ottomans",
    "2b60312146fd4f23b5d40ebcc071d360": "Oliver Wendell Holmes",
    "ffedcaf2a528486db17f535213464130": "unions",
    "c978e38ea7ae4a69883bcc24ff8448f4": "the Hatters ' Union instituted a nationwide boycott of the hats made by a nonunion company",
    "195094b9d380401c8fa5d7bd70b03e6e": "antitrust prohibition",
    "606fddfe3adc46ffb39098fcb44e7cb9": "Norris - La Guardia Act",
    "2fdb0778d9524eeea502a827a9c2c681": "Norris - La Guardia Act",
    "a7d73f15d3334a828a7b54c88a4d99f3": "Oliver Wendell Holmes",
    "69d5cd9f30c1415a838380d90d3078c2": "1980",
    "bc2779a4aa904290b7651997d45fb72b": "British Columbia",
    "147fa575549e453d9cb81b59bdac6d8e": "LaDainian Tomlinson",
    "63a72aa98f294a04b8f533b40dc505e6": "LaDainian Tomlinson",
    "058374d9e27f4c08ad7379d612359d25": "LaDainian Tomlinson",
    "ad88ae368dd8482ea1f4376c18ddea49": "Ryan Fitzpatrick finding tight end David Martin on a 4-yard touchdown pass . New York pulled away in the third quarter as tight end Dustin Keller",
    "e300d356a4c3403cb761f92175389229": "Mark Sanchez",
    "347fafe1054347ef90d2cb7f7cb2f4b1": "US Coast Guard , U.S. Customs and Border Protection , and Federal Emergency Management Agency",
    "6da484f4a130432087e794533ec44eed": "$ 83.2 billion",
    "1bae3ed7026d4dee8d0a61b71f6b5219": "6 - 5 on the season , 1 - 2 against division rivals , 2 - 4 on the road , and 11 - 3",
    "b99694cbaff04b2bafe711de8cac7957": "4th Reconnaissance Squadron , 10th Cavalry Regiment",
    "78b299189d434464a6f26b0b836b3464": "Fort Knox , Kentucky",
    "5a4e7eccad0b4941b979aafceaaa8da3": "Keenan McCardell",
    "9fe56f01c0014a2989438ee9de72c35e": "Keenan McCardell",
    "51f552d6a17e4aaaa4227aec34863abd": "Keenan McCardell",
    "a03b9b6c706d450b9ad4c480b82046fb": "K27 turbocharger",
    "2a467cfa717d426c90937fea1e370fed": "1,212 kg",
    "d79073048b804d818bb4bf6b843bb9d1": "German ADAC GT",
    "c2c2717a69834668801cf391ea05a5a2": "Protestant Waldensians",
    "c4021e2c8f364222b37820ecaad9a971": "Marseilles",
    "ca78e613b2544c2abbc55b671f87ff15": "crusade against the Waldensians of Provence",
    "e16b29ab08c74241935e37514c4eebcd": "second",
    "7311d723f93e4417ab61b91c002068e0": "41",
    "2e57b0718916415580d7c1855f3d9e4a": "Washington Redskins",
    "2be7a9b1d0c748c58e301acf5164f01a": "47-yard",
    "1d1097191e7048a6a19ca3fa256ca6cc": "Baltimore Ravens",
    "3270cdeae47a46639f61645d6414f452": "Dawan Landry",
    "0e99eb3aa6f34e7794ba5fc36ffab838": "Dawan Landry",
    "edb213e6ad3f42539cf049175e451f1a": "Dawan Landry",
    "3fa04cea431b4ba28749a486b1e5f4c8": "San Francisco 49ers",
    "a5cc76ab32134daabf4188f2fd762c12": "San Francisco 49ers",
    "25e316a9fd6c4f56969784892e8f9bac": "Shayne Graham",
    "b408614162524d8fb1e89b0af4136111": "Shayne Graham",
    "f4066721a0df47329a5d41d730abbb15": "Shaun Hill got a 3-yard TD run . Afterwards , the Bengals would take the lead as kicker Shayne Graham",
    "2304584ad453430f86bcea8e91961e4e": "Carson Palmer",
    "8a3c6a36a68e4649a98b4c14582dbd3c": "38-yard",
    "2d53eaf5b1aa4db1871faa277f43f430": "5 - 9",
    "e8e9fdd5987d4683bb9a95f8952adc2b": "San Francisco 49ers",
    "f0e1da082f3e469b89be6a19d23bb9ab": "Shaun Hill",
    "1271a5f114894ec18a597446a8fddfb8": "San Francisco 49ers",
    "cb9a3fa7d2d94a1197e4a585636acb14": "San Francisco 49ers",
    "65899b3dda8444bda384ed1f174d4946": "Joe Nedney",
    "54e35c88861a49519a62d5b658ab577b": "Joe Nedney",
    "8d4a613cb6ad4fdabc635e8bfbd38086": "42 yards",
    "461ff573d2764b6d904ab0c6cae10f00": "116 ( 0.47 % ) are Green Party",
    "79b13373e4e64d5f9a14995df7921b1e": "Republican",
    "90797279dad34aec9ec694f41c46d594": "Green Party",
    "a3a48846ddad4272b3279f2fcc073de7": "incorporated",
    "d69493cd16884391b5ed6ed61bae18bf": "incorporated",
    "c838d8555fa74935abca3d523440d60a": "Republican",
    "02b6908ae6ca4624bfdf4f973bccec69": "565 ( 2.28%)are registered American Independent",
    "37575bca656146979a7810ce3902e9b7": "Green Party",
    "e6e95c3e766541ffad0c7a8f08600617": "116 ( 0.47 % ) are Green Party",
    "959941a0aa8140729656c95847f3ef00": "7,477 ( 30.23 % ) are registered Republican",
    "bc5481ff15454072b5d8c7e7d167d4bc": "Justin Medlock",
    "370507d17d224946add595d4a920e01a": "Major Wright",
    "058faadd6ea94a72bf3b07583f447722": "Kellen Davis",
    "be02dae2b11043868c6640f6390fcbc1": "Matt Forte",
    "d94d137daf8247ba84c49758db799051": "Matt Forte",
    "c853f8650f4f409aae70b35af9a41c7f": "Matt Forte",
    "7b9384baaba347cb9f90dab024c49325": "first play of the Panthers ' next drive , Tim Jennings intercepted Newton",
    "fbe514156b174e1ebf3e3f10c70ffde0": "Matt Forte",
    "a72dfc6fbbc84fb09c4a43a097e078fd": "Matt Forte",
    "dcf68045b0a240c88e0e84a236a88efc": "Gould kicked a 41-yard field goal",
    "0f15dabb42674267a03b05a0665ee42a": "34-yard",
    "c047e0c54a8645a78423cb4da0008595": "Justin Medlock",
    "e175fee864d3401690cd8c5e443387f2": "Matt Forte",
    "5d0832f361104cb286d0364ca28ac6eb": "Mone",
    "ed4f98c624894258b7b555fac8692a38": "Roberto Aguyao",
    "9345f3d6995148db93472af4da3f7956": "Roberto Aguyao",
    "1298d502b6dd4a39b1d9f2952a4cda26": "Chris Conte",
    "8112dce5ed894e81bcf2372b742995fe": "Aaron Rodgers",
    "d48f577c87cf4d21b9b5f4a14caf3659": "Robbie Gould",
    "909f460754ef464ab7d24521e58dce62": "Mason Crosby",
    "05bbdde98cb04f9bbf69593d090911df": "Gus Frerotte",
    "863b2c6643af4f5b8507549231a12ab0": "86-yard",
    "2778ab8718454685aab8e062cf31a845": "Gus Frerotte",
    "c08d5c1820084294a804e4c7f5ba058d": "Northern Seven Years ' War",
    "e5c747c95dad41a082f40391645811ff": "the Treaty of Stettin",
    "f8cebab14ec24a458494638e05867534": "the Treaty of Stettin",
    "1f7edebd2fa8472d95d0a8750ff0fc0d": "Northern Seven Years ' War",
    "cf223282fbeb46358aac9f7b94f285f2": "Northern Seven Years ' War",
    "fb6554b5c86a4212a15cd4d5c6dea1ed": "Bears now trailed the Packers in the all - time series",
    "ebefab6db930402c8c985dc26e395480": "5.6 % had a male householder",
    "a8c8c69c43a346348f4288798aab6091": "40.7 %",
    "913eebad8139410c9a71b1bb25e48ef9": "17.2 %",
    "cbbe060b7ccc4122b72eb5d71b3402e5": "32 %",
    "83fd2912e1bd4f6fbe83e7b2d7c4a715": "8.3 %",
    "e7b60a93c171453b9701f0bb63d59926": "family households",
    "8aec906c6df8477fa0cb0d631bc61e7b": "family households",
    "b08f0e7ccf0e4516a538c8d99ac96390": "family households",
    "4b4c534ecc0440009eaf46b2585e0d39": "husband - wife",
    "b9fc67142df0474794654cd3a4779731": "husband - wife",
    "08c8cef8877048269946f4ef106b52b8": "individuals living alone",
    "27cf010766124d9586460a8977bd379f": "individuals living alone",
    "8bb6985d69e7448ba7fafe871f6f0262": "36.5 %",
    "fa27e34c0e4e4320b7686548b1ed96ab": "36.5 %",
    "d963d24621a8404285ba7094925390e3": "2.42"
}
